R,I,A,S,E,C,DI,TP,BD,SA,RO,SERVER,STORAGE,API,UI,STATE,BUILD,INFRA,CONTAINER,CLOUD,STATS,MODEL,PIPELINE,MOBILE,THREAT,HARDENING,TESTDES,TESTAUTO,OBSERV,PERF,FULLSPEC,role
0.4693243212310863,0.8552227530340523,0.36368184086311317,0.3241151077498862,0.32467437759693196,0.816410858452139,0.4746381050847837,0.7245884018282803,0.344740327520431,0.36784786209374526,0.4958298273873418,1.0,1.0,1.0,0.07505869485768442,0.022488393752740185,0.47614286006323686,0.4634397778582453,0.4295975061793085,0.4865256974963691,0.4100778172114319,0.3612836503948973,0.5399867942121644,0.022880869002818813,0.20738680632402137,0.251557797782321,0.25662986430640455,0.21583918420590503,0.2263393652131773,0.42846517893192715,0.13181910371926334,Backend Developer
0.49540002663326643,0.8089810733212132,0.3858345904085799,0.3094471957990494,0.2774286232500923,0.8273934106725347,0.5076458222803469,0.7045188813915634,0.34241025984183754,0.3676759341789717,0.5192140464849782,0.9735812192016682,1.0,0.9959468390872764,0.021633569770030982,0.06266245944508028,0.5411910343109413,0.4540272754412237,0.45266319326049864,0.47694210391022585,0.40329953908542054,0.44820666071425386,0.4377024345198153,0.08391612982660712,0.15677075116806885,0.21884982029688493,0.21535294255325077,0.17712163137081788,0.24210000196525344,0.3587953452197388,0.1514879278774507,Backend Developer
0.4787760899464064,0.8313269751700296,0.3084209313795536,0.24101340707342347,0.2761713933079234,0.7565825335196437,0.48783706437329627,0.7247167823629797,0.2714987802191631,0.3810378770785678,0.4871334567780353,0.9885657617537028,0.9485964812053389,0.9874671650868948,0.03855508432519579,0.0866249157319472,0.4562148992533785,0.4618976230652408,0.44623865616150027,0.49700075809012445,0.44453170841257894,0.38071059758339115,0.5142358080710222,0.010569343472146312,0.1947553927146037,0.28999948425520655,0.21095038821855816,0.17416808677871154,0.26657448336715156,0.36236334469817827,0.19004972032373033,Backend Developer
0.5191519783803946,0.826133088416991,0.3680610383024724,0.2912490653076994,0.3206010505302387,0.7506048239156918,0.5271566407370125,0.6377283788022212,0.37848746630508145,0.41067984387430834,0.4886284708892318,1.0,1.0,0.9476880037298769,0.13164505128326023,0.10288552215406667,0.6175892921816367,0.5065908411454683,0.4769758938766153,0.47989842856029524,0.4280664185122909,0.38849322914330653,0.5411172061731088,0.07406639337242117,0.18805953929899785,0.31576764676946656,0.11935275481597793,0.1935114954611323,0.30022607674081736,0.371897510856622,0.09668768084706006,Backend Developer
0.5429777253407118,0.8243539425349374,0.3800204784085384,0.2811343196462429,0.38744808272595016,0.8166807017493182,0.47472321365051345,0.6720448599641776,0.38030116556834453,0.4394493358110241,0.5022606221793476,0.9776888608061569,1.0,0.9645033832921267,0.1537778152532792,0.07061864726607875,0.4738680794460532,0.4289853321054653,0.4306111668682706,0.49803615583852606,0.4137730993759663,0.4234855929932286,0.5177829926115791,0.016059557639372404,0.29413537623059477,0.2355295573286003,0.19585934579748543,0.1239032820747046,0.24677838701500118,0.361896027655644,0.10263116424424754,Backend Developer
0.4674523430076122,0.8069804291990246,0.3453065808359692,0.2482336331051622,0.3389853205681577,0.7476154475546775,0.44088310485625376,0.7115951736233712,0.38384637050961135,0.41222095864906483,0.4910445097857516,0.9877844552318363,1.0,1.0,0.07699397007371622,0.08889525203453928,0.526410887705812,0.445912102056277,0.468992973944204,0.48791853312037736,0.4284662072648616,0.36435262921356387,0.5034580749575199,0.05773621599397742,0.15481136719141245,0.21252481324533073,0.22846486936736693,0.18239035251153762,0.2353305568593191,0.40502207653452826,0.12739862958134027,Backend Developer
0.40768254737279297,0.7655816251747202,0.4310351390756525,0.26489185075732774,0.28708242834256165,0.7999641248501426,0.524842523515716,0.7011840003713137,0.37365390327634557,0.3924293507625277,0.5239684468458546,1.0,0.9840803290044311,1.0,0.05329960369141065,0.04487246592667578,0.5242044882459144,0.423425025684406,0.49889718142115547,0.5060003691310072,0.48943167793695336,0.3692905155590301,0.481698912126259,0.0,0.12583626755317814,0.17785108950605893,0.24309975244584658,0.15661782740023522,0.3030831900557362,0.2427755546370466,0.21192297594176432,Backend Developer
0.48467908437180485,0.8074938955586133,0.3237822907926733,0.2986915967534931,0.2927434341577915,0.7511418311181908,0.4360933458839226,0.655485982536708,0.3652095838318732,0.3745747353655361,0.4343962497716065,1.0,0.9130908190718934,1.0,0.15445642305093008,0.04750305297893047,0.5670980252645617,0.48896392009622014,0.45499845293802876,0.4893651031748064,0.4586791325164043,0.38090196809586163,0.3787316337077261,0.10792057612014092,0.18732696743939214,0.24291956876731818,0.17126307041260627,0.16744157985334274,0.30076749035404765,0.36046473738184803,0.1650149849779202,Backend Developer
0.4374331752141244,0.7799147889509311,0.36834206026973393,0.30546265373830167,0.2910673516048538,0.8360147506190087,0.43862587166618233,0.7072814529234784,0.3460954048440618,0.33937894154457643,0.49809167373296415,0.9766958191773545,1.0,0.9835897585631566,0.08903482138370858,0.050758320687386366,0.5344627557365289,0.458398147655618,0.44394894064128093,0.6208556892774977,0.4183620388500052,0.3740220428270424,0.5185797381100055,0.0,0.18613089109643477,0.2654128164977672,0.2097880170584683,0.26685357263717435,0.21782923801885323,0.4115040240629591,0.16888561609702263,Backend Developer
0.5237779845275974,0.8075493748673371,0.4414310940697675,0.26479688306911486,0.3275888095377347,0.8511189176228271,0.46204629211714965,0.7445174670918677,0.34925446977622643,0.3506046549066249,0.4419364168580045,0.9963672066649846,1.0,0.9168412174012993,0.08301800156515385,0.13569508539539632,0.473882004587152,0.44964133497479986,0.49789467766310597,0.5414415178936794,0.4966639288879614,0.35904636794799755,0.44987692582247274,0.09110741858727778,0.1398023253528099,0.2652914203040255,0.2873245942572849,0.20510834774424738,0.2813308086774692,0.4011226441906171,0.17099470311541232,Backend Developer
0.5189228160641184,0.7801964154345081,0.41269849867365643,0.2941392646351825,0.24857723637629836,0.8086177564940327,0.3976140767126178,0.7330565186263545,0.3406579382569447,0.4762221066857493,0.5195852505876061,1.0,0.9580310699981193,1.0,0.04937367909588947,0.14362070698970675,0.4802659109599806,0.4793922941142773,0.4286847027233364,0.5125323981394116,0.5133994762400232,0.41135072321026106,0.48119485992362565,0.0,0.14857251527425733,0.2639861458302938,0.17956569297590466,0.2320860099185376,0.2528615264980241,0.3931438046444749,0.15819603431908497,Backend Developer
0.47636071427573,0.7750469398571843,0.3258138384671089,0.32146452733848213,0.2905795227178319,0.8197918736646638,0.46337020066927814,0.6611788438163073,0.37220563242502275,0.3701318441487642,0.4839805102053145,0.9500524605828564,0.9802750699368212,1.0,0.06350036079501879,0.1327290646583846,0.5308208297226205,0.5984925524444937,0.4919700235067541,0.4380804985932941,0.4239847033635742,0.37745007409001646,0.45795475046478856,0.02790443336944876,0.14426411751198495,0.2583127919577278,0.12365249148916707,0.22076633887167657,0.18686838495398356,0.33945777791933857,0.12069172843611303,Backend Developer
0.49963680284189654,0.7865703555705869,0.3763660266271856,0.3220476964581711,0.3384446175066784,0.8003522936696624,0.5027803106655465,0.7829003007526237,0.38216953178730695,0.3882584826285113,0.5511145734956052,1.0,0.9614890059493174,0.9927711083927288,0.016109705460681085,0.008599195842717552,0.48703838835137725,0.4799032427472189,0.48002035497928747,0.4510369725949974,0.3373495229096519,0.44133049897282867,0.48631172476640927,0.08722847911664995,0.2299436438734281,0.2743883867029198,0.2023657432676717,0.1590939674321824,0.2787438609300015,0.34360568536657043,0.12641522949758052,Backend Developer
0.4034838126284454,0.7905757876633358,0.41016683549984523,0.32797266319580204,0.3098311484225948,0.7633515859757309,0.520509754220752,0.7038853820941303,0.3353729866109356,0.3417634032213678,0.5841504590778318,1.0,1.0,0.9654876294556758,0.07818998669953992,0.09674024536162032,0.5562837844407824,0.5293887382457922,0.4176313761057212,0.4645128960806757,0.4583295140151162,0.3621788256223021,0.5150949647149907,0.0100776262247196,0.12004901477300012,0.17462602044865483,0.2193651168015692,0.19534602174189675,0.2888086296908487,0.3631149442524183,0.0,Backend Developer
0.5075373643138764,0.7356017014196576,0.29159128007361274,0.19807381524314016,0.2244924810943251,0.8100591240766261,0.4551526303634384,0.6437357883502974,0.3509233022280962,0.3557626710168018,0.5392428369551485,1.0,0.9912959105688275,1.0,0.13002363042609627,0.10338430974851778,0.5943381386641919,0.4501335197980993,0.3967897936363371,0.4453248768350559,0.4057926138122711,0.4038720819892066,0.43630708529094864,0.0,0.12002094045832395,0.21888392059286202,0.25370837755776376,0.18930303563317205,0.22692042933631335,0.3988188449274689,0.15102660951990315,Backend Developer
0.4927462200422499,0.8396110106667022,0.3525951548060915,0.3142496185187973,0.3414971456706234,0.7930782010544092,0.42855226735816454,0.7050076705645083,0.3954901298656673,0.43279072277901953,0.5684100156446925,0.9803839917370735,1.0,0.9597484898464822,0.0830633584256145,0.1442164962085993,0.5612569834960416,0.47912292167696346,0.4642779134975484,0.467706760345229,0.4234690690913679,0.33009184633845073,0.4687722380694231,0.0,0.11725331087885363,0.279112236022271,0.22965576366007956,0.16344608645072123,0.2525907515847853,0.357955826893967,0.16841313560044727,Backend Developer
0.5015326682900677,0.7404289648689901,0.26857665512604184,0.23692445803483553,0.30152678496481156,0.837307346774974,0.49377438762915926,0.7258750625136019,0.31412473514262507,0.3971708440191597,0.5026193943782885,0.969772926450844,0.9572176037649072,0.9909328889161585,0.10144945392459434,0.06380194044347424,0.5166722906887704,0.5291995853736643,0.4542263475647548,0.5077913194820167,0.4282716767609725,0.37498833487375444,0.5492391265733603,0.03723013236136241,0.10719271601050569,0.30613679386292364,0.21099253844789953,0.16005702545388126,0.30397770022555304,0.31885240147499755,0.21862800371522415,Backend Developer
0.49113210570270244,0.8341223538802471,0.48900008446346604,0.28480366155244347,0.303826723998393,0.7562188158162368,0.4795771817292314,0.6630531289893067,0.34252126282128226,0.5157873652189333,0.5047839181829944,0.9778524993630359,0.9916112769270867,0.9835251440302746,0.11693607492566507,0.09639101608399366,0.5893555237365254,0.46235602863795794,0.4649368289189241,0.4716286245711034,0.41716472390954923,0.3131571908631418,0.3973075926456052,0.04998693414795786,0.1001823748031625,0.2612386199673208,0.17998012600620858,0.21258115888653673,0.18106382317144562,0.3739300325472546,0.16326399817116244,Backend Developer
0.5019006490112706,0.8388559546756537,0.36911148268356536,0.1796864446640314,0.32566432362761544,0.8116869045030422,0.474614996678349,0.670829083692845,0.3355632270802686,0.4583223910659642,0.463203686217044,0.9303835410377579,0.9412694925215181,0.9985881633124528,0.1418340211777464,0.18819402888312609,0.5510092603779817,0.43575016205597317,0.4399963297849991,0.542533493150628,0.4857654171987136,0.35682012022186654,0.5394780197962908,0.015817593079851186,0.19857135904405498,0.2908186794623736,0.1407292860410567,0.193057550661339,0.3071457017605822,0.32757339918557354,0.10773674257691063,Backend Developer
0.507191417413204,0.7992377311617592,0.35320783874902484,0.27751149160160976,0.24088823976976592,0.8150790129140217,0.5481039142136142,0.6759129684086371,0.3168633227819876,0.4069024697596354,0.6138350980115601,1.0,0.9962330086108281,1.0,0.12295387502466994,0.06362499009883679,0.549469704266576,0.43030179964423243,0.5119965867687417,0.4957418243114313,0.44052776500971697,0.36814495660527463,0.5104474683741326,0.018012723336420147,0.25631886744113036,0.3017547035920885,0.14782845350789023,0.18265824544599737,0.27940620927957005,0.33167362685627144,0.19849906815848037,Backend Developer
0.531186032636411,0.7905574978722856,0.40554863536293534,0.18117349220367435,0.3620035283710737,0.8343603520830211,0.4408928922107497,0.7145752144037142,0.2689486595453104,0.3694630546857508,0.5438255735232965,0.9994865536637939,0.997271881099058,1.0,0.07214281415049979,0.13949958867874912,0.5002404154220854,0.49177384294645377,0.4292152934049362,0.5371439691306684,0.41964515592591234,0.3808604986862154,0.4680131624456618,0.015573863979391908,0.1298109508941818,0.25817000248637334,0.22218656389475305,0.12177439384615915,0.2261440037608077,0.35120055370466496,0.12605407447202654,Backend Developer
0.478487135432531,0.8585440696196006,0.32557348858163637,0.18511251988246813,0.2837504075077474,0.7857736126008124,0.4648004020447487,0.7152524478872817,0.3088767296062731,0.3529887953361498,0.4730205130247691,0.9738460505408336,1.0,1.0,0.00821892202820923,0.022807643484357362,0.5215698820951812,0.5514638004801744,0.5016435896730594,0.5061845720318882,0.4142570290915348,0.42558649905763213,0.48961957518413207,0.09427033532721404,0.10249180550296737,0.2619458315413275,0.1774680932981647,0.19157100870054405,0.2600342500638559,0.3703866483600009,0.18910328587104758,Backend Developer
0.5429917031904731,0.8719689268161447,0.36693177204229493,0.2559060010555875,0.25866712925273105,0.8162954536145435,0.5177966938970702,0.6505620900387556,0.39578659936994953,0.39594598758464755,0.44976732863030694,0.9660685122202141,0.9622702894942489,0.9629817900760377,0.09779605585770568,0.13455310914754198,0.592965823260928,0.4470711107064601,0.48871825069821223,0.4816189679880537,0.4333049561198283,0.3232847845069736,0.43757211438640875,0.057122419546351125,0.11066136191577,0.26959323870710755,0.17295403791793135,0.0979785446117381,0.14845722642274123,0.4085384538621337,0.07378334127936495,Backend Developer
0.48482509535943763,0.8080580317750793,0.3137719108381412,0.2554589852658578,0.3268529564003125,0.810632647392819,0.46597697734102983,0.7139761851870129,0.3459106134325769,0.3611833368174989,0.5480196182709492,1.0,0.9263187529104373,1.0,0.05037936600025462,0.0884225523740763,0.5253277933678695,0.4432820998805561,0.5471215145157741,0.4477672909892631,0.4347674990919375,0.3977540632461966,0.48414851100112,0.017360567660881142,0.15491946868052836,0.2128728021680812,0.1671634736730864,0.22134173805071122,0.232330131060123,0.4352874266722551,0.17675761275183072,Backend Developer
0.380694811415743,0.8292303606491027,0.36417360777109675,0.22200193010464708,0.3598702079930385,0.7814633226618589,0.46356270558872864,0.7195076006776917,0.39571321358224937,0.40453660792792634,0.5016727739158136,0.9721253594218698,1.0,1.0,0.06598227490332,0.0860197249216492,0.5660730238234821,0.46450705614803484,0.5161759047254129,0.4886370118657385,0.4613922193513096,0.3907838472136944,0.4444698004566417,0.021520956094931033,0.08237588334395449,0.21523840635872593,0.13688774378961416,0.25490000372718696,0.18735877535933548,0.4534316250887191,0.1705711813067393,Backend Developer
0.46664531328187914,0.8261544040248331,0.340519411233618,0.2212180447836957,0.3108628107283531,0.8269029078530497,0.5355364358104755,0.7244092043823597,0.32882617905322675,0.45545104328323294,0.5465190330494416,1.0,1.0,1.0,0.05325664239625068,0.06401289270867987,0.5020924323828813,0.42101399880136625,0.49864859138466766,0.44310387194625245,0.4831005693628679,0.3556127345530604,0.5368483119537663,0.0,0.15459249489184676,0.19327958336974985,0.2541341969035281,0.24216099194015311,0.15623684410602492,0.38463446233335147,0.19274749414635628,Backend Developer
0.5004273810084331,0.8174265323764809,0.3869422005910226,0.3123803392800048,0.26400131838094637,0.8469197737776007,0.49277385343581714,0.7104733535907921,0.3726649979696428,0.3491692484468184,0.43786231261002373,0.995158713507885,1.0,0.9525846948519806,0.08200617762665896,0.0713326436825569,0.4909608628298818,0.49502993463907363,0.5053750199755781,0.4759979412414711,0.4879900102386713,0.39940014505970145,0.4728328814194691,0.03890072143621075,0.25145390058624867,0.2751412300440273,0.1720521225896477,0.1742517001889191,0.2552507548468602,0.3766142715057981,0.15958190883476925,Backend Developer
0.5632129563580868,0.7848325428519533,0.2971037721029283,0.28618114277989004,0.2900549920321557,0.7387387603940463,0.45625904073331547,0.6901644812729072,0.3955921686500194,0.340670067284085,0.5139914107030114,1.0,0.9930055345729327,0.9918303804133931,0.10379106077910794,0.12088726383654429,0.5817024889561607,0.4683155548840529,0.5030877164659852,0.5362240315549608,0.4190777642739479,0.3779407924007188,0.4820520331416091,0.0,0.1544528642618544,0.3048465810706752,0.2415086646268447,0.15180256337138037,0.24937031405869467,0.3888555955771017,0.1677362275016888,Backend Developer
0.5193964380996322,0.815265124751787,0.374916456109205,0.2709642926861447,0.25989565758959177,0.8265893954187303,0.4755299192797036,0.6385845242457262,0.32817364027154267,0.4340915875781125,0.42335342474936216,0.9588190193921683,1.0,1.0,0.11499904275735279,0.16006538474519894,0.5333112739490485,0.46663278262131863,0.5087322669773182,0.4715253088065097,0.3934046699906145,0.3362964089932792,0.5260553848386024,0.0,0.2100241363406507,0.25093801134604216,0.24406958598178377,0.13078471274539752,0.22497937373271965,0.3681595625751818,0.13276160373199386,Backend Developer
0.38766599806069263,0.7390096219036083,0.3217697322391603,0.23603415478558323,0.33497132727338513,0.8123819476337899,0.4908889845351264,0.7848467603295667,0.3970089782227133,0.43207277160804214,0.440189357599943,1.0,1.0,0.9833909108295672,0.14325519123129635,0.10204815642295859,0.4758660493904837,0.4351049051700365,0.5662936935290626,0.4906950809091242,0.34935884227197517,0.3585262207773399,0.4094352202606467,0.061692431938832004,0.09180591683475418,0.1889117963865275,0.20015954242044492,0.21937520668065763,0.2472226372608268,0.2996941824880381,0.15730251962781372,Backend Developer
0.46868810144095463,0.8392080869286445,0.4004915200565219,0.2561136215007735,0.33889091241612507,0.8097490245679663,0.5390723786688113,0.733987252267943,0.3718798289951054,0.45311837914683856,0.5006161872623041,0.9690759817624371,1.0,0.9857834278348581,0.09916786196598801,0.10247776139912751,0.5411174748968212,0.4268354106841794,0.49533146141422496,0.4560910885258316,0.470970407261414,0.4210301750635615,0.4964181653042715,0.037403476334101265,0.16105375717548318,0.22087085313478494,0.1994008317828249,0.25430739686436676,0.2591727566715209,0.2961700358380172,0.08166564135043439,Backend Developer
0.42987702594039173,0.7787961367892616,0.4169319633746538,0.23666064854525226,0.3645698593838197,0.8060779356694631,0.5037377467311327,0.7227415835353478,0.3736266118681751,0.3835453804791138,0.40662337643139435,0.9764657191013744,0.9644848325785529,1.0,0.08376955669961351,0.08910481507659097,0.5952209992028034,0.44937085549493416,0.38597066650444434,0.5122782669362315,0.4800677988837579,0.39398643510411097,0.4682344602344382,0.03461790020560045,0.24355626257238017,0.20999487888157264,0.2012349273681701,0.20179771104642485,0.2601554876266239,0.3400853176301894,0.13294696534232764,Backend Developer
0.47599222101232863,0.8151812930169067,0.38525089447435396,0.3613887433539418,0.24622841944054738,0.869216267594184,0.47622094682301996,0.7008765191444755,0.38434932540637334,0.434096336406399,0.5462647213566005,1.0,0.9984067601886408,1.0,0.049833752555132046,0.08778812097112366,0.5177193972406864,0.4539348154841386,0.477394252973835,0.5433569888762965,0.4585538390980659,0.357972626671669,0.4546791713957421,0.0,0.1735516728927121,0.18176626169830323,0.16437598404591458,0.15664715709299581,0.29221483831449413,0.344713189153166,0.19023435937863428,Backend Developer
0.49490299172763896,0.774928033367217,0.3489743240225346,0.23095767525686656,0.40382727702788707,0.8433205020604977,0.5085490230183013,0.6523676126556793,0.3319349564517548,0.3609866528923911,0.5051027293221565,0.9629077098427744,0.9731883767820221,0.9639538019464418,0.06540986700943437,0.10285699921747221,0.5164695222394807,0.536316258616465,0.5074442761781255,0.47617868805604374,0.4455242272577369,0.35447355591746804,0.4666950428687724,0.04416788813104161,0.19662599962335642,0.22150271942844021,0.15580521652857965,0.17850813990897324,0.2673848963432777,0.324468446775331,0.1826621807026239,Backend Developer
0.5129717201306176,0.7677851585638558,0.4115064874343666,0.32402909137269975,0.39040672422494493,0.867370388719351,0.44829547109903134,0.741499300834632,0.38518517186357254,0.38606067202308525,0.5181969891226413,0.9248950539910473,0.9237845732842813,0.9314143223813061,0.09057027685706909,0.11746036527680248,0.5140446354730231,0.5438467651503706,0.5144830161163714,0.44356747260840673,0.4256210317645831,0.3449125873527478,0.49905983474886034,0.023776843009385134,0.13468086504374227,0.3127789012211174,0.20229587631834978,0.15835841842119033,0.23987440202158777,0.41474672184834505,0.1864509855933622,Backend Developer
0.4809059556733953,0.7542164127960151,0.3328521944736168,0.25831429555981206,0.32798663036862213,0.8291612760394684,0.45537835364099827,0.7365304073348601,0.31365536448127607,0.37552905384137925,0.4420190591717815,0.9408276901526644,0.9632229055681386,0.9989707297644259,0.035240744775568385,0.15992337446822824,0.4877001205468416,0.48235785610005677,0.5278097186901066,0.5112005041709501,0.41794336703323914,0.3883803434621422,0.4600306134375742,0.0,0.19450825144137876,0.2216755409165423,0.23747013054121704,0.2068505119810765,0.25665266037500495,0.3888354355635263,0.12823763127924676,Backend Developer
0.5187510762262004,0.825042915891114,0.3542431404302033,0.2604112244360334,0.32086114183309866,0.877629778206471,0.4751105815470599,0.6864691050682651,0.39713579206307104,0.402725302227974,0.534640842599384,1.0,0.923719044557207,0.998496816342043,0.06580785186736905,0.061506769302196646,0.4482546363655704,0.41134007383890625,0.4791747512747767,0.48613855882724666,0.40042665652320913,0.3862770951885903,0.454814117984957,0.07660722555114413,0.14516463043250943,0.30521286079890253,0.19879937071808393,0.14892401624499826,0.22101740969835262,0.4105517702052417,0.177833335198226,Backend Developer
0.45702327268346327,0.7986630627289845,0.2719528476527864,0.2243358272555202,0.2776884532330384,0.7679073094559794,0.5329205888032003,0.6279325330903678,0.29288773883662506,0.4180957793316148,0.5092108925302028,0.9860091665767458,1.0,1.0,0.12391298822624414,0.09796799526267543,0.5032567142581276,0.4537148249040898,0.5121065964549014,0.5384099335081883,0.42375567470063513,0.4013633621851608,0.5210047221606885,0.0024428208087084666,0.1562641810110282,0.26286562006621544,0.12845358969469306,0.19362368701580793,0.20499803761810748,0.3876661356376202,0.2359113930896205,Backend Developer
0.4595132674073506,0.7399142506054999,0.359103654767939,0.26698960867520916,0.3341289529783595,0.8082624524357725,0.4725467886940526,0.7081245440689911,0.30511390339565897,0.4331686017355307,0.5647184457181955,0.952096114488825,0.9368298809027001,0.9839164629300859,0.026141180915067008,0.04895129267595396,0.46891926017408486,0.467255904159704,0.4585431012137581,0.5224302769654068,0.40997943220349325,0.33383427617837297,0.4818246808033952,0.0,0.1904868447714876,0.1783510879664553,0.11340456764351776,0.11060909198658443,0.2332672232023416,0.3385148057508051,0.15547767133872414,Backend Developer
0.4648119058400822,0.7600396816891916,0.42363098282507516,0.3243554167426824,0.347148097234461,0.811255851730772,0.49994025295437733,0.6722920845711157,0.3557743315290173,0.36240531119914077,0.4578690679751932,0.935300408830337,1.0,1.0,0.06288460488479275,0.08264773651648727,0.4517957404512963,0.48525598236975354,0.46237839748414566,0.5433398884165453,0.43834845423590346,0.4107313554081612,0.48221038405623406,0.03226711488622379,0.20724505110751357,0.23730442942646357,0.2188741955280599,0.15725902340798398,0.24475572361502,0.41374095994437926,0.1756202672782837,Backend Developer
0.46574164365585413,0.8108167664090902,0.3151007490549682,0.26875231141523076,0.26956302796709986,0.8169762479053335,0.47684273713327224,0.7158391390230604,0.38096718074172903,0.38159142963691806,0.4830206273386335,0.9985185127760347,0.9655801490241814,0.9995514804727084,0.0766625117053422,0.10915760860658191,0.5417820176765564,0.41087534976279183,0.42359514005741505,0.4608126298460935,0.4362043200490598,0.3711249656367735,0.39179101727459814,0.10288179233888115,0.09044123729016629,0.24621694720169907,0.2225349216705953,0.1462085210260311,0.2755983876264613,0.3096729008246073,0.15684405607730711,Backend Developer
0.40017812710034034,0.84082916365174,0.3663350234496248,0.21381150381828723,0.3328501725811138,0.8641860897538118,0.44734358141624725,0.6960915223241401,0.32940704414557087,0.36919132341074706,0.46497751598266945,0.9741416716191876,0.976304781580505,0.9857414634478783,0.057836933961182946,0.1304468405229466,0.5518750526597038,0.41365997556752093,0.4512563856243774,0.557522289860416,0.4442609983844366,0.3958788282023394,0.4920591367225504,0.014533556558301679,0.1683580883744093,0.22884404356542343,0.23422941007904763,0.15920886972985268,0.24548174139083556,0.3794134981301003,0.13688831984291325,Backend Developer
0.4845711980439915,0.779572080348489,0.3627266030617435,0.2646271183635922,0.28626573093722407,0.770581882774564,0.4775019695188684,0.7452295284439455,0.37494788270231894,0.33683273295315697,0.4828340202533358,0.9744664572456045,0.9375070735359989,1.0,0.07115635123325066,0.1809176830522634,0.5116391866304957,0.4439529774040845,0.44008246821370955,0.4894363738701168,0.4561130649776671,0.4106947232718828,0.5995462935407316,0.0,0.17344939501188783,0.21762873854297168,0.21401999087165594,0.23032628676533867,0.2844844551613494,0.30169581969734155,0.17738630164012187,Backend Developer
0.4028659682704692,0.6987032255127591,0.3563379775520125,0.3020272089684985,0.32162787412071914,0.8751315293745068,0.488773079318498,0.7002256519684357,0.39620771361125007,0.38503469274035856,0.515549932143619,1.0,0.9611292776904042,1.0,0.16240107714577717,0.14546598825502183,0.49142841853166075,0.5685460376221824,0.5025707867650122,0.5244699821190004,0.42861113765047665,0.40980822590987587,0.48697138525319417,0.025785778238433844,0.16467564545930544,0.2839506774375637,0.23451758844968895,0.169024231455903,0.1892406166577834,0.35144264241529294,0.12128494561683482,Backend Developer
0.46845682720727977,0.7889059032629333,0.3238873603987583,0.21318807377955362,0.31937892800267137,0.7999731812369927,0.4839436368457934,0.7249306635437566,0.3236184851094756,0.41329893724328437,0.5534968816629089,0.9898117623651295,1.0,1.0,0.04090483032564832,0.1339873609971352,0.5204975788341528,0.5171020197839336,0.4915338515475281,0.49438684123543974,0.4933405976536959,0.36252515182723377,0.3958752402460879,0.06022318683417405,0.18399727978977767,0.29634876750932876,0.16473304566567265,0.1651139337035283,0.235598329046702,0.38735048300999675,0.17603400720049087,Backend Developer
0.49599201502868556,0.8027497881595508,0.3202611535130505,0.3083472854754688,0.33926484093960796,0.8905442869847496,0.5032313989758097,0.7297983474459271,0.3691040451064917,0.3721318093080488,0.549976057192434,0.9977701528750454,0.9922816458973319,0.994607458972224,0.07236225566668174,0.08054363645331794,0.533609544527508,0.4711356606057251,0.4677316243189279,0.5270929981938599,0.4355315475141547,0.36033456215158705,0.45195837651696535,0.02893606667259475,0.14013472643852307,0.2122555299179859,0.167820930477136,0.18519938929910945,0.2977416988401975,0.36391042592907563,0.18547286849709532,Backend Developer
0.48461192323528707,0.7995890080278554,0.432419826753946,0.3107481995042804,0.3451810692563537,0.7883318147866732,0.4841892889339006,0.7207265782879957,0.3257439295101225,0.30547283755835075,0.5158586788651538,1.0,1.0,0.9761637023674782,0.06177215418228904,0.01886907837684837,0.5116709605055039,0.430396607716988,0.44701433511730104,0.4608726690539828,0.38126090262245893,0.3423355030096621,0.5078127454443639,0.004608410841610552,0.1256829909522055,0.27516056285577956,0.2051588843124759,0.08045337839983491,0.2898249736902309,0.35288293568545814,0.18081495716296253,Backend Developer
0.4783911064655623,0.8580876251952414,0.3510244542616269,0.17216644121947178,0.2721251893510059,0.8189855651720442,0.4907634610337546,0.6995994304062078,0.31054455714813645,0.4007367674474617,0.49942497547521414,0.9990140372262535,1.0,1.0,0.0649081729648608,0.05989740600009777,0.5793998108224978,0.554264056106054,0.5447683929036824,0.535463235469767,0.3654967679815294,0.31060660088266917,0.4605630844348763,0.022809937764769035,0.16616691676966777,0.25275007330703503,0.14430213893987248,0.239296773883254,0.3102095475762565,0.2975458443232045,0.0755382588735341,Backend Developer
0.48381018655939545,0.8443836198410338,0.3650127773948394,0.2879982122617693,0.2901115375825467,0.8047511617524542,0.5221790852879401,0.7209843682054895,0.3730203491102673,0.33347062083042045,0.5855312926583502,0.9339498462763992,1.0,0.9939820901499405,0.07072374039637028,0.13479302725584053,0.49668756796013264,0.45769169488251654,0.4291357921461791,0.5523863540166042,0.44314341684268166,0.4079887236542128,0.5149793541053606,0.10465651042455387,0.2426778330082347,0.25792166495149516,0.20631850791011844,0.1537143252015272,0.2797663111557856,0.37828451835848037,0.12082434662519304,Backend Developer
0.5161913180666917,0.8342341797477606,0.3214341350820163,0.28519655883680445,0.30507084222590264,0.7986845397354365,0.44629387082402117,0.6314377696348307,0.31978334799003766,0.364181667451224,0.5141289227018742,1.0,1.0,0.9441307730708749,0.030217665021137846,0.07533309259687086,0.5259257205026376,0.46159569818687884,0.4874255639825915,0.5465188126695003,0.39252824769494676,0.34404918003398094,0.4879143994436886,0.021718774547633678,0.19973454246027655,0.24530306639112248,0.2696208491934957,0.11148500924554473,0.28360867439856324,0.35797304784420636,0.0938799573188984,Backend Developer
0.47597824614380596,0.6733675048670994,0.5323291629763671,0.30622758676412026,0.4219300803504849,0.7417084022415016,0.3861758047048214,0.6785148693313978,0.4057877685277234,0.5884594260283668,0.5008147621978516,0.7212471276964265,0.08722561637818407,0.7594374528078259,1.0,1.0,0.23840442137035628,0.07866188610937852,0.09631507657902588,0.12640752959431778,0.04166689736824351,0.13097997277129675,0.07750650495180061,0.06288385336963728,0.009524547954471706,0.007200921815044323,0.30125968149760274,0.2749657389768557,0.13021450463473888,0.596292593018764,0.19053357144876043,Frontend Developer
0.409555958850637,0.7472306702165799,0.5441664902514518,0.21987752946478,0.5206387180979508,0.6326704051364228,0.48301866564554463,0.5774751499741769,0.45592123860139444,0.511532335398966,0.4715685800559414,0.6687256906630417,0.14717183589825877,0.8225578456824878,1.0,1.0,0.3178367113174311,0.08795197621457668,0.1105792119103306,0.11375186319519806,0.06356083965305301,0.12068034506539166,0.09789610445594196,0.12074937743505935,0.0,0.0,0.3300638087403276,0.3067125483635913,0.07108853921357572,0.5808225557334579,0.13847417707707302,Frontend Developer
0.4179871753489859,0.7294288325235424,0.5768697061752432,0.32902142616387753,0.42443510919498556,0.6606322564171642,0.501563943274467,0.6076965942286481,0.4195235599867018,0.5534595926962376,0.526057993440529,0.7269935911791418,0.09988131767498813,0.837346255016677,0.990956645468917,1.0,0.3139650174366694,0.0,0.006647206527549826,0.07362427799927235,0.02078622081115524,0.04350604396388859,0.11769523513847975,0.14713787541501286,0.0017764079661110044,0.08475533440354344,0.30382664860800623,0.2943055269544657,0.06076562686917789,0.5138393246248902,0.20429394135223838,Frontend Developer
0.39641383245120343,0.7264038861225346,0.6169499037617612,0.3060479985811983,0.4270145841599001,0.7398464495831678,0.4558795712153614,0.5589677100496357,0.4294272863717034,0.5404929542290318,0.4670944712903527,0.6922238276345399,0.1580674408443165,0.767269079395135,0.9527025688092283,0.9967976376047796,0.23655424843646,0.0,0.050244642680337744,0.144242818943854,0.08152069430242553,0.04572235887834545,0.10130287956918303,0.16939838307075367,0.044648859654543724,0.03535233445405461,0.36806018854238665,0.3412974978133397,0.110135846139569,0.6155804862691857,0.1437486138431668,Frontend Developer
0.3124103887736399,0.6666524357357821,0.5614627872057828,0.31263281440626456,0.4746745132260436,0.6096737800203161,0.39655553680503786,0.6215921786232121,0.34256293371693186,0.5391698603377721,0.5009825173238428,0.5126167958530661,0.14811444856385156,0.581161667878137,1.0,0.9867945585885058,0.2737446810414488,0.15774308809706306,0.0,0.05819608184671096,0.10617989112378405,0.0,0.06980721763394478,0.07574875004602688,0.0,0.07107397422829213,0.32780585120393585,0.2806109897492756,0.18276355780097475,0.5358067736857202,0.2096629449529328,Frontend Developer
0.408193660545082,0.7443608706040921,0.5330365268347931,0.260213224278569,0.40891954186319796,0.6665488574548761,0.4824358215584325,0.5917914705506485,0.4086030808526412,0.6190224874444039,0.49903111807175665,0.6673414189695479,0.14261298662282923,0.7450037376752368,0.9312817124308395,0.9946379061475359,0.24323953186770317,0.025670462670492406,0.08739093775642592,0.12104979790523335,0.04692099805515942,0.05331864274527344,0.03301941021954986,0.13397363616236196,0.05670167145041326,0.08963731396419786,0.3433526353976659,0.28271748114834894,0.07207158095031004,0.5599744897933074,0.1796649816004504,Frontend Developer
0.3681389381092027,0.770694766190043,0.6185944466646569,0.3107972855893335,0.4774351999071509,0.6915008606135878,0.4353351653732535,0.6075804193030611,0.3690297557974893,0.514799884239664,0.5190761370233954,0.7081886866124976,0.23276350141351765,0.8074175674362185,0.9788414405140643,1.0,0.27955329955906183,0.0240951866395227,0.026567467790299833,0.09281873007117716,0.09217804298715707,0.06726503944233869,0.01666430488231542,0.17338872897984747,0.0,0.020506877959208605,0.3522366231809067,0.3404579878574373,0.11414227126628544,0.515042177156147,0.1788759247411133,Frontend Developer
0.340417456199988,0.8048898018278372,0.5646867177656278,0.3476597675051814,0.4213889771047026,0.7413266869842919,0.4351008563722504,0.5567470921277392,0.41219539629537494,0.5852025754323426,0.5851477917221054,0.7532082779639562,0.1728033955853593,0.7862283544248208,0.97174638488936,0.9648861448792098,0.2745293996118937,0.0,0.10461831577995992,0.0590165322741806,0.0040760586370601135,0.03376672890717062,0.0,0.12577162372409845,0.0,0.07005877096813036,0.3425507912700456,0.25858125828851364,0.0713018771023249,0.5345799924681922,0.13171121041290712,Frontend Developer
0.3782857008630386,0.7081952240968428,0.4978793597843326,0.2899202937619542,0.44251106413386443,0.6704870369921908,0.3485124164837927,0.6164452731249657,0.44953798430327474,0.5270943425705326,0.43060370093394534,0.5080608557221442,0.09324473819206716,0.7116305770572404,0.9562540786655795,0.9856786182897294,0.3476850179708868,0.05643922241509288,0.05782389714804394,0.0959521211351355,0.08910746614493245,0.06616204564581225,0.1241417204796741,0.1785065639163656,0.037548674161013214,0.04851096397943544,0.31210038746655494,0.25789834962350694,0.10534979734618695,0.5089829343598379,0.146517049357905,Frontend Developer
0.42655947812514816,0.7270221750573941,0.5481083916103564,0.3323557283660303,0.49644626456611873,0.6536754289249702,0.3977919249539438,0.6161882358865927,0.42145020588264326,0.5803878449775848,0.4521112107708967,0.6286267079690573,0.1355975757960897,0.8214342126508117,0.9857128986380745,1.0,0.2801599463872262,0.09924088202762235,0.08512874426540734,0.056403886844125346,0.01452271965740197,0.0,0.06725045484560141,0.10392431099764946,0.07900375693380945,0.07380330770493355,0.25363708929693946,0.26207317672442326,0.01558254054475626,0.5784015804494359,0.28662993371594914,Frontend Developer
0.4003327309302042,0.7135474147758977,0.5525073007088596,0.32983406436603785,0.4299506242458784,0.6938142165502622,0.4243033099066756,0.5618609822613585,0.3483008080963605,0.5486989540035973,0.4557670653600544,0.7467378192093163,0.10776237568824765,0.7348757411235113,0.954582978376987,1.0,0.3066497527182991,0.06415709422907223,0.017106414634102278,0.07715081840258972,0.022466388430055793,0.07266540548060364,0.05465180540457085,0.08210387376747857,0.0,0.02908239894022817,0.305895009184019,0.33418842016628053,0.1074638696690777,0.5532024438653426,0.15841864237193784,Frontend Developer
0.46317577749661154,0.7384890551962568,0.5923484444469603,0.34549561434372356,0.4342023754287298,0.7170114375178898,0.3964874683000431,0.6531376519738783,0.4296855569352253,0.5694360002474818,0.4697205470324764,0.7258747291889589,0.17080188779729483,0.7854600070405898,0.9730408934263972,0.9586556457222621,0.30247513512857876,0.04607371368744412,0.13489933642748356,0.03863639320196261,0.015175234497935189,0.050481023391677704,0.07660045449730588,0.12478980757445568,0.028379863770266224,0.0640956944831363,0.3102929013980475,0.3225301794362614,0.07774980143427108,0.5489470306890454,0.20257731927059427,Frontend Developer
0.45799359505498083,0.6801300614238924,0.5628473022061102,0.3004629202168099,0.4583906315636931,0.6034490050721725,0.4413710530603988,0.5681316411831286,0.3863058410458697,0.44844472413407355,0.5809779051026416,0.43886854291332184,0.1440482668000753,0.6118796125403916,0.9502114745449285,1.0,0.30820543591020383,0.006980971529465675,0.005677817708163911,0.04820400437959709,0.05858828179015046,0.008112200324652367,0.10154848779213574,0.053848660999235395,0.04667203309268004,0.11178698720464952,0.30830839013945677,0.20894102328075004,0.11600274725360951,0.556813943482536,0.17333430327195273,Frontend Developer
0.4585417942715757,0.7075629836381067,0.5737372964599732,0.2891179617760681,0.4249753695506266,0.7140276002976421,0.46065309728182735,0.6025183797072552,0.44004447878944725,0.6152078720070421,0.45376694438234666,0.6689739613903406,0.18332301580164245,0.8933361799839628,0.9895217747496551,1.0,0.2946029698579867,0.05937140584408624,0.059903539310822256,0.15459429550342696,0.0,0.023789948415580405,0.07554957117908523,0.08015077758047887,0.03645880345734075,0.0934628761972209,0.36956071953317415,0.2916534188599873,0.15958013454468925,0.5723411985949518,0.16285863973129006,Frontend Developer
0.333375325807554,0.6653684203561723,0.5533886384366917,0.3166259819675639,0.44537767611682266,0.7425597487975901,0.48524511325678166,0.623278643627451,0.47311912996622285,0.535742139167034,0.4796436078114001,0.7375346074605273,0.14443332587703617,0.8118625151502402,0.9975776259749813,0.9931212131396244,0.27651568989877834,0.04988827709351927,0.038101802805415017,0.12221646103397116,0.07986166611949101,0.027412595314211866,0.08610482714930509,0.049145125957338755,0.04515029253664815,0.07215006914835131,0.3022063335685472,0.2828511361430457,0.09066116326026787,0.5463605997969733,0.17502023606879843,Frontend Developer
0.3732480274977327,0.7510813504949264,0.46909831180587946,0.310216957284398,0.3601695269848848,0.6265460147602882,0.4321276394320442,0.6446834953246251,0.44614724397439987,0.5529076968670351,0.5025545067550603,0.7301358922782528,0.17025418262096925,0.7906444717864864,1.0,0.961742056430593,0.26497691853964744,0.07376814925944178,0.023692011312876123,0.0858003839815928,0.0,0.0680328395049232,0.014697591570503259,0.0671547215804758,0.07920944707087291,0.022506542243149064,0.3356550177080319,0.3245246893711695,0.1366919398643725,0.5567003494040234,0.15791217069019994,Frontend Developer
0.3585673442211408,0.635039704088747,0.5840891240566236,0.34268775994132755,0.4552790007465872,0.5555748206868157,0.4481114518367817,0.6162814590476078,0.4514621248367932,0.5619565843411422,0.5077557006440778,0.5114826618617416,0.14014222367275853,0.6541630400809977,0.9708253859745621,0.9537029881436095,0.2427269185463791,0.06299682505481027,0.0,0.08823568916304203,0.1023123731743222,0.0,0.06797031024315492,0.12188717923814542,0.013348328534555124,0.07488540746126243,0.29803405496197144,0.31236662795711573,0.05727666241570453,0.6422286543778539,0.2324900234587555,Frontend Developer
0.30591133540663373,0.7523969967987009,0.5301191978808241,0.3729003927929017,0.47655478011068564,0.6256133093713473,0.47820341241758535,0.5630662805785495,0.4215215345569967,0.5518414324045067,0.47082039556954375,0.6351571124173301,0.13420290732581813,0.8321992598935194,0.9936861377515473,0.9690350012419392,0.26122699193224164,0.006150836029860107,0.07944411493190665,0.013626756601765974,0.08806899380008251,0.04696249451316867,0.07086565646921097,0.12479024496265438,0.029691674718570062,0.03439883253368606,0.3498008753742205,0.21194278480159442,0.15207171066581682,0.521733651170002,0.1619756845530426,Frontend Developer
0.4523525045160548,0.7946785857164934,0.5604788436751543,0.2614157826336699,0.47035697688114725,0.6675388289500198,0.41271853334898057,0.5998668085476173,0.34761041992044217,0.5578018832220888,0.46319025956703413,0.609916866086068,0.05853104209464702,0.7893324630641896,1.0,1.0,0.3376582099217528,0.0,0.0410187344892777,0.07559058771553473,0.045747163047487265,0.10641847305431937,0.056446079607492435,0.13471067842131532,0.11345879811900564,0.0,0.28655790530704245,0.3034046018266853,0.11066205775964638,0.6086130277952007,0.15964787120554116,Frontend Developer
0.4033397721466651,0.6752511325035586,0.5957545385631154,0.3172837093649913,0.4923508104126371,0.725542842493821,0.4039352703157729,0.6536983054011469,0.43724346081307375,0.5437377197300179,0.5336491002692777,0.6683208806619532,0.17944182390639693,0.817603751390746,1.0,0.9747658284599986,0.2918238757155355,0.08543777294401407,0.06231002224824932,0.12245594985566993,0.019610149157656066,0.062181495940638314,0.019816257238663964,0.09926552731617411,0.005282673708757343,0.04181494078607378,0.23549048877038586,0.2816141991401826,0.09569880768767657,0.5060511456074948,0.18865063781890556,Frontend Developer
0.4281409169184696,0.7181109628379734,0.5846273699829092,0.29452074926704636,0.4276886994911163,0.6720670200498879,0.46103961444645136,0.49711312568762683,0.36316457478326686,0.590093768811191,0.4687066640060182,0.5287596101894011,0.1229148430717657,0.6100223095842067,1.0,0.9987476096225333,0.24629711913206842,0.07593825983835081,0.03813103948025934,0.10235103803685817,0.10635421232671491,0.02835226069797513,0.09571139971943954,0.08631211463114967,0.027730142732202454,0.062125178122767265,0.2917709976547691,0.2398861048303487,0.11812691393385377,0.6115261479699116,0.20007225601675346,Frontend Developer
0.4190170832009701,0.68719644378962,0.5807344243679039,0.329925707112166,0.47071584208941164,0.6730471970488321,0.4790707031991626,0.5717707820018645,0.42781465941506097,0.49961440882783803,0.4866134571634867,0.6607425742965933,0.2652348561417966,0.8397217040703028,0.9566476195469177,0.9452907956285507,0.2107275314387504,0.004410997233566097,0.016049445025179666,0.06098586846930246,0.03131448464538042,0.08338006246341273,0.04203476089925909,0.12851605452340586,0.0,0.034698127394519454,0.26803593668121345,0.2982644112438222,0.09275382835739454,0.6375897869038137,0.14818293646520295,Frontend Developer
0.35351587733092543,0.7173695905253392,0.5461515036359904,0.3357004673775017,0.4337331159861252,0.6634723732446236,0.4284812243293421,0.580316414442331,0.3388132389512246,0.5979067499950979,0.5507871296404051,0.7261366051021915,0.10668630980232532,0.788505824713053,1.0,0.9619346271874059,0.32602187060092597,0.0,0.03192253226940296,0.057416293182297476,0.09987647712972705,0.09293898540875721,0.0725749337452082,0.17662505220698582,0.0254004793527403,0.07525031679628871,0.24165203678090386,0.2677502770711063,0.10440176235629295,0.5299981668365642,0.18522089747182,Frontend Developer
0.316350437179821,0.725505266032894,0.535814899119416,0.28410603652877975,0.4659346092202373,0.7276535267491494,0.4908724972677876,0.5586425166893851,0.42672618519889266,0.5397619282965334,0.5451772927125242,0.6974810218768993,0.0660169177825806,0.8039540900879287,0.9669887900153956,0.96891115801813,0.2675582461814778,0.060968512728706244,0.08632193842024742,0.07898303842883554,0.09850703251684279,0.0,0.016484145646714764,0.1819305084691234,0.0,0.10005108099845708,0.30451637142027477,0.277721189018338,0.13741046259901726,0.598473297768129,0.2283500526174824,Frontend Developer
0.3852177868241943,0.7112196382873643,0.5431922646130415,0.2711245361410449,0.4430251498164219,0.6625045152932898,0.3803446120113334,0.6354757417435136,0.4059241287770764,0.5219908465382416,0.5132970116393026,0.5176719598112847,0.1330597807137876,0.7191245743728759,1.0,0.9805173715536363,0.23931764044121065,0.021426460741125114,0.08248156095191296,0.0977371944530731,0.07239011502408067,0.03881391571169971,0.012664475374722373,0.12395993604500649,0.0,0.03368272749821865,0.256598947362007,0.2431475409186028,0.13582890928694488,0.6085812187605228,0.21865902995247113,Frontend Developer
0.43889703287862486,0.6913387292705339,0.5798157188022331,0.35771550024314697,0.40129643940305865,0.6768508918512941,0.4500964197840116,0.5162459988297894,0.413025892951598,0.5214171416463037,0.5420489752099584,0.6581422687694829,0.1381644579869292,0.8181235548273859,0.931080640414049,0.9871863344737216,0.29484669202516745,0.09094029767221486,0.050741495602079106,0.13624356968714024,0.07149466115466019,0.07283250859864544,0.07462114647961393,0.08901708811234184,0.0,0.1127901873091122,0.33628868038970106,0.2778164804950559,0.12468638692601683,0.5825622170579251,0.14083462812870354,Frontend Developer
0.3815870447857884,0.758557622608676,0.5529880508231896,0.3306092505324377,0.4865847195667557,0.6687673534791845,0.417946120526613,0.595632423132129,0.37766615966837813,0.49433695072810946,0.5321218833469827,0.678383507616388,0.005589484710289208,0.8237772228504683,1.0,1.0,0.28038893892253064,0.09270442880408311,0.07586244398512094,0.07642311108888972,0.06393172690718152,0.04342324743077928,0.02249019745566571,0.07933729669245056,0.0,0.04961246967226487,0.3053664925562691,0.2585637391468664,0.09167256638771462,0.49162804682403277,0.13466193106283023,Frontend Developer
0.38340224287932,0.7723670642655754,0.5785294635516781,0.2765076087339998,0.5007930883980953,0.6690357266152319,0.40981473326852974,0.5879434183011332,0.43940351632331204,0.504651233431043,0.45855452322496026,0.7608891073898661,0.1368570942396613,0.7947699982418385,0.995751472656875,1.0,0.2728174182618442,0.10399320079650443,0.053957209251084395,0.12654833974137109,0.05333262336444585,0.048506091240365576,0.0857182374869576,0.13655684537217183,0.0,0.04922885763085323,0.38754392561970297,0.2627090850456401,0.11816272824294913,0.6165571007744457,0.13067428310106857,Frontend Developer
0.38016890699051314,0.6426245829344348,0.5573783674189763,0.33099332011473415,0.4619381324760025,0.7320510232935222,0.4577403750386766,0.5449951535194247,0.3647624793890132,0.5195089053454487,0.508307644956053,0.6326353430838325,0.12211831990574351,0.7185985778094041,0.9954379047540793,0.9535376472680666,0.24790021343398938,0.020836642104451294,0.04511009153806574,0.11622197519281122,0.023658286042675683,0.08162459510037055,0.0918885752084809,0.08946590931214382,0.0617256356000851,0.0,0.21122602761948617,0.31386711044047017,0.08312337038777806,0.6548129383822432,0.17128582731563577,Frontend Developer
0.35508876469845535,0.7729676293216956,0.5794314264461348,0.3775510119721939,0.4127388223036172,0.6836780918582064,0.4201764206973992,0.5212648235483359,0.4296974755720534,0.5317263633107119,0.4601680191440166,0.6331109694955606,0.13230923193643782,0.8162019878391849,0.980661369443293,0.9730322312398094,0.31119878486457075,0.0,0.07523883800116576,0.11860856325379895,0.0007846715155110651,0.0,0.07354236236316636,0.05304727842760824,0.08793562519985618,0.13472269450235763,0.32262583517015936,0.2764990006098973,0.09123898528606654,0.4984290566779227,0.1635710541649891,Frontend Developer
0.3767528698118038,0.680053040270618,0.5688716964389494,0.3208523766157783,0.467647537651281,0.6513574087753369,0.4793048493152378,0.591418082134962,0.423856005701081,0.5468913781195279,0.5711215109058114,0.5909699491888167,0.15002469726943218,0.8478947911496211,0.9493296401320559,1.0,0.2814493761012416,0.04501234435071927,0.06485192018272574,0.13550015981590657,0.05528866770562597,0.05402718963043945,0.08351353133937973,0.13875382656667498,0.038463031819722424,0.0,0.26481374377867817,0.3239422655359161,0.08887759183468164,0.5427219803576324,0.1925985876695422,Frontend Developer
0.4077383619137829,0.6967745867896237,0.5829420637230246,0.2648794147947327,0.3669027246283204,0.7292033100340334,0.41028775976471105,0.5320781289381724,0.3869533836766969,0.5488159407556229,0.48086499513000586,0.6794987835671071,0.06814500757459255,0.8421872003161543,0.9388150327236938,1.0,0.2899122352487892,0.07595595195861742,0.05909383214101381,0.056467934712831125,0.033550767605607705,0.02184088029959166,0.0,0.11742295931501714,0.0,0.05594910827857629,0.30111120890445586,0.2351209390618166,0.051892344679062605,0.553263935789559,0.12245986426920971,Frontend Developer
0.4346510371408604,0.759297875057962,0.5845211717015489,0.3295628180307948,0.4386511217235458,0.62718531170983,0.4883024413723949,0.6459335833407714,0.38642284445331787,0.5485467624148077,0.46768627592040946,0.5253868778660493,0.07469805590297232,0.6520660798806185,1.0,1.0,0.29058309867045756,0.0,0.051920339539320196,0.12452610014494807,0.04964930865441793,0.09541644341831022,0.04601243617486559,0.11588641762586804,0.0,0.07344890699423048,0.33702644038889784,0.2520121718710672,0.04282161198699726,0.5486337302235814,0.1350735879704056,Frontend Developer
0.41905573374286836,0.6859446306122886,0.5819363390570794,0.25304792579852237,0.403068685287072,0.6385469372745226,0.46622531871534934,0.5080453187873192,0.3890123677033068,0.535422359875779,0.5144625147422475,0.6906526668048468,0.08681976605928801,0.7232863853233036,0.9691735017886208,0.949328504809045,0.2322175198089728,0.020607335222143194,0.08270582904313564,0.04923203549048815,0.0,0.02682038824983453,0.038863720468489085,0.08619044697071378,0.0,0.04021277674125447,0.3141758495414613,0.24567480075531248,0.14008643811167995,0.5593443575507006,0.21417662985014452,Frontend Developer
0.4056414373302608,0.6550896781714526,0.475001640217516,0.3581995436812744,0.39970245583670927,0.6652138318146976,0.43109082604878496,0.6447962965858369,0.39701301159583824,0.49478873094483794,0.489447388680174,0.7336229818680998,0.09019791521964086,0.751168583364384,1.0,0.9608423976025257,0.21255627056861626,0.012190427788707985,0.058888764535938075,0.11547367278133874,0.06375728434945255,0.006859845763407986,0.08387414773596737,0.12734479004202134,0.042304625982382243,0.005814159327133556,0.2795123446570625,0.2918185442008595,0.12184506965490298,0.5248411519784539,0.24370119012554115,Frontend Developer
0.3883171793967575,0.7421875776454139,0.5022726101690196,0.3226158162868709,0.38434974927695054,0.6739446344012263,0.47249709123342354,0.610616323594315,0.3692908914474721,0.47603839258063585,0.5116999709487114,0.6714932600685212,0.10783605228392334,0.7755514139504426,0.9966511025923671,0.9986143124299511,0.3215562289037567,0.0,0.0,0.1171969538679919,0.0,0.01988647804049992,0.1437834728021747,0.08769089869614351,0.051776435897763,0.0,0.33235927912978724,0.26426468330773856,0.11037323885387539,0.5877388883171465,0.15322120506960307,Frontend Developer
0.4133695330720746,0.6594721655014458,0.5541541481065335,0.3352011301327041,0.41342241644852007,0.629390027960493,0.4357517951024986,0.6335074266529729,0.43627355073479807,0.5792321931975268,0.5603132537521504,0.5388882633345619,0.13203575007834586,0.5839177458010345,0.9635992536379554,1.0,0.3152844190968678,0.0,0.04627642885058446,0.18637657485237247,0.04649133974166383,0.10779342049706847,0.06389153467085629,0.12245474536417307,0.0,0.0,0.3344518758250863,0.29283973861255763,0.1024227322818683,0.5135824324406473,0.16072948242605992,Frontend Developer
0.37043316354391853,0.6847499775881919,0.5623390810036748,0.3438491692203533,0.44764303342516437,0.6768784486353505,0.4597407461441006,0.5841090747952563,0.3667733602909379,0.5518738428958019,0.5298910433548883,0.6840244880791423,0.08818546427533402,0.7658105863969707,0.9618487048031646,0.9542506584201418,0.3962040295491149,0.014890846046327545,0.048462777569536424,0.09652920762665951,0.10653259333613938,0.06717496301625023,0.0669797804218795,0.1069754266212974,0.036003730119990876,0.06289020624685573,0.28045925002262123,0.24386117495208193,0.10234568212700161,0.5451897476698774,0.18237466655236428,Frontend Developer
0.3519293809157664,0.646549679687241,0.5020270572047222,0.3126448699473358,0.3715772526696983,0.7470863900940561,0.533289288791813,0.6265197306956827,0.38522363510635727,0.5306559411223924,0.5118614332783507,0.7125011842916348,0.13685031349429888,0.7612174278718646,0.9924036517171461,1.0,0.18609401995579833,0.005787555419545197,0.07103478054225856,0.08751441127572969,0.03755506224080386,0.09433766480330147,0.04784756523978684,0.08106182973756687,0.012657057731209705,0.03897417652295821,0.27217395040739834,0.2716543294402841,0.054403911451652555,0.5533337427749765,0.1543564279708654,Frontend Developer
0.40435414546199416,0.7660809697913994,0.5635826860233984,0.31972592712885706,0.44555343211422777,0.6345873901650955,0.48327825335039243,0.6073560656814647,0.3982004966590325,0.5641991281477501,0.5131058415581193,0.701814833549283,0.16477064543135972,0.7833113902082023,1.0,0.9358936691726495,0.3070311396962372,0.05671041273884709,0.011483583942721282,0.14116412209732185,0.0,0.11500890981151926,0.1402725761010082,0.09347199369652123,0.0,0.026890514630631846,0.3445601364003838,0.2676605615972205,0.0,0.5820037614123525,0.2107535524385361,Frontend Developer
0.41567247673006313,0.7324328910212315,0.6173809178488722,0.30714157799909986,0.5049330236058628,0.6629251183917864,0.5002660625215505,0.5854035855936254,0.4815322330303873,0.575916703533343,0.49615311368102805,0.4906530550193043,0.13324852907288465,0.6308652746398311,1.0,1.0,0.3221699918024172,0.07150826602049667,0.05320231850044291,0.15298279272772158,0.10761870957605107,0.007891713091886424,0.1204831123053588,0.1491618463589613,0.0,0.0,0.35373445195176195,0.28880538106065307,0.0817862385902059,0.5792237245318402,0.2224511308492757,Frontend Developer
0.3138369070275553,0.7105473262901439,0.5554961590807724,0.3754582423749028,0.4693413110849406,0.7018691259081303,0.43744572242012203,0.6178831372202034,0.38059422938287435,0.5456503854790425,0.5229555011827665,0.6920516560537632,0.1376494900408481,0.8661581391159847,0.985401356728074,0.9584960121776841,0.24428507303887056,0.005020941201862993,0.11429730203781192,0.12616963019132832,0.09282134294231546,0.08565132141859667,0.042063880544618425,0.16519551474371919,0.0,0.130494857888245,0.310504045620196,0.3521031422055468,0.058035842508468806,0.5494091075073244,0.11088432938944166,Frontend Developer
0.436789913321936,0.7156287636221262,0.6338644969384392,0.29624066432546914,0.48968332710227175,0.6722966041803152,0.45144843246446603,0.579524674609317,0.3661941098902598,0.5649699167453308,0.5084556694535676,0.6257290528654496,0.024551493260589377,0.8011165003504855,1.0,1.0,0.22844690328518333,0.0,0.09619185311734138,0.033878311399843,0.08037361171208465,0.07276167833672512,0.11538644096984953,0.07483402979888154,0.06257221322525158,0.10599487514876405,0.2520705083915058,0.28587803417077534,0.09838453440878561,0.5241154990086492,0.18557239208520757,Frontend Developer
0.3483403456732519,0.7207865072544323,0.6401503763087164,0.30743066055740553,0.43240434781235637,0.7257603319020279,0.5055795170170397,0.5663941856448853,0.42752862270001807,0.43189481529959034,0.45983526717950257,0.7314316158232524,0.10459100336402051,0.8056230885722432,0.9630271825195716,0.956610950508338,0.1807083546765009,0.035473981042577284,0.06862441376113608,0.10987401210620534,0.016719357014384838,0.0,0.0350449333582697,0.04684126574199192,0.0,0.055164229616891484,0.2706953011923539,0.3320081503194822,0.058167347256661256,0.5424754352253958,0.20898923982488474,Frontend Developer
0.422716976625693,0.7261648018717757,0.5276780732262728,0.3389651328583679,0.4678825819970443,0.6867676432954413,0.45390547560366523,0.6141837563174931,0.3969690042363216,0.5661571267681159,0.5029845589212669,0.47820881360224987,0.10165097366664338,0.7468547944939025,0.9225038129722121,1.0,0.3055767253035738,0.051368932787610636,0.0,0.09995401782640488,0.020147074361181475,0.09755914086670947,0.023332040514260532,0.08896689208384283,0.03484720935353249,0.024218867574572738,0.3438991683033246,0.2687199506917959,0.024766447960782575,0.5726973332343139,0.20729496575265244,Frontend Developer
0.4526212354768186,0.7276067586809106,0.5993253951471673,0.3352282152064048,0.39782332884451205,0.637850628181792,0.363249428062858,0.5824258123363574,0.4261127956472135,0.48688730883841913,0.5517589549802384,0.6845246636468691,0.08914478195991048,0.7503189751881277,1.0,1.0,0.26441924507277514,0.08716036114390734,0.0416177280922817,0.07582269755367724,0.023870191052133945,0.04071432587087536,0.03405779113394941,0.10245865351687426,0.08933384422914459,0.14113347599830273,0.2574530301144505,0.29893400754837196,0.10838520335673146,0.5878853662847706,0.156992783090732,Frontend Developer
0.4168643061406749,0.650312709634953,0.6884897150494066,0.3272243667784562,0.4654011812482483,0.624369754214016,0.42739407319891737,0.5323567113404445,0.4582514115565198,0.5056120799260407,0.4924462217998652,0.6828587301932284,0.14392811112291046,0.7619395498618753,1.0,1.0,0.2541535759353407,0.04853634299464865,0.07506181074720586,0.11022291220148805,0.010011220711602438,0.07805055700153792,0.11050777032371761,0.16038206697221566,0.04801099733449087,0.08063891632618246,0.2899880323109144,0.243866038922272,0.09725169733181753,0.6572441125845021,0.15376012601765549,Frontend Developer
0.412476526017366,0.720610503208046,0.5382272032298313,0.3749450297466133,0.49975241655229796,0.7757822892332182,0.4232637737031617,0.6073838891839204,0.4035423544830712,0.5225434564142288,0.47335250862918454,0.6953093864949355,0.10632292296064313,0.7744501315276071,1.0,0.955748994935784,0.26190133242412883,0.06447044431046871,0.044596216016667495,0.08970317689242903,0.12235426126891231,0.10610491813309748,0.05329828119590339,0.05942731276083153,0.057430374390226815,0.1510471779657946,0.3601552502895636,0.22855072006395435,0.0920943604424578,0.5373473329362918,0.13795711889238088,Frontend Developer
0.4405017751110012,0.7500586328652367,0.6242176763871207,0.3427339612052567,0.43440883105780465,0.6766156719896449,0.4189767401421302,0.6459039794675201,0.3703517986144733,0.5336556714446394,0.4878522561557473,0.4157968057872553,0.15970248606719892,0.625726900501651,1.0,0.9820575991303451,0.26225880417491465,0.005577151393047951,0.10553754724620362,0.1644494303170203,0.08999554850609098,0.060604460032049834,0.055428736187718146,0.1434637083749139,0.019972375189495253,0.10270619403308139,0.267050370436623,0.3198188488594457,0.15140371294989868,0.5227421417782336,0.14143883856375497,Frontend Developer
0.39332115680838226,0.7224248946940729,0.5284962007618734,0.3192878766635092,0.35355141475960455,0.6996996938241363,0.4876814026757884,0.651939985965575,0.4229509508971208,0.5351972539104091,0.45942688445431124,0.6561108043666216,0.12144717402296523,0.7797628644844542,0.9692631298502703,0.9984890572226196,0.21609136977654622,0.01036946508204175,0.05873737980230739,0.1106599946911123,0.08459532128787356,0.05619794243307337,0.05123699282693592,0.12548124242414915,0.03261207159473453,0.011115771758001249,0.27357334763600566,0.34761861823362133,0.22867934347160754,0.5961106889003053,0.13466344439769318,Frontend Developer
0.47105861338766447,0.6882905865864299,0.5701963053013758,0.31478391571495823,0.4436392446597883,0.6514887046647915,0.5071153781582923,0.5837220130658759,0.4245079086809635,0.5736430494168047,0.4955828191705694,0.6284478327153078,0.09190339143656734,0.8421153612529609,1.0,0.967398749434233,0.2823036832633478,0.05838617063314821,0.07331049398018852,0.17281065324117567,0.0,0.09842787360172216,0.05868749229121936,0.05878928171272556,0.03159543867214426,0.10785651951031121,0.3753833765272222,0.2397091653302142,0.06605595730277894,0.5149468061312327,0.18432080647342367,Frontend Developer
0.4063941481307244,0.7449997772604753,0.5708525347881783,0.35133987052894117,0.3807221351465826,0.7392106354469468,0.5070893068027585,0.569932093637142,0.3685111148143837,0.5798490864916493,0.43753512507064485,0.6592280614021429,0.083889589962304,0.8097631737577665,0.982241133978813,0.9685833748826543,0.24520886053160082,0.02443791790758301,0.002396065796517563,0.12170692305564397,0.09504632158577925,0.06606149311637094,0.1053122593044836,0.0663775732375646,0.0,0.06769074089438432,0.32844497022324676,0.28116723536738786,0.09900721511015488,0.5240211705814329,0.06857908018426914,Frontend Developer
0.41740349622698725,0.7447729509153357,0.5357545242535278,0.29351519673645643,0.4098488923039104,0.6540925975141869,0.4954495822703352,0.5537103517903279,0.4258187809979602,0.5300909296386149,0.4202391458493905,0.5249049036703203,0.19057695766818467,0.636221358351664,0.9905114649053595,1.0,0.2884499389619125,0.11169380731471397,0.01828250344980365,0.10042511932250142,0.0803458870237531,0.02143544933343674,0.052923681398555245,0.13928471501387707,0.00420890926985765,0.04307100626947097,0.2594923884436569,0.318432294504968,0.10634212869128444,0.549650502284695,0.16266679120197206,Frontend Developer
0.394739124777065,0.7188674772919562,0.5270909954748954,0.2926363736163429,0.4256668618958942,0.6751407954529725,0.5194373655491504,0.5589905052717258,0.33388092424194993,0.6059968850808376,0.4648834766555895,0.7473381687435319,0.17474326882139163,0.8354083882295978,1.0,0.9267370561443307,0.22646047256558832,0.061364531814007396,0.0345289921080686,0.06859797034034923,0.08231881063661836,0.06030020047637947,0.09197258058503341,0.08512399758918618,0.024342897090760984,0.11158538671124951,0.25421987647722216,0.27710844928421396,0.06502377747742094,0.6344861668720795,0.2712301709464858,Frontend Developer
0.4034947686842117,0.7252059187809877,0.5490514832403104,0.3099062974341354,0.4395421434097606,0.6151418078262947,0.48161177790717424,0.5516853062364772,0.38584599225752897,0.551327241648416,0.46951403569972816,0.7125470555668634,0.10598302160847975,0.8562589149936162,0.9651516254675753,0.9933245637260127,0.2376803959223807,0.08929913707088057,0.03756339122534979,0.0777150400928055,0.042401827041726584,0.04561926256129456,0.06621258544817993,0.12156480688283594,0.018936636489428296,0.04843583855231042,0.18127851478758805,0.2624752486332338,0.15722741266077003,0.5846144746754088,0.13207458293307492,Frontend Developer
0.37959928868365794,0.6816320009664343,0.5960043537195949,0.35434466040252677,0.4049596957569591,0.6694950425056009,0.4098489257389673,0.5660353876370823,0.3764097808080874,0.5219095096876943,0.5146481815294789,0.7426021426062683,0.12258906912888229,0.771438537893539,1.0,1.0,0.27300564225502066,0.1243645921856466,0.05976508083544326,0.12295287387568214,0.0,0.011484345615031671,0.0705563626005692,0.11135261741726747,0.009860242975544877,0.0681426031606851,0.3426475632450409,0.2616424987218239,0.07507994736427905,0.5564273096836406,0.19492548761118664,Frontend Developer
0.3721961905436846,0.7396167336849451,0.5339194960547744,0.2932174613572126,0.5300579742745886,0.619716635225475,0.48646872154469656,0.5188424131905791,0.4263271079403646,0.6576717869525797,0.5422816904478424,0.5921591232082255,0.1211567045416525,0.7013271011833442,1.0,1.0,0.23629014305364165,0.09749937249843066,0.06710810941034306,0.06348774115049338,0.039021610384357946,0.0,0.0,0.05201783582770279,0.009478295286016264,0.053247498846620514,0.25316422492841406,0.2678914360227058,0.10945651928387122,0.5436104407065648,0.13176569749775632,Frontend Developer
0.3658461510716642,0.7589633055080314,0.4841317476621816,0.36177410083419437,0.4908141089838699,0.6548501448646576,0.4736057554306679,0.5598633941160774,0.410708548393111,0.6390576534935075,0.5508460246594721,0.6684954761443657,0.07223111621515937,0.8018894379275553,1.0,1.0,0.27618694016302486,0.12144145276397089,0.051303881865453295,0.0809851539567934,0.07098166698326541,0.07800219614216618,0.019486477398980215,0.06245555690109739,0.0,0.03844217993537001,0.35422588508999897,0.3072002290609577,0.14495465982767708,0.5404918605876916,0.16846459927798701,Frontend Developer
0.318870511772326,0.7458147341676609,0.6069096622509438,0.27293713776801953,0.5012299769971322,0.6597204307518676,0.41186895409643315,0.5784623659661673,0.42513692600976183,0.5478457263526194,0.4768785730010167,0.7123293527645722,0.15237894836679022,0.8066795311324231,0.9857296704326295,0.9781753963540338,0.2996982981886041,0.0,0.019494575744939555,0.09351838163750807,0.01847081051906861,0.06015904635424644,0.056534965392459516,0.19922662231449106,0.0,0.049554242895769963,0.26727809376767253,0.3581476551502795,0.1680488058217325,0.5039498740857394,0.16842115283121473,Frontend Developer
0.3965413149238081,0.6918925118509602,0.5338448319717055,0.34643609555850174,0.5077147961820598,0.7013822053919622,0.48976594663584866,0.5769066740657767,0.4406935416788591,0.5905619116378015,0.48101446122626373,0.6793128099556438,0.06199109587173372,0.7595331158146436,0.9826506813075465,0.957209024125169,0.31273205497565104,0.043641184955027904,0.07130302002389537,0.05116880271297316,0.10195049929058608,0.06958269474193175,0.06617857451537298,0.13787443092056081,0.037750801245925086,0.009463709629052297,0.3306312683349274,0.24905896423960136,0.10843559599788602,0.5357536365517819,0.24148865710137762,Frontend Developer
0.42188619812958217,0.7457977008495739,0.5228305482255375,0.32755634709162845,0.4438080840129916,0.6735128658859102,0.377702984885207,0.6696712848948386,0.39846142437986765,0.570072380998172,0.4474102257168576,0.5971864357580708,0.18017576484980546,0.6978114572952102,1.0,1.0,0.31987949514799446,0.0,0.05897947035761053,0.1233500057465204,0.05420203129063142,0.07292419664723243,0.10764933541650173,0.09245381721967386,0.009803883506977713,0.006579479093010682,0.23091810654531625,0.26806580364371113,0.0729085321298763,0.5584014271145661,0.15159099270634557,Frontend Developer
0.35212271485649993,0.6834805094403266,0.5737206372313848,0.2941899708555514,0.428653258624788,0.7528860581242461,0.4982068292913594,0.600214238420481,0.41043947721281276,0.5215875700749483,0.4832034271073904,0.6775448602462175,0.12920028859568541,0.8118717233294921,0.9548621897638052,1.0,0.25761582930464116,0.12689383350666578,0.09998521256680579,0.03353789566232175,0.03987160607173759,0.11433132634388335,0.07650805085322539,0.1035629351311893,0.0,0.04129731000797105,0.3139700469455121,0.19831666000784542,0.12453507224131537,0.5385928855718044,0.1870518831322625,Frontend Developer
0.4003730470192446,0.6952828938807254,0.5848627547311137,0.3268514937696208,0.5448358981218173,0.7402165572182449,0.4147021200805421,0.6385726409368819,0.3705347119120117,0.503027526540187,0.44095509580349235,0.6743101265974671,0.16523487874966486,0.8199707697257307,1.0,0.8709171206293299,0.27139488245802673,0.007900501795321993,0.0,0.05184566314428783,0.05283700122811279,0.07631043634178665,0.013584092655232152,0.12356344299898393,0.0576564959062846,0.06318472937592566,0.2712252306570264,0.2606619192514581,0.11311100679622908,0.538039185009525,0.20086566626932323,Frontend Developer
0.3507802098123847,0.720738035568483,0.5894775727879916,0.32325856408912274,0.3965805680300937,0.6038826349469025,0.4109090058014162,0.6105956341358053,0.3917615775004334,0.525979090640781,0.5159094097466268,0.6091979063687594,0.11451413841117675,0.7693672733094401,0.9459786801343094,0.9794167816063777,0.3794424136100569,0.07528578833750314,0.004776057471183336,0.14843672189260015,0.0,0.11069215913022876,0.014738907649912848,0.104381452598614,0.10842514354942318,0.03598513577476927,0.37906530016757123,0.2776701205085057,0.0965157917856588,0.5312235993883594,0.23149658124873324,Frontend Developer
0.3752757237066775,0.7817062824070432,0.5280889719546552,0.2973879835988,0.4763581873356379,0.6647609072628955,0.4667370574078926,0.5387399444505152,0.40440814597385216,0.5648426932667818,0.5689718178973383,0.5194993076405756,0.13849996053076116,0.7120452048970499,1.0,1.0,0.3804864907271193,0.051183417069162906,0.10294520674219718,0.12059368771493797,0.08429785552706204,0.07820050284986552,0.09265997258838433,0.1400116428208119,0.02218923863293318,0.027760914951344383,0.32257057880581586,0.22243177137308093,0.1247448869639372,0.5965018067285242,0.16784567584236246,Frontend Developer
0.39686721974597455,0.741974365794269,0.5830858849937188,0.3526715662007523,0.4672801185006912,0.6733521379869363,0.45460504682036124,0.6079931120009207,0.45813972281702886,0.5605709692592764,0.5522063428399492,0.6073263894430772,0.13786447873992191,0.8169421452309905,0.9333677041623525,0.939391845241056,0.2990083805510431,0.054285191412250064,0.0816186633265804,0.0,0.09277655058926884,0.09307177967862607,0.0,0.15631982101779257,0.09661635894068035,0.0,0.30986130224100333,0.2884830993269315,0.028094407710529803,0.5534650753461351,0.23116413740820407,Frontend Developer
0.3607010233778269,0.7786464851211763,0.567941924230052,0.2839449723194395,0.43800487869534105,0.6105616136727776,0.4723293979206541,0.5834095675109665,0.3829516439896372,0.4921558908792577,0.49676297756165616,0.6968415356657798,0.07018650143998778,0.8568814626011617,1.0,0.9660674841475726,0.27673853925188835,0.0834771374085338,0.10478564021531478,0.16347808443518702,0.12200914152521171,0.0,0.021599030131830378,0.043953079766443776,0.06863916212059482,0.0430848990912285,0.35606466332365766,0.2238681388437645,0.07243266034494945,0.5347356756545393,0.22453705290843048,Frontend Developer
0.42313069304549655,0.6243391397971555,0.5345547793426679,0.35397727638837023,0.4807410838016979,0.6856456677764322,0.4624291811256929,0.5538743965210116,0.4428076184656699,0.5021230453845531,0.4355461231979155,0.6969429864488593,0.10727007483959007,0.8425781140632985,1.0,1.0,0.2967375071086014,0.09239313426735218,0.015945691985805248,0.12846374152098053,0.03893607681610284,0.03024077481381918,0.013899166439442293,0.16169483889755534,0.024724783995918872,0.018463374672236195,0.3326787558500615,0.26295739586671507,0.06806211097993405,0.6827534920588123,0.126649101643854,Frontend Developer
0.4697042863749662,0.6730845503930667,0.578240142068751,0.3115358806988945,0.46565655180226306,0.6138207640514723,0.3950373763250571,0.621777717648088,0.32879304353063854,0.5032548526857192,0.49641119243598203,0.4868702831376594,0.07833225843240013,0.6471940194460307,0.9126189224964759,0.943964201632929,0.33416089044113995,0.08827646283763861,0.14060594145046704,0.12378955482372433,0.10206467455169946,0.03313869543900126,0.04251526437445333,0.11651624361881711,0.0,0.07183089708280839,0.28060292461146513,0.2623101584911209,0.1398904105208123,0.5045825947014322,0.17720655446978742,Frontend Developer
0.4130139493059623,0.6842860472786998,0.5546930780394386,0.31901729386323185,0.4720974171577628,0.661803390507393,0.40510807463351106,0.5679836203339264,0.3860488540284449,0.5179611799382012,0.5075767546207254,0.6943008002638725,0.12859423020970248,0.7777356752583715,1.0,1.0,0.29233767076791556,0.09289311602976459,0.05435672932978694,0.07450970021589633,0.08441357331762567,0.0,0.02766796335856478,0.09434850751640245,0.05111070646814039,0.10098278787740964,0.3394144209126522,0.3104006527473643,0.13458402345554737,0.6068262002003556,0.12949488034638218,Frontend Developer
0.48329220106869586,0.7498887832682393,0.5459607008822643,0.3304522767427092,0.3836618392377786,0.6587065111999572,0.44151507321416145,0.5741237870827653,0.4325769662097081,0.5541707582857227,0.452224524585288,0.6416160311143396,0.046406818699529825,0.848824890828441,0.9910154064825367,1.0,0.4061584002553071,0.014045941400220752,0.06307896339809374,0.15772787947520936,0.030440304657694824,0.03643118834618296,0.07121291525747556,0.20171585782974544,0.05045475419119393,0.016288095687657198,0.2766804141612522,0.26101929822966996,0.027216714421691657,0.5602932502205092,0.17529865282374876,Frontend Developer
0.39694224171295217,0.647504939519562,0.5670121318941361,0.27624191450423585,0.42664255702107656,0.6393961903364155,0.5013862362155594,0.5636920630615674,0.4538242273700336,0.5554523610248604,0.5167942623263513,0.6919674783163744,0.09090935236078643,0.8298771372235556,0.9828027194327734,1.0,0.30471240382921183,0.12628413653379544,0.06883509713464628,0.13826501198827126,0.07642115548438314,0.04100056045888137,0.0771642065099033,0.09502885362816366,0.008483370947858875,0.00640612057527095,0.3316644797793885,0.2578292117554071,0.12513796718512799,0.5668541565615347,0.16363250492611317,Frontend Developer
0.3605570025997531,0.7575315221051641,0.5374943735366388,0.37906330378997766,0.4034715321215858,0.7294069733845109,0.45855764856134834,0.6255291946684302,0.34797810685371944,0.49778570329197275,0.5103201297202871,0.4980814710578849,0.1781595354032617,0.6781965589379179,0.9742329257772823,0.9631983801509695,0.2690141911881765,0.0272868495432498,0.06981162221549583,0.09693033076749075,0.0967350493574888,0.0752888175481441,0.015320814726138152,0.08297779712766576,0.0,0.015455377435530014,0.23374437864807968,0.3182055409256274,0.1516928054042103,0.5271644027829767,0.13147007585855572,Frontend Developer
0.4175371106297487,0.6727249967749925,0.6041630062595081,0.28693022360761267,0.35066328306373945,0.663889520947644,0.43150741847534063,0.59699145136104,0.38604351573481566,0.5730616686551833,0.5169250658046202,0.7016657973215923,0.13263087722370132,0.8136114365603688,0.9441074681124402,1.0,0.30983380665515725,0.06395940133176024,0.04193964410526055,0.1236137564750851,0.059464940872563835,0.0784043098418683,0.04649689660704373,0.042905662515521956,0.017849303194071707,0.012053351046264003,0.2870104419565239,0.28401685319876174,0.13960228443151038,0.593306923230904,0.1833526942642171,Frontend Developer
0.4450249795908928,0.7073949773606124,0.561295340079517,0.30043453219541677,0.3934225929859373,0.6913769206603347,0.3924761312744466,0.553849898358385,0.4071006648097491,0.5160403660832715,0.5007115496142366,0.6945313384075583,0.10258866535311278,0.8158429443749864,1.0,0.9543766426821771,0.30241801497173265,0.0,0.12513722794643345,0.12136321642329267,0.09084642218145567,0.0764679894819545,0.048287841680457515,0.0691222614512419,0.024017081731178724,0.08344468612757905,0.2726491753080064,0.28683654824494714,0.027592313785441316,0.5343314607973964,0.14065330826205338,Frontend Developer
0.4623139981547297,0.652002386726968,0.5691421340596629,0.3793789045895002,0.4764165320092595,0.7299580062867711,0.5219980513191478,0.5933472606712296,0.4190042231367923,0.5577970556507651,0.5192307411932682,0.7055082452596474,0.19369578205006885,0.8253075724776711,0.961849126713491,1.0,0.30978774866859343,0.017121835773536077,0.01548577913994071,0.13803374397360946,0.02867854853808151,0.03345670705372988,0.03154116992917784,0.1098052085412023,0.06912929544486196,0.0767454334075036,0.2870650042330833,0.33407819263471666,0.13477705512678267,0.6063652344697871,0.2133971148038258,Frontend Developer
0.3745164407577423,0.668705858044336,0.5396630816746689,0.355224185194555,0.38900500634246954,0.6164957546071212,0.3826487670192652,0.5408563571390033,0.36843645297952454,0.5549798038172254,0.45394101285993654,0.5651142905428868,0.1268027685941278,0.5819215273995262,0.9992590583879079,1.0,0.35721568382428875,0.05968128258424802,0.0,0.10918373477130316,0.05697634994244351,0.07419655308734274,0.1554778734631736,0.0785371725642185,0.0,0.06876303967491935,0.3785781029618793,0.30739739741938277,0.08629433192335696,0.6060610522055014,0.24675431553662436,Frontend Developer
0.36434842871829637,0.6654725336892485,0.555434525395741,0.3276459453618781,0.49156225509306045,0.6503491841082893,0.4712751594650386,0.6533759523994633,0.4089591560861209,0.5341912849706647,0.5228078822209276,0.6754218155061792,0.1385048713098655,0.8061800295608015,0.9942264509392076,0.9838860607065929,0.2576072880898983,0.08975936362179199,0.057599057650993046,0.1509522142112384,0.0,0.02920772687392942,0.020372481490862637,0.08984211006097229,0.0,0.0,0.3324457415156793,0.2568273505187798,0.12222635567428167,0.5195343222580582,0.10955965683394954,Frontend Developer
0.4047490106726064,0.7308073350787592,0.5285778066520906,0.2749171019588829,0.48617090456733913,0.6668108709589518,0.4152749593963033,0.5312162960547306,0.37246326894842136,0.5342271496366504,0.5305144193772211,0.6879686340549802,0.11958044234594017,0.7770219331626197,1.0,1.0,0.3164235351258382,0.04756585269031976,0.0660409519866424,0.0,0.05809787246512489,0.12691526778852158,0.02678574498714506,0.060575816658887886,0.01930478019123601,0.015542467329309535,0.2685902970787502,0.2911558816768484,0.13297993557407548,0.5776288969118712,0.12914771728022229,Frontend Developer
0.3683315711955566,0.7183431059160572,0.5794961384791459,0.3072792963456521,0.4004674707205432,0.7000768561442196,0.5276988915888143,0.6360522704322039,0.47937660472949556,0.5251445489281439,0.5412559120767949,0.7401721833651416,0.1055150547708454,0.7806110460662719,0.9615557236229704,0.9963597042845183,0.22032780066880572,0.11757851591994964,0.0,0.11687293144696999,0.0,0.1318103450028884,0.09997749122984283,0.036248184392424776,0.03720182745462186,0.04033783598185678,0.3117564302411656,0.3059682183984307,0.06797687812588671,0.564522090047172,0.10261971096982428,Frontend Developer
0.44638221692285346,0.8267408584567819,0.4281761027312513,0.20721099669134518,0.42188895229842305,0.7123140295000066,0.46223993505921,0.6433182256180651,0.7805976284042014,0.5654744921292151,0.49280027241083996,0.96175607248412,0.7783404423443893,1.0,1.0,1.0,0.4720215992676648,0.4247418366166693,0.4470341572459523,0.35100974685173725,0.38539652497633253,0.30783275691837814,0.3277976475286005,0.10925445364804562,0.16871475344611808,0.21601886669043183,0.19156205587406372,0.21290232086334843,0.21799359866230242,0.38656166407034576,0.7682274992951867,Full Stack Developer
0.4928789452446255,0.8014964260922159,0.4788387063550582,0.33746326855115977,0.3997646103017275,0.6651223212928769,0.4401975326757178,0.6900868768082978,0.8193492993083975,0.6415743500778082,0.5081655660001595,0.9787603625393785,0.6906766399975903,0.934143603066222,0.8585958935007224,0.7296359368769852,0.5400236564090038,0.37490271311422024,0.5095771216400284,0.3887411691583405,0.15199619068652712,0.18849901954962492,0.26742734194426043,0.06417578205190821,0.2622667554176931,0.2559956159639541,0.22357316823363338,0.21090131316292182,0.23619040863122498,0.3184124787728927,0.8420194907603663,Full Stack Developer
0.4413019963422928,0.7223309404621527,0.4718365955011462,0.34721553641450026,0.33986017789785705,0.6665549897697252,0.468356084413477,0.6092261329843596,0.7772849085653657,0.6037797882107842,0.38151445520685867,0.9817178853529864,0.8581503636133115,1.0,0.9812458520644961,1.0,0.5894212648002336,0.39742942476018117,0.4793110953020807,0.3100039990306172,0.32291575546877566,0.25827346494495435,0.4314111509863236,0.10381638738704206,0.2234007778818109,0.3096750655117015,0.1917018919638284,0.13239585332203063,0.17757270586467816,0.3584140950580061,0.8113769195560726,Full Stack Developer
0.4496419962003805,0.7155608364083013,0.4998155032392972,0.26853297979680363,0.3810202838408774,0.725784880399785,0.39976620593901974,0.665915591412182,0.7520714229762863,0.6134581727269726,0.4790434127337438,0.9923216199179707,0.7518823411420938,0.9495256263305233,0.9614425913731074,0.7536769365953806,0.5679245742473128,0.4155713017520903,0.5260972898171745,0.2702588332679765,0.13757494061985479,0.21138051237656114,0.28928023725675633,0.12266998170325635,0.2709025433072686,0.2438201839037991,0.20723447001138562,0.22817113950242704,0.2070483362960417,0.2844308047671984,0.7640607374248778,Full Stack Developer
0.4371009972276685,0.7847531621113583,0.49023342442193185,0.38890329456275086,0.3567433923179034,0.6737524867881323,0.39950563761057756,0.64252755590875,0.7996063095502347,0.6245822964032574,0.5978937829717155,1.0,0.8769484921586037,1.0,0.9241630687544048,0.9474868331439503,0.47491049409373776,0.43580874049205526,0.4109846856625449,0.3367907335539569,0.3499917501643782,0.37645061520213907,0.3806640744361227,0.09766962001281818,0.25431453325509634,0.2538936441419384,0.2196360852029465,0.20450992329247142,0.18670906888565203,0.28648459298251455,0.7683721603619073,Full Stack Developer
0.4442284468667908,0.740676057729226,0.44047397628673474,0.2920548291158312,0.4273438028384229,0.6858879952742409,0.43295405164932194,0.6494030909179334,0.7587903731270519,0.4782869531018917,0.47537267483631385,0.9895279501644025,0.7307808878671147,0.961256489833401,0.904416650926507,0.8185681074454726,0.4956802989041509,0.5050454252419239,0.43752461788007124,0.4040996758882673,0.21340457378203515,0.12483386150916925,0.2716957590817924,0.0792484322454037,0.20702423309159526,0.28116617782131503,0.2127033234768122,0.18954118035188533,0.2126410504811217,0.3443384465177225,0.7580720776209523,Full Stack Developer
0.4205828497877478,0.7853192082211071,0.4229839586209751,0.2789249087918459,0.3775695772671327,0.7739604884465187,0.49747485526945384,0.7150497165681028,0.805864502389727,0.6047228716945865,0.47353405488889044,1.0,0.9236891766294475,0.9775040039184586,1.0,0.9822557240493118,0.506622235197871,0.4014590084938274,0.48923510853710567,0.20790388896163464,0.29607557269149576,0.27288118411420814,0.39702650696461006,0.08333218597910726,0.21350564243341227,0.2762655520265676,0.24878730021989823,0.181994100759197,0.25191687795439943,0.35821280897109103,0.7965817993052057,Full Stack Developer
0.5064392735279227,0.7731784121717623,0.46180683864110306,0.2542801851260366,0.3809988137717043,0.7466752198028619,0.49794697964840734,0.6420919031588711,0.7708871687797894,0.6163700303196329,0.5295785094142686,0.9865049431682783,0.6898853329729788,0.9835105018684075,1.0,0.8985507401315684,0.4999732504424542,0.6042362369635744,0.45873337202750103,0.3980825173644973,0.1109510142173994,0.19045617117582525,0.2809094240293954,0.12328086379251411,0.18054406739667025,0.19249812784518322,0.22155664779498888,0.13316756473347272,0.1934022605790173,0.28959030174741507,0.8659257313264461,Full Stack Developer
0.4846945798154757,0.8758957051173675,0.4774482835395369,0.30552843810202307,0.3937901686374009,0.6668720486426581,0.3919868794904352,0.6795575463926042,0.7767632317972963,0.5999790741092185,0.4348459418848869,0.9792541844804924,0.8590458934907543,1.0,0.992821544678806,0.8822977066354111,0.5191743089075469,0.42387041004368836,0.44694264363552844,0.3330201552368727,0.29562494315266763,0.33089502570260393,0.4198499678801375,0.09566953290803994,0.16252417530180288,0.17546161443934086,0.2097328755071206,0.1764823633523362,0.17868367918706476,0.2900145134160746,0.853540854532397,Full Stack Developer
0.48741778273899855,0.8003456579489518,0.5163884817084095,0.24905336658413268,0.3776254482714566,0.6742136876553022,0.44720117682769983,0.63869735852278,0.7728145139419782,0.5984033348584815,0.5860362547090094,1.0,0.7627014852263885,1.0,0.7705098635660811,0.7622718731085145,0.5185975288071077,0.5278012699695941,0.48917971586939135,0.4814594022911268,0.18145310675220877,0.2099194680466214,0.24140148554347926,0.12245858589574281,0.23501977232627252,0.27603821216575397,0.17067902344689323,0.24865132985575067,0.16848988431885226,0.30645673548349994,0.8298405202546894,Full Stack Developer
0.3850059073198338,0.7331474193161849,0.45536019999914096,0.220067406821752,0.3347187053861153,0.7333216707287937,0.43039497318175646,0.7223787467322742,0.8290063865223167,0.6180452225028835,0.5056134661597153,1.0,0.8758126504781508,0.9603514129898779,1.0,0.9088741095800641,0.5571339309836509,0.39131564166857635,0.43974714443138685,0.37933857298249507,0.36848344259716675,0.31530262812638965,0.4377970844156132,0.11336353912274234,0.19336186562543534,0.26284714383537683,0.19213385288234303,0.11885621362437791,0.17954370370400058,0.3047846729600926,0.7226103216896443,Full Stack Developer
0.5011998815921969,0.7494685401920756,0.4368007373876363,0.383035383340535,0.3276131341006493,0.7260223519895183,0.3997250959107012,0.625495383269492,0.7791483215011112,0.6448007736284607,0.46664138577717557,1.0,0.8315023701491493,1.0,0.873412241954775,0.9572661405227064,0.6028553521176635,0.4963744986744823,0.4615922542322998,0.4344809501089758,0.20568723189415306,0.14843640993410737,0.34394360039835603,0.14916913737713197,0.15226706182738678,0.17776469901488112,0.20839822808422737,0.16642106786699049,0.19698281688013222,0.30222213081678045,0.7574852898283754,Full Stack Developer
0.4488818183723032,0.7893545437872739,0.49353545931737197,0.3411579799541926,0.368253739863892,0.7440865273938692,0.39617866016149994,0.6798025738049832,0.8535509213275054,0.6262052244046092,0.49808016764227636,0.9616766476219246,0.8352713734219175,0.9922734777953071,1.0,0.8547117059005218,0.48707736351093384,0.41707115856953336,0.5341062113379866,0.29000303675255934,0.3437192804299288,0.3128749264222648,0.4224368041153125,0.056167445272730016,0.2372574341629447,0.21030753702830882,0.20975205655535017,0.205107168573207,0.2251184180615636,0.2927368057913059,0.8108039141418445,Full Stack Developer
0.42479606295074246,0.8000830082984967,0.4853415548507966,0.324213743075229,0.42651431144872404,0.7512621914823822,0.5254992929345829,0.6811101268223503,0.7731821254571625,0.6108986780738402,0.5442202097314278,1.0,0.7081792119754623,0.9841972591298256,0.8644227243637147,0.7589163061484959,0.5345294586051809,0.5365613131833972,0.46176753011173133,0.4826068753254841,0.20020063683960337,0.1765768317375287,0.22533608712188688,0.15857535669384765,0.18719446473254883,0.22045328691182256,0.16926409718625407,0.11726872412365802,0.24135456885579415,0.3991684239051738,0.7508207608719705,Full Stack Developer
0.3758763302380954,0.7771920496526638,0.46654136639062826,0.2082734089040645,0.3255901928156445,0.783160567341599,0.48811050412469364,0.7041411052265846,0.75862720010812,0.6002161482705463,0.49776324223127566,1.0,0.8483170684103217,0.9798445510479066,1.0,0.9690333646804332,0.5219313976360427,0.3889968573753863,0.5028080201853616,0.3097415248204811,0.29989413336661486,0.3297600313772463,0.443626191963694,0.10334079071963059,0.2365277467676483,0.2783647614649103,0.21687222455420707,0.20969681841370696,0.1936094752657235,0.30592839999276034,0.8569125688062115,Full Stack Developer
0.35836729043316934,0.7874652920307645,0.4398667870308545,0.3204311005461903,0.31937703942844486,0.7444679024169222,0.4870273679548343,0.667190151001569,0.7652244457319783,0.5760269410816717,0.528129794035218,0.9958005520431897,0.6437074909386983,0.981041117436881,1.0,0.9317217838958058,0.48724955366838535,0.5152578368699151,0.4643080580334984,0.4170468042464665,0.221416502956197,0.1555390692163838,0.2585748372638419,0.0938961961325298,0.14282365236630445,0.25509134323567206,0.17636587733426076,0.07740248968744329,0.14003427773441274,0.32292997786397476,0.8491949350196255,Full Stack Developer
0.476523317709766,0.7927134808739035,0.45597260738051487,0.30829676797942096,0.37053580827961724,0.7003455409111411,0.4353544846017561,0.651701476623613,0.7694569167378117,0.5326349626438611,0.5239983988685377,1.0,0.8052643343116138,0.9507347546958967,1.0,0.8916617615316672,0.5411038839488448,0.41316688470153934,0.4465369727606814,0.3234690345199115,0.2972861179401424,0.3043103273531711,0.4341456821777868,0.12689484395637501,0.1648417182783431,0.18725692073539785,0.13900362512275244,0.2420627519574875,0.18258404997470606,0.29704884021629796,0.8116858008248895,Full Stack Developer
0.3815880452916905,0.7555298659364594,0.45218417422805385,0.2541219889402619,0.320357058242947,0.7147131862755363,0.4436724314578197,0.630330197752031,0.7402677882570663,0.5399727914393012,0.5503397177586623,0.9475826852523477,0.715238341032711,0.993432555814442,0.8183026286795824,0.7809760896911059,0.5257486098772364,0.5128907796279777,0.5071378838578554,0.408865846841314,0.1420779147051644,0.2040105934137273,0.2438919982357875,0.08206779021708706,0.19086581712882827,0.28192801241564186,0.23552123480564868,0.12756155736616662,0.2565405063604912,0.23839063326034093,0.7329942384148042,Full Stack Developer
0.3844550538548537,0.7263959788393429,0.43461972769211527,0.25012244841031545,0.31822141450058855,0.7482772370787263,0.4487254197825959,0.6804348339641685,0.8344715896323115,0.6038268193328378,0.5253144574199383,0.9898758827922093,0.8211233822559392,0.9409673373694339,0.9072300506437702,0.9653148988864342,0.5432117121704396,0.258166833636715,0.48773357439875,0.2965572466404773,0.2781992928592629,0.27769008734320094,0.40323399421950656,0.1446406248843681,0.2136076502752175,0.20829946780389008,0.28589780374409907,0.2116594713611051,0.2359270185939002,0.3636814427434507,0.847272397830324,Full Stack Developer
0.464627826788371,0.7713142814689302,0.45616881387024577,0.2377761671771672,0.27695506987964513,0.7581739042530635,0.5360970114420341,0.6359719542957231,0.8555160839213474,0.6614134965220195,0.4793573294111533,1.0,0.7488092816640902,0.9870010435000557,1.0,0.9489418426912104,0.46147412887909356,0.6290576999281208,0.42203611324492757,0.45483855154324404,0.24087731904266946,0.15661437824891697,0.23781753374454687,0.10519457463021673,0.20116573822936476,0.28895148666458537,0.16655083572899487,0.15211605825782418,0.19646023945674818,0.2734594720600879,0.777943359263351,Full Stack Developer
0.4260802809655125,0.7197971950558173,0.4270826230180395,0.32258730458009843,0.286556293406028,0.7703844291596007,0.4423223931911789,0.6641802820124096,0.8400937909872717,0.5624243114846966,0.5179995872635534,0.947628154400791,0.8175910073242333,0.9901688867724038,0.9810949446841968,0.9760841254301369,0.48099733282737783,0.40311421422739274,0.4483161173842277,0.2913330453182544,0.2316759395154651,0.30821493600966016,0.4469125756235967,0.08713229692085434,0.19964997713568866,0.31327026235861605,0.19720147804141885,0.10282522476664746,0.13613955093858388,0.38299295335096073,0.7789461164732328,Full Stack Developer
0.4792217076915009,0.754467229715816,0.4669655209968262,0.2740940651135701,0.3600778061726526,0.747256491097073,0.41228898500934913,0.6619150166499568,0.8068773463519593,0.537581274243133,0.6066077544702978,0.9849415869115207,0.6807965019094072,1.0,0.7869988649431,0.7625026947373663,0.5456153063132414,0.5054592527216607,0.4859455588107185,0.46866644828350346,0.13608661747998868,0.22617345926016771,0.255055762017648,0.10797071221742435,0.1993661545849569,0.2221574503486722,0.19711241358193307,0.24884999873024027,0.21675534832467622,0.28284284158509265,0.8031568168396251,Full Stack Developer
0.425316206702169,0.8093313084678364,0.44741227821762014,0.23610506496471403,0.38287135480667567,0.6966036333937019,0.4794317393670821,0.689361821122863,0.7885672449445386,0.5935366351575644,0.5068243355176504,0.9735007492498958,0.8770924521817365,1.0,0.9520310804812092,0.98542077940967,0.471157886616323,0.41179594115614304,0.520179882600014,0.32855841135243863,0.2751931877796852,0.35210263892811544,0.5016710477626829,0.0928022869555058,0.21497566545931618,0.2708422107638422,0.16509540397528852,0.11363926424154411,0.21684854831433742,0.3264614312424694,0.7585463649751701,Full Stack Developer
0.46320796047088775,0.75655053933797,0.4669263156340559,0.3005459524366679,0.371972193292029,0.7292280407755989,0.39316126478684765,0.5909743713605398,0.8718930618482497,0.6553728080457955,0.48891110464328863,1.0,0.6566830161157597,0.9405242167302145,0.8696023084972219,0.894329317632933,0.5139952762983714,0.5577821252972509,0.4556731358014962,0.4576305593048465,0.15270242044245327,0.1621044260169503,0.25289541505579577,0.11036417338954106,0.10548469462573873,0.239834095208861,0.19377229592245498,0.24167866065836607,0.2090934216658447,0.38859056127806807,0.7685242966719947,Full Stack Developer
0.4176340336174732,0.8376382592810074,0.4424080438381876,0.2606774796312653,0.3674521126307344,0.7374232726045314,0.5126579935237136,0.6189911106661474,0.829641339150348,0.6700882253204616,0.5447032297020724,1.0,0.8739838220764824,1.0,0.9565447671647074,1.0,0.5758899971215551,0.3887035013250679,0.46281911769839623,0.21170215611385845,0.23068673020770497,0.27377198476669334,0.39583286940170936,0.1259497489749759,0.24733618194177062,0.2399937556904456,0.21293269855476563,0.1678102979516427,0.24384524367471894,0.2957929454695596,0.7874334601336451,Full Stack Developer
0.45544713598783915,0.7396118465638762,0.3922452356229289,0.30727802069700455,0.456714492584454,0.7343070743157066,0.49319445387934463,0.6375570932064071,0.815944944831296,0.5434168460027927,0.4568211453406216,1.0,0.7140131848908599,0.9333978706400585,0.8207351300339787,0.8244157203644894,0.5149789447980199,0.4387735081895073,0.5352673462538865,0.45158046593633255,0.23265091655524828,0.18159798827234372,0.24150813228092693,0.11418522468948127,0.22769718795920502,0.3133716731148102,0.25140909734107664,0.2024201043319054,0.21534724874683756,0.32822544321274627,0.7768085376740662,Full Stack Developer
0.490844828883366,0.7535869707072193,0.44218519991872635,0.2957448744881005,0.341562199103198,0.7119059074967815,0.46339463999412633,0.64793918884438,0.8582302570372237,0.5388849216829368,0.5224944850868756,0.9807274396927789,0.8595858664285057,0.9049046732695557,0.9576850033607263,0.9582634611091416,0.5123227960686993,0.36044798338501616,0.45283590907225424,0.3051022257409101,0.3840108971359476,0.3145732507984245,0.533117307823079,0.20342438348698166,0.2805611764483394,0.280706476414086,0.21385307579277063,0.23574357126439038,0.2844875406719498,0.3294650180653916,0.8106807117546774,Full Stack Developer
0.47864806797476983,0.7664565267755157,0.5109940093020956,0.24373265618972687,0.3803969882038369,0.6822961100835283,0.4617465342675197,0.6216509351721975,0.7977676328508446,0.532956801770045,0.5239570346822147,0.9846082515604985,0.7659976123278885,0.9978168364689688,1.0,0.9188872639450671,0.5720304262306435,0.613857230644111,0.4344557627341348,0.47943753931414074,0.1177392771929066,0.1620087756185359,0.19359615418978596,0.12655430879127924,0.19135626533856526,0.2698904725085327,0.21218447616192396,0.1653682963730869,0.2311026828979914,0.36748426049617583,0.7832376232465244,Full Stack Developer
0.4918150453802659,0.7614361954675815,0.3422516562198078,0.3016362554513472,0.34068456290627114,0.7144712222015452,0.38258762300295096,0.6630618834807493,0.7724177063228872,0.5790790795552846,0.5422834229107221,0.9157113802278039,0.8883713410301931,1.0,0.9969966149386029,0.981731151334798,0.5753687850050169,0.3846986964772712,0.434924566593506,0.27906302874660777,0.31657304688823684,0.22418336703655556,0.397484847495807,0.14782543197752762,0.19935223788199352,0.27229164114690807,0.23490288509282733,0.22346037595990223,0.18728128045493364,0.3148842265584059,0.8123651145604557,Full Stack Developer
0.4159727593661011,0.7424611835835706,0.4919323846950786,0.2651890911599023,0.3870210225652858,0.7456941144949917,0.46291513268071544,0.6617838945750625,0.8272775524889671,0.6575209385305393,0.4623958326294106,0.960979467458716,0.7195370517218701,1.0,0.8487701616017799,0.8562812625093766,0.5016541768120374,0.46342006218436693,0.48555191898375916,0.45592355293632764,0.1620335403850543,0.19979755536581104,0.20215690427267907,0.0307333562650956,0.13494134293454,0.211619055807788,0.24886822425897037,0.11567376813419475,0.20154926012325372,0.3371974280940551,0.8618829292583343,Full Stack Developer
0.4133181294579671,0.7344165690384162,0.4933016022217801,0.25010861328969886,0.4149786248108118,0.7440761279664332,0.3926766798704457,0.6772275858597591,0.818067713484043,0.5903167925164514,0.4749573120587003,1.0,0.7755523454772006,0.9394921420278217,0.9663588239020233,0.9568409073348554,0.5399012480013632,0.3512380483811514,0.48619783585890974,0.22749806398273478,0.3320394535302551,0.30549980136102967,0.44434198670276653,0.11974467302326883,0.24547231270240652,0.21557237617900277,0.17052966574461756,0.18277780876032482,0.14168739353165355,0.41361065008398956,0.864311711729712,Full Stack Developer
0.38554420600883005,0.7796242457982131,0.4991892677289035,0.27730009467295547,0.3366025438966965,0.7770260409393447,0.5174164186196722,0.5866179586127376,0.8046955157061237,0.5951710221349235,0.4296610374378462,0.935736617147999,0.6866646529380348,1.0,1.0,0.8262369733228755,0.544745896296274,0.49140055412435046,0.4862495462802108,0.48772616614291003,0.20942164289048945,0.1635971458373079,0.2540678474638182,0.1533158916559814,0.20175409717735832,0.24224196590416153,0.1815129697022028,0.18840642742815275,0.14533191013436939,0.31325832216487287,0.8036885805979781,Full Stack Developer
0.489155375983052,0.7636282610377877,0.3537419115380648,0.26938236118937553,0.424959139351506,0.7360836639509314,0.4343331971715803,0.610742437603968,0.8149421040555748,0.5725131093686687,0.5010937065458383,0.9693469628592198,0.8378086350258516,0.9845760042310497,0.9825825791183236,0.9352704735245236,0.5288659504927351,0.42339732883056824,0.4486616249181809,0.3545891454447156,0.3110281164585343,0.2910287255714623,0.4293659217412205,0.12992857478816605,0.18229741230140004,0.18262592386552565,0.23986210031117813,0.22858790121847714,0.22150832698374878,0.29518493527099304,0.7939342496556573,Full Stack Developer
0.3998535288528894,0.811700274132471,0.4606516687580833,0.31096322359098494,0.3717863243519157,0.729949092809227,0.4716565692210788,0.651080322143501,0.8466932810902967,0.5438941829970715,0.46532655894755337,0.9854907502955109,0.7160884457529758,1.0,0.7829791095445429,0.8091988691293708,0.5344378846436965,0.5636230098431115,0.48076606914469194,0.44190119704568426,0.12774340238238405,0.1811988554147659,0.2516612454119518,0.09570751557304844,0.24630527100178065,0.29902672094932353,0.13477015035150705,0.20646897296914996,0.25193973039934625,0.31841754167237707,0.7538775158547788,Full Stack Developer
0.4621789529667399,0.7631865429028004,0.5923878358787564,0.30636507201664104,0.3472193436363161,0.6710171916470202,0.4244140170630511,0.6865268018458524,0.7306607289536475,0.5320144843564694,0.5398522771925965,0.9849833457621971,0.8628625033755648,1.0,0.9779241324753802,0.8736999979699216,0.5135990313009045,0.3982604795957779,0.4676714191343251,0.3569672029799061,0.3339712774669305,0.28305418243492825,0.47375346648206695,0.15893736661097135,0.18683507352735423,0.26251115934561475,0.2266520809239154,0.18859099429898146,0.14490777176374733,0.44453334035189923,0.782890789445116,Full Stack Developer
0.46220203075792105,0.8072560872652386,0.4353677488985834,0.34259872426478416,0.366567115468845,0.7043896399029564,0.40620153118602187,0.636001344536053,0.8145204677053306,0.5873887986330392,0.5261844217326155,1.0,0.7113594124119369,1.0,0.9946604115123913,0.9497851068542353,0.540455885155552,0.5452665855017137,0.43225576490937123,0.417837970318221,0.14347822114157555,0.0975164859898469,0.21905414537912113,0.09633651541292985,0.19200502269261346,0.23816528381585259,0.22503140795047838,0.18493953826815868,0.1956135145177925,0.2511214025000479,0.8019857924729409,Full Stack Developer
0.42074393228301665,0.7982024438573256,0.42001217681398556,0.24721060205895673,0.42340776365189053,0.6576710650545029,0.5308881290900247,0.6553385377186939,0.786539901873473,0.5826982317737894,0.5352003395450443,1.0,0.8804574701897315,0.9973731049975916,0.9690658913368353,0.9875033983321876,0.5210044196911531,0.3281807185394572,0.4772287380393974,0.2397552588827931,0.37645989260146795,0.3339484785643523,0.33283859875170474,0.11523434217174246,0.2000720640209545,0.2909754364396535,0.19438049245166117,0.17027962296299318,0.18399028000090342,0.3131747056501843,0.7166727163445364,Full Stack Developer
0.425032413888588,0.7303419089925077,0.4351160360777232,0.33669469008415487,0.4313503423861935,0.7381644524976874,0.43919387185676056,0.5944831273552262,0.780350957195546,0.5500755935632852,0.49102981346251534,0.9976385799065809,0.730976082381604,1.0,0.7604423859301352,0.7491025047316938,0.5023535382567647,0.5116275018041943,0.46907511024934606,0.4162207702221869,0.29392808453744823,0.21662708153479276,0.22602692894680765,0.153117891226426,0.28159190772471643,0.18997365600581687,0.152610902830932,0.17999294348507214,0.24241138620943703,0.33807563603900576,0.7310936652058507,Full Stack Developer
0.4160449241650585,0.7469658796314412,0.4855153848086215,0.2361912263187712,0.31619431838318823,0.7321795159320366,0.46314923740175457,0.6871925337507098,0.7750972853552823,0.6432017485132706,0.5365214805074909,0.9958699825035282,0.8519446105092565,1.0,1.0,0.9259687897942976,0.5011909284202024,0.43159333190769367,0.43916490112420703,0.2754790810946146,0.2872601750664234,0.3024387468204941,0.4335082448035126,0.07947630179264158,0.2110728898309524,0.21178202661406834,0.21952412989477169,0.17096946719619166,0.15074102098050235,0.3199951088422676,0.8093227243901815,Full Stack Developer
0.43129159955299207,0.687364019644197,0.5019771850320452,0.2527464878467579,0.3912453985718214,0.7146199430801591,0.4594693299536222,0.6431601362264842,0.8401203607528744,0.6093271578910316,0.5057912333791278,0.9512796419366997,0.7834109762568237,0.9392014373776751,1.0,0.8644509732994499,0.6124882972781213,0.5459960934179477,0.44437958026744606,0.3916688273242284,0.1668605514940783,0.18585000259192347,0.2697951672061903,0.08371104091938039,0.18591453184776216,0.28725238629789085,0.1872141967647214,0.18980832992812377,0.22185966300497686,0.2753367870592723,0.7959457420006079,Full Stack Developer
0.5003289871904452,0.7821246877982309,0.4697280693983239,0.2760395723776109,0.41010976244474573,0.8078784687672704,0.43226471315267,0.6825222792939761,0.7449478523847641,0.6243387125781338,0.5176162785022974,0.9542344446193657,0.9105220800493339,0.9601561411039367,1.0,0.9432444544507756,0.5338338619781695,0.35280668524521247,0.489315948626416,0.31064607622121093,0.32319563614696784,0.28748759791391915,0.40678668780015714,0.07049051755369827,0.14640624570252986,0.23440888854544983,0.15545282490428264,0.2557403305315164,0.27508263827768475,0.3391202860120096,0.7267907211719636,Full Stack Developer
0.46611100684514756,0.7617727482821669,0.4964830176120353,0.3337563576792295,0.33632915682271003,0.7151913161373694,0.4457619038579161,0.6344117286545969,0.7366414747513653,0.6152954320152495,0.5032542783664838,0.9869390917705716,0.7344809369695774,1.0,0.8841288074606202,0.8233317977671243,0.5812749686295146,0.4935843086058527,0.4201586662154323,0.48505248349547136,0.23582602320173748,0.2014366913220255,0.28069433881952705,0.10027572626849894,0.3294270105182958,0.27331690374469686,0.19200402122422092,0.2543532235708856,0.268885753064311,0.26768076410451824,0.7508993803304435,Full Stack Developer
0.43955281582925715,0.8215314925608261,0.42871143005930185,0.25220587740362416,0.39916210613517494,0.6526127350693397,0.4492492918322026,0.6081471452131906,0.7996707104760817,0.5620920809788612,0.49393052820682,1.0,0.878690670377321,0.9785097180099599,0.9738248704031522,1.0,0.575313410233945,0.3702242983929458,0.4721329313198429,0.31506025486451267,0.28702316072559464,0.3175863294105345,0.37456581275976697,0.060251572666255436,0.25001752197573623,0.2802232823078364,0.2461342270132575,0.17213776511421786,0.1802654779136013,0.3254252089538071,0.7283798400717261,Full Stack Developer
0.5033154336918928,0.6621387377508113,0.49082259508543186,0.25342153842451076,0.36627625518194745,0.6957551335179447,0.42986551641284826,0.5534817704812541,0.7492076920294928,0.6364163505649666,0.45100840538826753,0.9493098483597749,0.7191776646414277,0.906864767032891,0.9734686948336974,0.9478389370342293,0.5548393869263788,0.48800370165522844,0.5133165626763337,0.48785002573569497,0.09839491389625617,0.196076629836229,0.27356347377315293,0.12039735998416258,0.19035032924560252,0.18828260119789092,0.19405156038116844,0.19012967430637517,0.21586217590683154,0.33870167978668403,0.7569831050626754,Full Stack Developer
0.502623528735194,0.818209698593089,0.46176556193930834,0.2548784184949511,0.3771020792358726,0.712686594983397,0.44920944466111,0.6779225205816625,0.7832357001176102,0.6565644846290567,0.5252206764188743,1.0,0.837640631461388,0.9753113970962679,0.9377526505559346,0.9903101111404444,0.6551753460000549,0.40031882323572926,0.4753622409883114,0.2779202548443815,0.38217188040236466,0.3157086627635209,0.39158985364673826,0.040944308278788984,0.17320954872152844,0.24280994794913405,0.1266785666259319,0.12594640206531546,0.2665303841226134,0.3581757225805408,0.7869911632852676,Full Stack Developer
0.48552156568008065,0.7398983300041377,0.48307951217875733,0.2784830826177753,0.44537209019901797,0.6842950644773573,0.5245124010705678,0.645982004612027,0.7248692724525074,0.6123719936698906,0.527956254572775,1.0,0.7539555191565306,0.9627941561838064,0.8790300704894084,0.7896610958345416,0.4767512021935709,0.5261239364142588,0.4179312761893229,0.4414107441595555,0.1966395635245786,0.12243847955038405,0.2792694417272205,0.14333231858425308,0.19000226033190307,0.2286296571354229,0.24273629613236092,0.2195593021940681,0.1536587831836097,0.2833743126244662,0.8316121661549141,Full Stack Developer
0.43855711635961475,0.7642948656416584,0.38160202287026895,0.2745471328614471,0.36006204600896363,0.7587230440691478,0.4483962054809987,0.6801426678849393,0.7931074149900113,0.6502320470613179,0.4994246016270573,0.9793753964134596,0.84425628871809,0.9585043511248744,1.0,1.0,0.5714267845263231,0.39600781799247214,0.4157144390356636,0.24976545650789042,0.3555169237840405,0.3359402223730249,0.39208732829335474,0.03138417886891731,0.20705920921562881,0.20404995846213828,0.17886512255886688,0.1236498224770689,0.23225817274721325,0.3005863640972485,0.8204472063825713,Full Stack Developer
0.46326392129079774,0.7472292119964818,0.444493118202873,0.3633902239412499,0.3254324244978351,0.696196897863067,0.37929894225740557,0.6452201683317283,0.7161288613053525,0.5804864204291776,0.4276623089670597,1.0,0.7167681793462085,0.8667234097090202,0.9487888786743125,0.9184295079154928,0.5610736752854836,0.5642527363972287,0.48078742829312693,0.45910994919073517,0.18406085315865903,0.19343154091999287,0.26795680507052044,0.09134364415742383,0.2223736438306681,0.28660995734413974,0.10594710267479791,0.08323195672918078,0.22240739697640244,0.2890850058088833,0.802791983383674,Full Stack Developer
0.44654176183475025,0.8570085016668482,0.478917223369182,0.33318655243979156,0.35417864487037587,0.6975814367813563,0.42944319519966573,0.7001366733788971,0.8209792537647693,0.6030427626563056,0.568463273726076,0.9944322248360283,0.8426728800518586,0.9863094095732993,1.0,0.882654758525708,0.538092798487895,0.4438866915586638,0.48124774751065025,0.289118417343544,0.39453921660731384,0.3314598824116219,0.353052833460747,0.09311287508315952,0.2636261708751551,0.24671494197636387,0.2621068375427234,0.13205139350888345,0.1965527072772882,0.3392472708489115,0.750209548639043,Full Stack Developer
0.44756292994585506,0.7874912949913719,0.40132607203988124,0.23374682787563217,0.4141110272258913,0.7344365055738424,0.36952682205377496,0.6239241701836632,0.8031694592767235,0.5090131828327709,0.4631310014561376,0.9871945180178469,0.7107022721549149,0.9578099516980572,0.8318615247629729,0.771279038295785,0.5322363932732753,0.5418692512337426,0.39058202203155534,0.475557190429326,0.18857786339216775,0.18686046541274678,0.26034533494370876,0.09200544870130839,0.210056100209405,0.2429668621129826,0.2316736308712751,0.20522565803006326,0.1887163128209528,0.34855749815208364,0.8195397898187001,Full Stack Developer
0.4755085330355627,0.7550941473920728,0.5032651098698964,0.3253217123426069,0.32303015148767966,0.6977480994569799,0.5240932051223849,0.5768846383384357,0.7989699524685501,0.683998407409454,0.5429792052888441,1.0,0.8258173669223362,1.0,1.0,0.9251096874587851,0.5401225690509543,0.4199989764504221,0.45636974538396546,0.23639470878410482,0.20843489837140755,0.3301225586957853,0.3973446048323943,0.0,0.183069238035476,0.22444081486143125,0.1806165413639075,0.2202004005421183,0.22632890610182022,0.31919373611312335,0.7490368217280974,Full Stack Developer
0.47604643861248697,0.8292856223901164,0.5211688175937362,0.28207439583206406,0.3902828049527657,0.7039811687728246,0.4303011717024486,0.6800157663639665,0.7499465107160526,0.5806148405142597,0.5459224516323478,0.9799622019934546,0.6821766991448579,1.0,1.0,0.8719311055312753,0.5534223187541367,0.5246730335117596,0.4974464890821544,0.4671004418103232,0.1657354562949576,0.17807967601550936,0.280224781486078,0.11602177289394525,0.1999629005702055,0.18238420274027572,0.19113945915931202,0.1567395310996506,0.19758852230895207,0.3691281039946802,0.8582112910489745,Full Stack Developer
0.4765469042884034,0.8029952582259733,0.44821352389028657,0.27755532439465996,0.3960360988755352,0.7687103316860718,0.5016766687619517,0.6454225793634535,0.8033341340552331,0.6775167306783352,0.402943087905763,1.0,0.8598820494818092,0.9863917106921252,0.9760806236554013,0.863442891712593,0.5316056119725538,0.4306743741905508,0.45324721455293,0.29075447810824373,0.28189215258226086,0.3183707730403698,0.31513961121773637,0.0682720547276364,0.23047904418202494,0.1869320643303689,0.15048380026995778,0.156326630767043,0.21990481703743026,0.36545024957918637,0.8000479582860361,Full Stack Developer
0.43525292492529005,0.7867115004513022,0.44296877391354667,0.32239386631674477,0.4260069914746636,0.7234911408567207,0.4177257639794786,0.6487716596139128,0.8805825632004611,0.6126733016165266,0.46071710192502346,1.0,0.7205850280049155,0.9667572978054085,0.8879535474767848,0.8122139087498905,0.5863833645623973,0.4058144345071435,0.4762015474140662,0.4501290330276419,0.12817987774431472,0.18501110569004076,0.22890452327835856,0.035744301954867205,0.24405398284380947,0.23380090043516974,0.13448032002336113,0.23246545287155684,0.20240873667923764,0.2928370812188864,0.7347126219421455,Full Stack Developer
0.4036376695164975,0.7051407811341396,0.5204171250651728,0.37299291405015184,0.41565290831184415,0.663401377775289,0.48493532372285925,0.7444407678088276,0.7678930762278726,0.5963760916293636,0.5718180645289038,1.0,0.9002218655797906,0.9726204933597212,0.9289872060409092,0.9567673573115895,0.5201975173001062,0.3532846047007463,0.433152156836928,0.330073050652701,0.33664893370217636,0.39407802333959946,0.46377712646287905,0.1061482757705853,0.21917589870901824,0.28239682993314574,0.2059934868097628,0.22474227497223054,0.20721628172955564,0.35177952312511857,0.8602539279575806,Full Stack Developer
0.38550516229594756,0.8268733437217882,0.5108681401434687,0.2839316560209054,0.3714899148976696,0.7177398099747563,0.44123236645015035,0.7023239022823777,0.7442199111935072,0.6063824930990246,0.44895702877543725,0.9797614496124223,0.6794330919161458,1.0,1.0,0.9854845519929956,0.5401788119581207,0.6086200526745199,0.4480640926755845,0.47856306341512733,0.22347034301288943,0.15452422481632475,0.29148212494598336,0.0006637887196360992,0.2610490244658557,0.20773644689750342,0.26279193407223467,0.17404388741685023,0.23925015076200773,0.3016565505167984,0.9272268051602455,Full Stack Developer
0.4558048783796932,0.8648793086373835,0.45247944436836024,0.28005877625452225,0.3942366936922863,0.7791503984373138,0.5005936777582222,0.6740030061570152,0.8024169624530151,0.6348823872879162,0.5171749025827735,0.9948367699721283,0.8676774669320815,1.0,0.9353400709126067,0.9731097002683269,0.5713079620384742,0.4693199243833376,0.3382042464811228,0.23562927254759314,0.28223448084716585,0.2923447087327919,0.45560166041603045,0.04699924408217307,0.2036121829324184,0.21258575530266255,0.1885219822101921,0.23099509496448659,0.22302356996150471,0.3005537447605152,0.7447674152273038,Full Stack Developer
0.4693275128436294,0.7443977377791416,0.4412004694211706,0.2832031996655696,0.4110582828300148,0.7158883861123128,0.4469011336156413,0.6146152126287608,0.7696784792902815,0.6366724045368464,0.5002992607849073,0.9921989407370315,0.6705330880366389,0.9586360295796199,0.8589441791951805,0.7788355791051681,0.5313011208186308,0.5437675194359473,0.49079675928456856,0.4747601742167394,0.1562161727725554,0.16277045734793777,0.28858663803124157,0.01056083132070905,0.2215843579887313,0.26848010298173913,0.17228941344468693,0.12397207685900045,0.257143570752798,0.29338407057282423,0.7983242007553955,Full Stack Developer
0.46024092467665845,0.7341110372700216,0.38889224749874723,0.30424875942783786,0.3109356230474297,0.7567814153669387,0.45732001085711615,0.7369988593410738,0.8057153644586502,0.571419988867848,0.5315898486073193,1.0,0.8197044465510835,1.0,1.0,0.9762108665940682,0.4989908084063226,0.40833715438045737,0.481510684370821,0.28733750212348624,0.42440689775039575,0.2699928818524621,0.4078015830765354,0.06419329295527745,0.22853476438314427,0.308256379796045,0.25729918607187907,0.0698839689798855,0.26316876579294046,0.3050054576521878,0.7720311376067492,Full Stack Developer
0.4537750970929055,0.7590730224246449,0.43840344128890507,0.2636290507002582,0.3794380155561962,0.778512761831542,0.46913403270464454,0.6471302808034088,0.8247535237773468,0.650707170649652,0.5051130493152768,0.9935994570477491,0.7488224994866006,0.9725294213734887,0.9053825510847312,0.9619609391358275,0.5232561428854846,0.5083472964495627,0.38891362669618906,0.41710006933247046,0.15337409286508163,0.22511464058942032,0.33763369868784077,0.09274744724875535,0.2369277784197818,0.19409967377603043,0.20499326059617032,0.15857088760116753,0.1368608060643019,0.3702655033480359,0.8079587869480576,Full Stack Developer
0.4755291021393631,0.754868066953583,0.359465220505006,0.23594336418773995,0.4031351049919246,0.7200001351134614,0.48768438337977016,0.6341109072636142,0.8037297869545227,0.600022545619303,0.46309049490932,1.0,0.935230458786387,0.9803085890745075,0.9210380599569443,0.9662955953240274,0.4851581332787571,0.34012227295485215,0.4540485202512244,0.3222479650125777,0.33689570823176385,0.30467372563569606,0.3647757063363585,0.2073043858483608,0.22234071385744206,0.2728013088794441,0.21935881835048052,0.2351684142267329,0.1575420392738195,0.33959833148343627,0.7871928208898736,Full Stack Developer
0.40442107039119346,0.822606462727325,0.4141555106348572,0.3123150240645187,0.4340476326854211,0.796388060723334,0.4263957952430859,0.6900723117637101,0.8236209744342543,0.5528071202328076,0.4257672145571856,1.0,0.7718636779907664,1.0,0.8132687277264876,0.7947839532621689,0.49841505963143573,0.5929799364015311,0.47786119702573343,0.4645938964163693,0.17268708044611467,0.13408109739421908,0.30393940638736,0.14113591349953422,0.26626464205539063,0.28237222657713473,0.16188584644567997,0.16718119881603843,0.21728703062185353,0.29985421939694024,0.7542845292989117,Full Stack Developer
0.4365670566019955,0.7766194743409242,0.5856221514752917,0.3448342637653764,0.33796576598714806,0.7006060084105983,0.4205526438863324,0.681291202666107,0.7847317243912263,0.5946110212353581,0.48085384507085016,1.0,0.925609950567729,0.9601803060006571,0.9418303443999031,0.985831146139502,0.5018799870346955,0.43208987831917145,0.494109427133235,0.26018770260387686,0.3436563615229671,0.3338063495883459,0.354253324058876,0.10022315421559103,0.20078651839667258,0.25471870212975695,0.19337091357834774,0.19003832676468224,0.175285556971641,0.32026568879976786,0.7471920782731677,Full Stack Developer
0.43171881185429534,0.753637106269643,0.39438153663854947,0.29544558277812644,0.4313987492256319,0.7014000129773514,0.5099140941923885,0.6624825452795764,0.7215325184190768,0.6986801603440208,0.46343629269247494,1.0,0.738849553428775,0.9986404741172061,1.0,0.9865552376159099,0.5038785716468519,0.5205932035812754,0.43806831363736537,0.41981966549952965,0.17196539255186774,0.2073118390614173,0.20281295966978752,0.09394357285964489,0.18114991202161373,0.26517589599435026,0.22141539681127517,0.21424060286823177,0.14983283692742183,0.33882572936901756,0.7968606873206264,Full Stack Developer
0.381320450020275,0.7098047481020995,0.4335966392245249,0.29306046943226727,0.4150222917484277,0.7177099364625432,0.4779374999143325,0.6545949442187798,0.7628788094542027,0.5808757741705861,0.5010119787232512,0.9504265396960685,0.8965315994520975,1.0,1.0,0.9651058868831981,0.5535444553737671,0.30518345699617877,0.4244095846891807,0.2419310983561285,0.29843669468715067,0.34816523856694737,0.4280487815788297,0.11493555030391683,0.23389266113743676,0.2101139318318091,0.19096316650314984,0.18349485426177276,0.24454723191968808,0.3197604933447024,0.7906498698204868,Full Stack Developer
0.3924549929564442,0.7379471037968761,0.4610148813248425,0.28621996526675514,0.3079196915425147,0.6703478553424734,0.4204410656578995,0.6398333944803251,0.8389705149093449,0.6104010582842264,0.46158450869501044,0.9715746823224352,0.742852723872372,1.0,0.8100252663242882,0.6952702570157057,0.552249731204216,0.515846844408674,0.5343021319554121,0.4333179016643638,0.16651455727567338,0.15899295023121615,0.284998176641817,0.11585233135042232,0.17027215626519943,0.18677625822394806,0.24411152979050862,0.1562287030250005,0.22187456150812926,0.311240981461784,0.7252879221253208,Full Stack Developer
0.5036527813145665,0.80209174849561,0.4736860185936853,0.25494035722196084,0.3951315475863661,0.7407749061211893,0.43475116679617953,0.6402952809457172,0.7971354373060842,0.576479638445136,0.5125584371180206,1.0,0.855069868976542,0.99570734957439,0.9830435189002997,0.9707232251390073,0.5473500038266559,0.4207198399872233,0.4387626561591313,0.2965671702840642,0.34054324574341976,0.3456364915257499,0.4024287065928624,0.09866037804148822,0.1821715593106649,0.16275340586696546,0.187492355311206,0.16265502142683738,0.18320012048352394,0.281772090368497,0.8225439047326245,Full Stack Developer
0.4754016054030933,0.7679305748849287,0.4194303593976809,0.2698801576310444,0.36543184954768676,0.7638323264193313,0.4102307738743569,0.6288981470285958,0.8059216336916467,0.6302312038158928,0.44719967205118666,0.9705077982241037,0.6305166635975612,1.0,0.9431940392512621,0.9573472205464891,0.5971692878693396,0.5856756654180787,0.3928348409513785,0.4875912391765411,0.2000956310204648,0.20593109203035398,0.17924127417798505,0.07626543251069492,0.147029648219501,0.2208733291570367,0.23231663566655436,0.2531669164564763,0.23410934177921622,0.3410976822748224,0.7795115951289415,Full Stack Developer
0.4256470207671394,0.7873149236458181,0.44735999592406117,0.3159644298380834,0.3612578655977735,0.7881902848802458,0.5032932202255637,0.6171378533249997,0.8305709491796979,0.6102687595506338,0.47106966641630865,1.0,0.8856804484046548,1.0,1.0,0.9602477715500785,0.5792438662396118,0.33051073147238386,0.5211718608085333,0.31273643739039975,0.327333124903968,0.2876709401649509,0.3814161966652767,0.06296330990538296,0.1957067000196945,0.24237153129298308,0.14593736039112637,0.24562758246720756,0.22008534054379034,0.2829202101083994,0.839097055998315,Full Stack Developer
0.42746576584342433,0.7395858658986323,0.5037605782413943,0.26674480149318547,0.3686311678093874,0.7661735226936436,0.5105404546916665,0.6613301431799062,0.7308784807473713,0.5573286813435168,0.5579198783214718,1.0,0.7497422461366695,0.9710544478073138,0.7972356064667815,0.7307749627767272,0.518874819263515,0.5446379860163456,0.5230732836657257,0.44284338788283917,0.16647018654640794,0.20491981293548453,0.24813646009982904,0.09411201227655416,0.2183142017506461,0.21920914726121166,0.21952764700734434,0.18005839229120812,0.20775813950233724,0.2854009160680285,0.8326595745119689,Full Stack Developer
0.5151506790213028,0.8001245195676895,0.4218299475907521,0.23033769045244368,0.3617285977134858,0.7534603948551235,0.4360617394731745,0.6382973654075638,0.8448938050858038,0.5364847692990901,0.5127024082002373,0.9575002366249615,0.9074897509309368,1.0,0.9859190314261757,0.9492128098360882,0.5035782912346745,0.4131774536279974,0.4809511840998635,0.29500617002268004,0.28630584468542997,0.3212938963760417,0.40252678300186845,0.13168432225306453,0.2806925919781974,0.2664769795492403,0.18585021267985316,0.23317012738107998,0.18392851312437258,0.33645616907065756,0.783373435564387,Full Stack Developer
0.44869264099897893,0.7011812130943583,0.403855937038106,0.29049822874403286,0.37830985990227645,0.724282121394908,0.49801836118799914,0.5661366321789705,0.8190023226981176,0.653038160598058,0.5310561947178151,1.0,0.7632989050257939,0.9516337039819136,0.9389486027128402,0.9249519470392339,0.5358706395670637,0.5369057888051775,0.4167934532072223,0.43653777104942915,0.20601541676045804,0.15323091903446315,0.20358839941503615,0.03692905797494703,0.25475671977612463,0.2991067274150672,0.16899985943892867,0.20930415971120206,0.22519836262922016,0.26796960721055474,0.8200537541908275,Full Stack Developer
0.4755700516615175,0.7589340316653604,0.4357115758026817,0.30218435668772975,0.33536255134307413,0.7765829242202736,0.46270864570894155,0.6337691226854868,0.7941956744643666,0.6399879997285742,0.4941525931019763,0.981952168763229,0.8100183781165369,1.0,0.9761295779098746,0.8896914310899846,0.5573366382544782,0.3358825503926852,0.4392550496633703,0.31573839740606724,0.3360130745195403,0.3206523546203675,0.4066585858424815,0.08090913883264308,0.1799988150473783,0.22853571149055643,0.24239927099579134,0.13074254915991257,0.09669540078217218,0.2952082799568707,0.861033654432831,Full Stack Developer
0.4318016958195514,0.7710633033878563,0.45502186086681584,0.26563854074442766,0.4206079545258102,0.7203019199369426,0.5062924555271574,0.653150421108804,0.8036639362444461,0.5586832598871041,0.5408399431982072,0.9926557143972549,0.7290100384112135,1.0,0.8484790601079577,0.7946293948524319,0.5792625260822826,0.5561265566413123,0.4465542035835558,0.4239731318252342,0.1853121362459253,0.1454460966959334,0.26930269608010826,0.049833797359888556,0.28239354653200044,0.2147489219288598,0.22388919302282145,0.20024539413431786,0.2697019767828642,0.33775550402562826,0.7842156969742284,Full Stack Developer
0.4462554719896274,0.7357681646974717,0.5048006979851811,0.2803126121873023,0.436923596437586,0.7035857207056436,0.5662879265378713,0.623803473193166,0.770615367237878,0.5744261513890818,0.4732831290112238,1.0,0.840575287333072,0.9540386270288777,0.9512173629812462,1.0,0.4948187382083047,0.3870004479643769,0.4283151556376471,0.31541712918867293,0.3238421771034587,0.384024116542212,0.39985034703175176,0.1170498264438779,0.2567988491629619,0.2252415809956522,0.20844781708563298,0.1148169196144109,0.21783041508882345,0.3322788486711076,0.769614541134903,Full Stack Developer
0.3983916825438373,0.7595021809257978,0.40431691816131815,0.2969421021861849,0.39138935049072154,0.6596296657440734,0.4296945460845556,0.7153977108639088,0.8244156156643201,0.5432864026947072,0.4803554848371976,0.9276355227047675,0.7692558025788526,0.9993748480748254,0.9927417252205145,0.9852125744338079,0.5307923093583922,0.5404597331039048,0.5085505879007982,0.4142983886279501,0.11761963836258504,0.23925015497361263,0.23792759495013763,0.005549898421367258,0.1861538357349808,0.2129491815229731,0.2807853735961519,0.19700573886907102,0.19150052102438414,0.2974040184444334,0.8273195795442558,Full Stack Developer
0.489870718362824,0.790385733640707,0.48873897883955963,0.35500667431645416,0.3703532420850751,0.7095019363417495,0.4461181827146024,0.7012166103756817,0.8291875483331407,0.605952593649398,0.47835493500787457,0.9676625993113893,0.873525071645459,0.9600579975161836,0.978397257809589,0.9852245772580309,0.5347680461065062,0.3699822960114405,0.4707043816986071,0.3356452683453709,0.3896277895296647,0.27120846689770206,0.46561916002072096,0.13205867713508274,0.1656313551046172,0.20092035655715623,0.2382703656053368,0.19716215206975835,0.13064417282079277,0.29176109834962777,0.8213292194705802,Full Stack Developer
0.48494053204793086,0.7864424859194974,0.3678239728464177,0.2641780340625952,0.32746152962976255,0.7574850274366685,0.4446409160975621,0.6724642442403663,0.8068666656498295,0.5532393446554327,0.5353048720731646,1.0,0.7608522286825189,1.0,0.8337574121690601,0.7630527957566162,0.5906362984387613,0.594232824157324,0.43864724588048476,0.4034544845432214,0.12579772383550925,0.1289897435211654,0.2806714759985847,0.04732302427144864,0.1925935307351928,0.21871972059345893,0.20694779688904433,0.16679337797732294,0.21791123473783192,0.3203749325015646,0.8080200965824365,Full Stack Developer
0.5250975487759088,0.7759607896670067,0.46264537771839026,0.3898750948396468,0.36059402263670604,0.7885312141082566,0.5124750402201093,0.6135706360204739,0.8059346877332697,0.6255960988385154,0.5376497122525612,0.9684413907331634,0.8418172699237623,1.0,0.9470533344701944,0.9245038892004444,0.482966455685425,0.3462680598384466,0.45522948360898013,0.2913952371319052,0.3232129590501779,0.3122324448979669,0.4538122477714759,0.14982131617317673,0.18708434868211335,0.17303986058329474,0.2167581568573542,0.21585852723172227,0.1689533752245028,0.31273551688843626,0.8387897149988914,Full Stack Developer
0.4921435522366459,0.7892831878861404,0.45340222492669835,0.27360648427610157,0.37549573725105345,0.7332633014743086,0.4898442836496165,0.6672475226845995,0.7447233505140701,0.5943022582029159,0.552248803074195,0.9039960130226342,0.6696678845992885,0.9598368787727424,1.0,0.9175361236090469,0.5446706310896162,0.5492681650230059,0.4845115945045759,0.4205286281618546,0.154879521375365,0.15953903299109243,0.3337173008268627,0.09149294133726736,0.2396746759212904,0.2686325597322945,0.2438193019342945,0.2102882404198566,0.20225848421803166,0.3447612762600178,0.8996424909252824,Full Stack Developer
0.28325342059286807,0.9216035235056298,0.3078179912556472,0.31400689028574075,0.3093083430913989,0.8273715501404153,0.43808252953927496,0.6045888096750275,0.34605830854616443,0.43734812182959226,0.4748210665362995,0.30728062571426085,0.8349011969015396,0.3682216199749472,0.0598033188717178,0.09645097659020443,0.04469056044006631,0.26324883923270265,0.08558933085511355,0.27701508640924105,0.9846931344976702,0.9391641781098645,0.9069631240475243,0.05691160671742733,0.0435313349958262,0.0,0.09339334945881488,0.12933809799941826,0.16722099765324394,0.3448838245024459,0.0,Data Scientist
0.28217688403004065,0.8491032700044965,0.27558292466725376,0.3055382966375573,0.37094633980826147,0.861016254134043,0.4682956063236601,0.680308105949688,0.3116186527925045,0.41365044320904143,0.5387159417455778,0.23979557730659654,0.7355934146592563,0.33441355095226194,0.14335696934537162,0.036273141901532746,0.09902134307911431,0.22054233640580573,0.02282972206765582,0.2952929398978632,1.0,1.0,0.8915606023818633,0.014397734878136658,0.11762409202577756,0.0,0.02153765110844906,0.12126908039962056,0.11437526419025804,0.22089477114152328,0.06756879268747301,Data Scientist
0.24059669576014397,0.8902368012892122,0.4163504865773561,0.19595993799539996,0.3296537490277773,0.814310959471873,0.4117583464263746,0.678780205312864,0.2669359750418223,0.40243548843986154,0.5250540183124198,0.26349912696049105,0.724481544564329,0.2514295072121569,0.03038338032419023,0.05123175079891169,0.040632211890780805,0.2810033639824009,0.12293176917253278,0.24559574207491106,1.0,0.9917187871785035,0.8943128034121357,0.044484590233639904,0.037265009171235555,0.06660112338889469,0.11172079252181794,0.10183381715298653,0.09593764247318903,0.3699774867808549,0.06071027233462545,Data Scientist
0.2950455374695746,0.9536343633394138,0.3393794499590761,0.2846280919194332,0.31690779889218035,0.7929271391049532,0.43424234881228907,0.6679610272263162,0.2804051810339849,0.4335835388665033,0.4781818351054212,0.21997916979029264,0.8692377272386836,0.2753907119020626,0.05744313739645869,0.042231749553388626,0.02129528744897851,0.2563627118853997,0.061223982253804515,0.32925555771417614,1.0,1.0,0.9026190072412057,0.006846052536072827,0.07346142765144183,0.03164723387416494,0.1281096587873803,0.1333921952812584,0.1359904681352357,0.3025878021090188,0.15664151791966086,Data Scientist
0.1617342766203672,0.9381340833688574,0.36561140848734414,0.19852042579023255,0.3218280483070085,0.8451256504446581,0.46880894004057483,0.6506239105587968,0.22115105714946903,0.39141316455113406,0.4799456218423919,0.28989586268872836,0.752993375198908,0.2517214778287809,0.016191043492622903,0.0744932258371038,0.07926453811515075,0.2411356274616193,0.03264136117775536,0.2783205437258868,0.9981822855657326,0.9697148487005998,0.9196023362635964,0.0,0.02901584182949786,0.002303529878217185,0.04825575348072413,0.06898074489859214,0.1562583524702691,0.2894865090456264,0.07820705634332153,Data Scientist
0.2476516848141781,0.9298160585426345,0.32039204988374614,0.185836301820047,0.3477723443745025,0.8023469137823763,0.48623513329788326,0.5981453282152881,0.28420008483813003,0.47856114457467225,0.46954670769516205,0.21588296534843646,0.7802401789585044,0.25055918147212447,0.0,0.08388893992156474,0.012386063930968208,0.2161200640171379,0.06332130617420448,0.3335497672626154,1.0,0.9596142287525408,1.0,0.010873803487530418,0.015586872900746278,0.08690513491372559,0.03671746357282668,0.08928899533768671,0.10976763197321114,0.28500197757061596,0.17131602741187524,Data Scientist
0.2685328126652601,0.8338608866461825,0.26188528750905227,0.2769885845165763,0.2982536359552918,0.7813523098718841,0.5069748108700207,0.623263609952317,0.32830605039055427,0.4991417780756151,0.5275361652568659,0.2022866294903782,0.9077216017701492,0.32165873431595776,0.04747752857172169,0.013355908488896721,0.07593896676625193,0.23058838742449958,0.0027565739540082526,0.3345728710709356,0.9842542917347047,0.9986303741439845,0.9646489530046674,0.03255776142640998,0.045354123256717394,0.010503624198932568,0.13405106844374803,0.1300254245592506,0.1681000897333657,0.3000430117086374,0.09685602481321061,Data Scientist
0.2204796722137956,0.9227336149690958,0.2557989253555822,0.24358401449894512,0.37750498820512574,0.8468500992821447,0.4373045315108367,0.5983634565991117,0.31529362259498395,0.3774342284198272,0.5574094624018581,0.2037590392654488,0.7180071816102784,0.31593825686494936,0.04085714281198125,0.03452541392536783,0.09313172322493765,0.20375439523428482,0.060669296599553696,0.29824736005731667,0.9504532803050613,1.0,0.9344840877681475,0.042721307059547534,0.016409094685788356,0.0,0.11729021058198132,0.07443076798995446,0.13140821568039485,0.30144619544861717,0.1591401500502633,Data Scientist
0.29409556147211524,0.9492026902452207,0.3009779964992501,0.2599399481799094,0.3556463497724201,0.8308851456821877,0.4631659447001236,0.6162633446318739,0.3317828422880381,0.5132820653470759,0.41282732789248155,0.27405746041234524,0.7139972386511971,0.31381303931840654,0.043751902733339745,0.034611126636942484,0.07835692776701003,0.16777645012617393,0.008430835382963686,0.28102964910079575,1.0,1.0,0.9811442847424203,0.016082319352297876,0.004343927527633372,0.05101213581652156,0.09303934033185493,0.055462368168406315,0.11388493133149333,0.3467138269078872,0.08127661006174268,Data Scientist
0.2640176978510475,0.9219617350443422,0.37672549609077544,0.1918338153213563,0.37240967827907706,0.7317861615695512,0.4555203454961706,0.5622457430872498,0.31534700116837394,0.36587162383972477,0.43837358953571093,0.23755480104806695,0.875584175471331,0.35267115446724095,0.11646547828898453,0.0,0.050783131333657354,0.20698873452158498,0.08936657919574346,0.2849665082066698,0.9231569123694693,1.0,0.9287464602663662,0.08721417648820765,0.06588452777204278,0.08213657587551976,0.10236136626628808,0.03449591848202171,0.04123845778864023,0.36530755450596214,0.10180571090340618,Data Scientist
0.2211309835578378,0.8198326331830851,0.3815539874579369,0.27571114656111273,0.40408266297619677,0.8244264892789759,0.44898081998016764,0.6055365888870261,0.29648272327282604,0.44703917946151756,0.45753950086536016,0.23473222259069795,0.7573290839955226,0.29025633936090456,0.07477186918169527,0.06268420605381432,0.12200198021392955,0.24403464809609132,0.012150202899169238,0.24172923195284385,1.0,0.9616955568880777,0.9394740101551363,0.022635839377703398,0.025208518609927906,0.09408143418519097,0.07627391668516303,0.012666086054027977,0.13696892229787017,0.2932432754127279,0.09609764494710958,Data Scientist
0.3407881625773527,0.8940871675879434,0.27334152209426055,0.3842742105449678,0.3096886349441783,0.8824645439938001,0.5566336384230401,0.6167309747323604,0.3473752343526083,0.40771443335722696,0.5220950643105144,0.2785003761309463,0.6834169211740151,0.34113052368096364,0.08775240645333765,0.11958129014465209,0.0841012366307583,0.1307477943807717,0.05954290659205556,0.2947728300197599,1.0,0.9498659874245874,1.0,0.033744242692892695,0.1105983000156561,0.0,0.06688114687493005,0.15057992694096925,0.09258249813816734,0.24730649560636364,0.0763202213399271,Data Scientist
0.30431099221411945,0.9097465241442413,0.31930851865274185,0.2714342051994071,0.3438060512492258,0.830175284759731,0.4219232814283337,0.5818736790215423,0.3148038421560543,0.4274609709349802,0.5426885827638063,0.22350566151082063,0.8959583271453645,0.31306433837670106,0.032260121208712876,0.04810575401073717,0.0781773551996822,0.18507771218705352,0.09261886632378397,0.28187212593533967,0.9639583438947893,1.0,1.0,0.021477555767804628,0.04371014909574744,0.05683867735651246,0.06562711789528208,0.041849281351344,0.13027665147428324,0.2898717595047717,0.019826022223870074,Data Scientist
0.25410739437042335,0.9122012861007908,0.31696389837500766,0.21925938402408773,0.3804500929290113,0.8525259439947726,0.47235807563334137,0.6186631532483896,0.3108670267634856,0.46033679306690434,0.4741177058622413,0.2657540192825249,0.6984917634006469,0.24336666787814915,0.041157192601150916,0.057835481709248564,0.0655657486534439,0.2532857519160726,0.04694480406329384,0.35086101297889966,1.0,0.9364806012487751,0.9316593773997757,0.0,0.07170976887679596,0.0789081571210931,0.10194082081992886,0.021051241651917567,0.11462449944599122,0.33998434516304565,0.08969191544486473,Data Scientist
0.16646628350485493,0.9976951935609674,0.32593636677985705,0.28323133248365984,0.35589373624434417,0.7856019738936467,0.4038230564377273,0.6117889930678814,0.31895974169145225,0.441962100122621,0.5149192264806162,0.21929666171036843,0.7145850434525565,0.3074258163628887,0.04250719014838296,0.033169760311049845,0.09890564357892762,0.22144565986875586,0.015717141857994985,0.2941291491572601,0.9840690839752178,0.9618014930388668,1.0,0.0,0.06048997392036226,0.039947702866903065,0.12314308960160292,0.1262523747538467,0.14478946594952044,0.3313431429296287,0.009774151776491977,Data Scientist
0.3125689310302056,0.9516316892996164,0.29756871029987064,0.24316688962964994,0.3495069359349039,0.891863243490111,0.463907960653295,0.6023315897994241,0.2720675526994265,0.3734247620300778,0.5295943152360431,0.2708311497914391,0.7581853978349112,0.34892277119538617,0.042646090727696095,0.024621615473744758,0.011959401731216304,0.17296170040455502,0.06627102508321558,0.3368524542369502,0.9573675961386621,0.9254234374784049,0.9399809042184892,0.0,0.05304153680472811,0.08728769545972995,0.03412403992759852,0.0925722931919177,0.1711259212456408,0.3064708384807455,0.09380976143635758,Data Scientist
0.23366346153572856,0.9759510254188959,0.34398293522971046,0.22707812790680176,0.4272247900373513,0.7170445481331768,0.5190886243699109,0.582143873753452,0.30192392570474125,0.4983310938797445,0.44560937710063203,0.25475878176351974,0.645898609800653,0.2785486384133036,0.1074357516175396,0.04160910733340795,0.11204921542726692,0.2577046839493711,0.0,0.2406445372718365,1.0,1.0,0.9121132871728003,0.012245820698019523,0.059033492802231025,0.022840178823698747,0.11235391644522225,0.0748121513883947,0.11696883844435255,0.2842022082172613,0.09384103960700628,Data Scientist
0.2592133735631341,0.8487912434110959,0.3969186297179396,0.1797277293512875,0.41164657980499003,0.7719374290461732,0.4520834227274471,0.7052664135947991,0.20434637355317486,0.4456334240778799,0.5527538501707179,0.21530196959302797,0.7393847372299179,0.33581404758171574,0.04502510765301927,0.10513537592091596,0.07351696131429547,0.2023884388295837,0.06833988644747349,0.34579977944303275,0.970408968571523,0.9894209397796141,0.9033018606682363,0.009502650801885438,0.028735900039181927,0.06023123091081811,0.0025286766050695852,0.06652421360473515,0.1555063413210613,0.31833334161788684,0.10787281485116926,Data Scientist
0.2917793366529225,0.95403343062323,0.2834097445905069,0.236421375462456,0.38924060931741156,0.7243647966709554,0.40268521301998306,0.6179618665716693,0.29735424377969494,0.42621934177471443,0.42526525143016514,0.28525257283684924,0.8483819679966775,0.23176756890614197,0.0,0.08368643680204318,0.07121629284470136,0.18934513525914473,0.08309499849385998,0.3227874865221392,1.0,0.9993090019933638,0.9326574035843673,0.045891566639154245,0.0,0.03455187047841199,0.015146189690600095,0.08589980300396802,0.15939710805254687,0.30163801037046284,0.06547350522758245,Data Scientist
0.20293543454005267,0.9372217351134547,0.3581035184973152,0.26235910299843473,0.3316290320088525,0.769591607255839,0.5217954370662302,0.7046470568210695,0.29739140865082875,0.4470304416979676,0.5082788480842126,0.2742974367453306,0.7588779761738367,0.3436471849480338,0.05731051154423418,0.13917349545920044,0.10076516953794033,0.221486113312722,0.0999257950617907,0.4006242144937711,0.9756344339124592,0.9878555288832659,0.9599091877571994,0.0,0.08959824081210069,0.03478079284518357,0.05616520981987003,0.09688887892449237,0.19494097632236984,0.25503868734020996,0.027420879161416,Data Scientist
0.26726801979365117,0.8652117283138453,0.2996374153645934,0.26139337809715985,0.3949250515049298,0.7538960076189547,0.465387422849988,0.601819336288187,0.2635212191966501,0.4569960215229689,0.5187015690754537,0.23495283649286441,0.7408668231322545,0.24593258393917045,0.06964905016283539,0.07415439266797327,0.10052389243565155,0.14086799423032037,0.07834087960966189,0.31862947409924314,1.0,0.9539464814404417,0.9630984343539728,0.010107027407210926,0.0,0.053640565558695036,0.0009364449242706685,0.0642381451872007,0.11866281983457118,0.2740007149733519,0.08442440343432073,Data Scientist
0.20721243225777797,0.8888079559132878,0.39180277798906044,0.24459665372370007,0.3338794429301329,0.7729045990040175,0.5159455692913237,0.6460052262936335,0.2574717870357165,0.4597061867211776,0.5419633315926523,0.264360852512144,0.9093874149883804,0.35623272283174884,0.0,0.06978716581686747,0.04432562565907368,0.19251940857544628,0.0563828470451718,0.25747369219283966,0.9928863087975359,1.0,0.98196969934798,0.0,0.0,0.04037915712410595,0.05013434258283561,0.09735512933871708,0.08289317914550581,0.30948757509329833,0.09061102338091839,Data Scientist
0.2598254981697654,0.9261163877530438,0.40257630797206506,0.2609923440406333,0.3893000877400932,0.7618953938956019,0.4503323266941358,0.596953154692782,0.3377663996943647,0.46837199280810476,0.5321711427464675,0.2365877170402507,0.6613476002319344,0.3099510448541633,0.06286775104250503,0.09467528830973976,0.09738576676329772,0.23197789040648284,0.06701653418749257,0.3359364004814297,1.0,0.9824137862100184,0.8934609142782803,0.05345296712500622,0.05036273818201654,0.04159640266715243,0.1177704451838007,0.06582843777364776,0.14191402560896166,0.35431544846115814,0.09365275536093826,Data Scientist
0.23489886770938048,0.9110359050677931,0.3272420735530333,0.29315536611763215,0.376127157532644,0.7821953201153696,0.4958512779801961,0.7662648934305301,0.3124438483474743,0.4281614179506661,0.5503011525228102,0.2118375030430417,0.7805447736779347,0.2832356530777591,0.0742121674995694,0.02646152203893916,0.09316965778188728,0.23905110415247005,0.0911017283635999,0.2861479921243337,1.0,1.0,0.8658000162060114,0.03725779051476223,0.0,0.0,0.06272182227775766,0.004006618618674518,0.09343599116976448,0.2954739030095928,0.07086400823226807,Data Scientist
0.22576941331848877,0.9288948426750724,0.37881753422374276,0.26335401970137395,0.3341745832084322,0.8220246454204547,0.4333422581566011,0.6733465735994001,0.34768017169123155,0.5272382816070729,0.5199770422019026,0.19787664197755755,0.9155036453715877,0.22659598107747497,0.0983537549539098,0.05583898874801843,0.05518224951767131,0.20871726885388814,0.042897489423702674,0.34545479949491714,0.9260983249044632,1.0,0.9821090338165774,0.0,0.11980739732688413,0.09836843927562046,0.04728054454932404,0.08410054229332094,0.08660490341832089,0.284640117051148,0.012735062899157434,Data Scientist
0.26589082485228527,0.8735845200156385,0.28516396305587577,0.28488832945037346,0.3684165190330099,0.7707412178717398,0.4158246597308327,0.6533934730920543,0.3278568560704124,0.4910483789858614,0.541233267687462,0.25414696717195734,0.7184270027082094,0.26763459427704467,0.07400560040437361,0.01230622194078352,0.09271075686251828,0.15786455130902347,0.07471322119116147,0.3091215149154924,0.9651008060083901,0.9968284179919775,0.9455149717617161,0.0926730229161907,0.039619768282791415,0.06165346627489013,0.09523925794578594,0.06426353031930801,0.1858383654860652,0.30479410602962875,0.0,Data Scientist
0.2650765643227323,1.0,0.304739771332921,0.284298791883296,0.3294333232613115,0.8005857170654457,0.5210770429390169,0.6612996082991681,0.31312272709002476,0.4548259392023749,0.4944908047384784,0.2503698811360837,0.7706320123716941,0.2903245221757873,0.062315628385287994,0.004829751651092909,0.04140801916496026,0.28094699498934567,0.08352056683506871,0.320167450091971,1.0,1.0,0.9619109908063993,0.010983201363571577,0.06016350126899919,0.007035998526617612,0.03865879239167816,0.04297475381113363,0.1901997948771969,0.29968082918926825,0.08928946649542713,Data Scientist
0.23915349646622888,0.9175994148222041,0.3047399563956324,0.21766466776999688,0.3238724773619674,0.7424170113093862,0.4830501281861427,0.6692373700806351,0.2857302521828697,0.46991382577741914,0.48893352821188324,0.27442878355262706,0.869194032505267,0.3487817280358074,0.03408332424161516,0.11636528848670788,0.020107639466764353,0.23002391239583,0.027239575665454003,0.3189676526776679,0.9506941992074723,0.9607141435956856,0.9226908650031899,0.0,0.03845944562803978,0.0,0.09246746202089504,0.10217851321988092,0.043323698956912085,0.3373974696081571,0.03353540355809597,Data Scientist
0.243077622109464,0.9228805198560808,0.30896074559710074,0.22629061691160707,0.3287225887963908,0.8019273264423226,0.4607194889389194,0.607903767084275,0.2821241115770832,0.47069456821572203,0.49875406799273525,0.17782908320066163,0.727827070728795,0.32926247618174453,0.05805798468427528,0.10690838737149413,0.008639474885217532,0.20757814946844902,0.12634866577040738,0.3199595832408949,0.9447983753581833,1.0,0.9411031912872327,0.057732230370943154,0.04017915118147049,0.08685921595275115,0.06832200053078241,0.0864405922194677,0.17969253791336542,0.3075532173972469,0.02810861495605002,Data Scientist
0.22446439666971163,0.973813119375468,0.23710471143495648,0.23743127175168965,0.4711828463638855,0.7928694267832651,0.4878495206815109,0.5994597860025583,0.3178499131056921,0.48048032140648556,0.4857766726913119,0.24356655495812757,0.6794564709120297,0.2687697265669532,0.05027524196521412,0.12815918095421924,0.017697977965093592,0.2460613954737824,0.08875843066476186,0.28748539565602865,1.0,1.0,1.0,0.09752780866080976,0.0,0.029614544303632348,0.09236563095294907,0.08038095651360014,0.1565648877572975,0.3112350095489541,0.08644439085738072,Data Scientist
0.2692010177043187,0.9396594858904601,0.34829409535987865,0.2882924407307072,0.256054721884782,0.7599397975121843,0.47885970305264947,0.6533523465380531,0.3198260297824126,0.37883819685546555,0.4670036622826458,0.2516815370292067,0.9020542926997634,0.30141934701151285,0.0531960084863966,0.06509452420757811,0.1025395972186402,0.149957793326529,0.027953311228977016,0.3188132204027383,0.9899184736434496,1.0,0.9274349510750178,0.00558253297621264,0.05722149444374651,0.002340954584818658,0.08366230182897906,0.04678622295864486,0.050584487714389975,0.3355930472059821,0.13969371761912885,Data Scientist
0.27217347206929177,0.9334699173706703,0.30600993495854856,0.3244871305925311,0.4210271999681667,0.8155539975167311,0.5267495542866438,0.6339794066682821,0.29877060101409403,0.4554341598288141,0.48516010431779477,0.3120574369250584,0.7693410442662832,0.2551314591974899,0.06317111627387205,0.05618378557322565,0.09966583326870446,0.22011332567333833,0.018850634254530322,0.2608779948150222,0.9843558107347682,1.0,0.974704355335024,0.09164171304037902,0.0,0.11743967438709618,0.0,0.09887127643955129,0.1397660195272626,0.26037497566142415,0.08477592612754165,Data Scientist
0.23944457881691178,0.9756658383658802,0.27703092409552615,0.28794058614653706,0.39041460544866435,0.7407862350393151,0.43052300145196126,0.5994634618706981,0.23512728935416963,0.488593551032216,0.5167216761838509,0.2655375642206107,0.7561592358801916,0.29884876694713786,0.0,0.03548870398109661,0.11496330628646317,0.21199813826199992,0.05478407928729371,0.3391361338014334,1.0,1.0,0.9510127664832607,0.01120569136665025,0.047722667293948896,0.028488007238844204,0.07263978582001084,0.05098073128083032,0.16601212357451173,0.27076697441045267,0.14475798714195148,Data Scientist
0.14316436013690412,0.9223825241170063,0.36158699750032086,0.22400571613097597,0.3198861721188705,0.8293181185653044,0.5024801918266437,0.5964431129500317,0.2957780096055895,0.5067279092014781,0.5078780701387924,0.1958032898956097,0.8151871012383902,0.30590936029560717,0.08627132422555703,0.09379311496601273,0.1312245274566985,0.23456835249333902,0.0508013891682072,0.31262245028004554,1.0,0.976716629358556,0.9599777600338818,0.0,0.0,0.03889359481157077,0.10305460411326836,0.006382956363361267,0.15452944430377016,0.3226324945277637,0.04341368958463396,Data Scientist
0.33317079738825883,0.9024247437912988,0.264377339605395,0.2862823221202697,0.39634220765718575,0.8716278170616651,0.47744743528260564,0.6682406105450148,0.2789252168959435,0.47361228611609124,0.569211808819639,0.3361209815364643,0.7001802245941949,0.34867049916159754,0.012502432339391682,0.025495940115005895,0.05787958907582977,0.26124729177246975,0.05456065842143884,0.2424384768927059,1.0,1.0,0.9557797332361478,0.060693773550238576,0.019431152133471727,0.08877456939637582,0.04682148650240098,0.07989857115534749,0.09038011526105366,0.253108789308812,0.03369803202074564,Data Scientist
0.24679359886692687,0.9300018519368877,0.2927851793458347,0.37334343843141304,0.3449248792115855,0.7558219438713951,0.38730935943954026,0.7056913111768657,0.31857420860815405,0.40915783191312477,0.48682182283364367,0.21175394900034633,0.7583986183994674,0.3719136850248784,0.014633362714047873,0.07944745508438178,0.0762739784372538,0.20510120682587796,0.0374328768472023,0.25602177824395844,1.0,1.0,0.9747075655294484,0.03311515693781801,0.010290067653608091,0.07655604401257894,0.041256031567942685,0.07228077899066863,0.08617956591447817,0.3388654820997386,0.04686037201050254,Data Scientist
0.3478830662006361,0.9034801789076922,0.34688866757448134,0.2917725733050585,0.3038265802764973,0.7285191317819458,0.4344867117915117,0.6381189291147904,0.2616510671476541,0.4172918339702458,0.5656991705941481,0.21813229774246676,0.9110101368788434,0.2771443372477143,0.041174631654625635,0.031503813996349994,0.0677704936050049,0.16883066551925,0.014253826824742445,0.27018188618507133,1.0,1.0,1.0,0.012627181555582288,0.009004432924744524,0.045239787896314776,0.09037330808661811,0.07352761857834726,0.155476708717752,0.2554320878250693,0.07412767779750676,Data Scientist
0.26040513232573087,0.9154829300209619,0.2976848749433949,0.20780038299631343,0.2987917704982811,0.8787461127039159,0.4222891617412542,0.6071466547339345,0.2726926221854514,0.43011053177173725,0.5856727525901729,0.25791501651162785,0.7039143751659935,0.2875524854562454,0.08042251002228702,0.0975513308307411,0.0921947768384181,0.2980476635402417,0.01804032453398214,0.28856313986734644,1.0,1.0,0.923715638132563,0.0674309030192086,0.07330799144265049,0.028677394694882515,0.05971107825272902,0.115676254931807,0.10184310697981808,0.26259605609917924,0.027395459390693017,Data Scientist
0.18614453394916702,0.9070339468699768,0.22219339681707134,0.23826847076560298,0.4480694103936095,0.775334088428058,0.504586658219883,0.6387525298029008,0.3571935768339509,0.42063726127857537,0.501827600865596,0.22934183206945555,0.7280127329075269,0.24499380005634133,0.024070128821166797,0.0,0.028840209659223397,0.22986148819794688,0.12647273390502228,0.3419253833877501,1.0,0.9778811306564985,0.8903311785489197,0.0,0.048830250994929304,0.1282757400272986,0.10190376917935118,0.08379526580598691,0.21560482793300312,0.30450554152047704,0.09651622398537683,Data Scientist
0.35033498145776737,0.9629327930814122,0.34384742764232906,0.17154972332355178,0.4138594568166758,0.7544555315423382,0.40587327041072807,0.6419854451764044,0.32336033476446363,0.4079873116104263,0.4392121367583154,0.15135506812907545,0.8540303495246231,0.2774353178522866,0.0,0.1302725016764068,0.04628931277404303,0.20159571007636043,0.0891869045955351,0.2628046476039802,1.0,1.0,0.9361762982374113,0.08280195704848756,0.10812166855387029,0.032577660849113524,0.03594744290205253,0.057538886127037545,0.14579785614203705,0.27899701124046017,0.06254204929623904,Data Scientist
0.24302800209600695,0.8975027237707566,0.3367427926723277,0.24630368993622032,0.4158835279937166,0.8051985890959379,0.4322516505924201,0.6330416990656073,0.3280098680051997,0.44526156761171626,0.4688480579454908,0.19911340660493856,0.7370584468515726,0.3057394266169005,0.09188269785289604,0.008899123132501227,0.07851084066099362,0.19112103196347013,0.0563629200738322,0.2429897201670459,1.0,0.9176359297626038,0.9098535621901128,0.03169768627406574,0.012864479906435113,0.014082530965563653,0.1015198892801845,0.0,0.04993207800542522,0.253660731573126,0.02821575395147257,Data Scientist
0.29532906985959567,0.9417271081962256,0.329661246226655,0.3167735287872955,0.23133989190929052,0.8091930068264269,0.5456760264959982,0.6433617899601233,0.25862828778195035,0.47553208670838615,0.5004961605386666,0.24320733813942735,0.6892052380999113,0.34989722216569324,0.10841679889016634,0.04310488131113144,0.05736668143073913,0.2597685027696809,0.004129872690657212,0.2665121024130571,1.0,0.9976048489970369,1.0,0.0,0.007789818764348561,0.07625296946289521,0.015561638656762591,0.10365924184470597,0.1267680276216793,0.2631057658352993,0.028824532193344257,Data Scientist
0.24055143580598962,0.8651579703287213,0.4076958927324288,0.26527481894866795,0.36565390123878555,0.7530864190326816,0.4384275479148109,0.6627202068911832,0.2540093838375464,0.426794498692923,0.511719748037966,0.22220712768502535,0.8483429563531591,0.237677509443891,0.08330330946145834,0.10320685523751605,0.15599818890390876,0.21390794630895613,0.06444311180067554,0.3422457495673562,1.0,1.0,0.9694441983272528,0.052245195690188984,0.015456726407686867,0.0,0.1033043256927541,0.07287258396279105,0.12369655945493263,0.22733195743108275,0.12875147374251783,Data Scientist
0.24734782690320997,0.8346518073142308,0.404074915943031,0.26157045902390064,0.37714052793635056,0.9237599907068039,0.45335658013256824,0.6320898099141118,0.2732473721964188,0.4985862038376018,0.44690166635449946,0.29421397420399503,0.7618505496606197,0.2550194890330242,0.041073723850455095,0.12046595154910089,0.0,0.22670252546195352,0.03292011592926615,0.2789693138813616,0.9016697730194845,0.9969150450304636,0.8728164785202897,0.035171724600323015,0.06349310745912273,0.11096184558761998,0.13088899531150588,0.0730178485986043,0.1635998044491469,0.34513292684652636,0.07993041788388863,Data Scientist
0.24741983725102681,0.9859496583157451,0.3317629895046512,0.19020969127467868,0.37013631668586294,0.7767565102133642,0.5695331114266452,0.5950805840257968,0.283539265156264,0.4896624985178983,0.6183310156798039,0.23398247426599314,0.6860469214845976,0.2519705827572144,0.0,0.05726969561901499,0.08945943232853115,0.1694458830950425,0.03772146271059861,0.286151903386035,0.9718937743713402,1.0,0.9272018579628856,0.08415065590248999,0.0,0.0441938904374321,0.0,0.09786097925647941,0.11497973061189215,0.2909651109157215,0.0523982500776718,Data Scientist
0.3071500962220656,0.9666529189871653,0.34007265052149277,0.25038005601062635,0.3635426422299047,0.8181541922166307,0.465644884722699,0.7271397473945861,0.27175794541945003,0.44952408253374976,0.48215604045557825,0.31205925061781764,0.8482409343331837,0.32755601310925686,0.015267847581960162,0.054699362275970026,0.15769427025538468,0.1659354997689429,0.012907560086863917,0.39703445233641554,1.0,0.9237361901128114,0.9279538271598342,0.010552319697225686,0.0789201965071322,0.07634156481331689,0.08620265279558573,0.023204003096636013,0.18173033784579964,0.33139235043017684,0.05698616410173919,Data Scientist
0.3665607723548216,0.912935247483813,0.3580997102329532,0.36255446395011426,0.3560862142867205,0.7836848990008075,0.5054688875221675,0.6352098837807946,0.3531235876785653,0.48254114951610344,0.5404275577138739,0.20585398026208918,0.7633590906293949,0.24254392541865027,0.07605508883557957,0.07639682377665086,0.0,0.27176533899480904,0.04580906579389785,0.27679860113928695,0.996572643228825,0.9440222187445994,1.0,0.05639990183638368,0.13386974368294224,0.04298441082468441,0.06146477725235798,0.11394892352392766,0.16838614365414628,0.3515246841652808,0.11956027735037225,Data Scientist
0.3365452544766606,0.9564039304039311,0.3477059839355013,0.3321962708497221,0.3106367592893285,0.8397661831467405,0.44261372961152573,0.6433116536187525,0.31863853946756326,0.405460696684346,0.49891747677335024,0.2480211528960788,0.7345121144583493,0.3222913976497639,0.068190881692215,0.06020571404995065,0.07568678518312383,0.21252521174476802,0.06249959671539632,0.25311057744805854,0.9860914246791208,1.0,0.8882838124298328,0.0538484697883628,0.040241584672334046,0.04568246183384399,0.08195431706548287,0.02952585184182374,0.12885077003702203,0.27987683131672764,0.10926581171699647,Data Scientist
0.2926876016397166,0.8903472154564639,0.3212105168079872,0.21962632544947053,0.3245976194520104,0.8136551267180397,0.5074618026203301,0.6202639936571147,0.2850964964597601,0.479691022707731,0.5174348997523639,0.18258264984748784,0.8670385063987562,0.2779403611065736,0.031690242039379715,0.0291225339679956,0.09739144929368757,0.17490966250491327,0.09534464081726995,0.29851217101812966,0.9996624406856193,1.0,0.9855914845396543,0.004352498761059049,0.05939674358619273,0.02817133479241557,0.07839534277219995,0.03493505517747422,0.11605407317844231,0.3137165539421511,0.06585615053732749,Data Scientist
0.2396885899874184,0.994985660333644,0.31783453786357807,0.23361143810503696,0.3483522829444643,0.8074849256501715,0.4991667087008224,0.6380619277052991,0.298060106714241,0.4595321728332035,0.5880117864350256,0.2080508154019163,0.6915053664579724,0.342395019341987,0.02121754749886411,0.03025597498528701,0.09526207962712255,0.20341083414762137,0.09053341963437558,0.2774516012770094,0.9778588703370146,1.0,0.9414728680193074,0.0,0.14717934346927203,0.05175260480872641,0.061710047107445154,0.048363709367224166,0.13657797172219494,0.3099894785046429,0.15257167382383185,Data Scientist
0.2551641816779443,0.9621738567678352,0.44271529711230145,0.2864505214860715,0.36591968765214844,0.8195593265170111,0.48815012484032755,0.6187227726696463,0.24822830938716564,0.48122156877833144,0.48892396572013846,0.229697496309488,0.7514628360056932,0.277922000164615,0.10355790734201269,0.0006903491819612029,0.07821795166317688,0.1851917147915419,0.01089367231676927,0.28189989751302125,1.0,1.0,0.9917260822565916,0.0,0.029856535217881248,0.04531582840137493,0.14744014917956583,0.006034056675735214,0.134373927120224,0.2958034464668885,0.0,Data Scientist
0.3007416774056808,0.8902527202926134,0.37455730878995275,0.23408989171751657,0.336625269047769,0.8558527191627998,0.4481169859393532,0.653329913374761,0.22691445887043138,0.4593244847222339,0.5197333353518976,0.28285876623890666,0.8822111064786988,0.24771931318541354,0.026301948571908026,0.0,0.051087700071876664,0.22173462935227314,0.0625223442909325,0.25075249552296275,1.0,0.995266033337232,0.985243905856267,0.09430628382397319,0.024961097381663463,0.0540811311314883,0.03945397430058064,0.05338270451299433,0.10734511529519203,0.28844300883268503,0.0713226720618929,Data Scientist
0.30793799536083605,0.8826846311197449,0.32164036242613686,0.2943377064786252,0.40469729181247144,0.7545850965733597,0.5015434249709131,0.6015452678606442,0.31376333980651605,0.4475209357060485,0.5077228116128379,0.26027358326346595,0.6907900926803352,0.3034335527999527,0.07797704435350666,0.033067128978956056,0.0332452270920447,0.14959767557984854,0.039858872567286555,0.3471601347022333,0.9840719691379863,1.0,0.9603082098392273,0.0822505265404061,0.0,0.08773949581818509,0.07583543072946805,0.1120490826753294,0.15486868560093744,0.27792419528803614,0.13351073381519896,Data Scientist
0.33323794113921495,0.9713399346253002,0.40548946441480727,0.2597465851260873,0.3208338269705638,0.8356062712963216,0.48724996850322083,0.6533355198753497,0.27739684568429124,0.5237484661446216,0.507390516529827,0.19396167993239247,0.7319863018895783,0.31318372832210106,0.014027852808432453,0.07216679602703163,0.08055973866511168,0.18206576943726982,0.023454996408523245,0.3058662022506792,1.0,0.9284681920647041,0.9685535979337053,0.03337282767669886,0.08113153949742227,0.07043623191782075,0.06335884186211198,0.07724264430006532,0.2220682751584695,0.26865030322265526,0.061228532609020614,Data Scientist
0.23275545789551066,0.8772718358871483,0.3088370794500813,0.2595456350693295,0.3240125327609574,0.9090760984761092,0.4713511370433975,0.5918620401897028,0.33524356599326965,0.41223307611245397,0.4932122807071888,0.17375264644788188,0.9018685102921502,0.3158212826801797,0.07212005265074244,0.07948862334896288,0.06354513658570213,0.25535379068042513,0.13672068372478155,0.31547532744248,1.0,0.9432401006381684,0.961226335374331,0.0,0.050310658893702745,0.012719263037914173,0.035336761679919386,0.07108143052337643,0.19990972386866207,0.27444225123174837,0.034349893725432616,Data Scientist
0.3554728768901911,0.9027117262242433,0.3182042704942314,0.2629802088709054,0.37651050338150466,0.7661922978360989,0.4657517263812137,0.6464884894332977,0.30108992593468037,0.4166018572367899,0.4558109752193784,0.2607133638193089,0.7100952001453004,0.3424525056497318,0.045980813990446276,0.06805912181281315,0.1003814657467762,0.2424922808805853,0.018318388301502626,0.3341859106520735,1.0,0.9752333253510682,0.9317242437445521,0.034012151153324933,0.07321817920646076,0.033719719871709304,0.08470024567841339,0.048321364645696294,0.11965188663681728,0.29422251310225894,0.1606448463977384,Data Scientist
0.29998443519161344,0.9196290092011553,0.32976264241992703,0.24754242217077918,0.345426057973606,0.8097531967470172,0.4548828348416892,0.647090056254534,0.3174092721376291,0.5452425310625079,0.4090110151777966,0.22858801087535158,0.6951750201652528,0.18704274071223115,0.06465545823120827,0.04318853939070533,0.10369144352218763,0.256778498811919,0.013750810644695938,0.2834707325100824,1.0,0.9242837709617894,0.9324468759203975,0.024963986318006105,0.024685933705389237,0.03718779536520358,0.12824913148316838,0.11604362025266299,0.0725989805906386,0.3346115723579413,0.0814754986524953,Data Scientist
0.29439306692053646,0.9732448138268537,0.3398763012924493,0.33706740433255594,0.41231316966204107,0.8670372179142266,0.4677604524120185,0.6397369608677275,0.2968268901002856,0.4221638420377536,0.5427364237000707,0.2655216915396109,0.8521695408670311,0.304249764965174,0.0,0.0,0.08617613905152145,0.29392844902294735,0.02478084732018951,0.29095139129631176,0.9656998210938658,0.9983115063688576,0.934724634502687,0.023352670288982247,0.008750754887997286,0.04050278635349471,0.041016726747125004,0.0,0.15397711289353153,0.310419230765546,0.0766878755882027,Data Scientist
0.2795056423382282,0.8617130078541887,0.37966605858334956,0.26230354464415234,0.3978303062334222,0.7505250403795218,0.4610753993738888,0.7005411517365866,0.33009612800649385,0.3947107752475788,0.5221935152639583,0.21446726843171227,0.6786657767671811,0.26474957993659065,0.055835598862247704,0.054644336201189914,0.04031152382865243,0.21829451027285093,0.009261011763383203,0.29500634207218057,1.0,0.9348334195906749,0.9002801755621221,0.0,0.07094365641092347,0.0034607205296270024,0.10558370588465268,0.027707905502875288,0.08578101438354978,0.2825615641182131,0.051875086035179534,Data Scientist
0.23123935536161574,0.8697361286590393,0.2608690766237206,0.2988891915218023,0.35575419888018195,0.8730699862006048,0.473264254617347,0.6463233962176211,0.35550130182765705,0.4726339099006228,0.4858955169249475,0.21815409137114783,0.7388732174117569,0.30949549309301194,0.06641068129441655,0.0431879590867683,0.057718918157992405,0.2439795692172353,0.04498328882523526,0.24549677982385237,0.9711670262026301,0.9570087117619047,0.9650860524943338,0.0,0.137700154092034,0.07181444229833711,0.13905340549256862,0.14021490663489178,0.1113419226361437,0.34438411565386706,0.07888122274562355,Data Scientist
0.3114819835035195,0.8679216211282629,0.3385983588447791,0.2823967149212096,0.4115852464626781,0.7623048856270623,0.464588980476184,0.6400246647497325,0.31710848561557115,0.525558340550236,0.5116909588559837,0.2592914734539938,0.9118018024188095,0.29796168990630134,0.02307336475987984,0.01951773822784471,0.10657295570836675,0.21847666203316204,0.00711851975834088,0.2598308316564555,1.0,1.0,0.9834191168195647,0.03454599564700617,0.0,0.023878416239402653,0.0,0.1351749860148168,0.04354367597870136,0.31317013004276045,0.10883550060353916,Data Scientist
0.2935017727942618,1.0,0.2909715717675928,0.24880091689493922,0.2776439824458268,0.81248260651682,0.4400007454254058,0.6611717509996612,0.27093251426222376,0.4634552632089811,0.5677766640082285,0.20921742932090473,0.778994140219388,0.21816195066939792,0.06676513174720286,0.0666927022663089,0.061932243359705375,0.2543973680502245,0.06201310870257706,0.3141710185879551,0.975720515953524,0.9850484339917244,0.9882390095477611,0.0,0.027530885297549157,0.0,0.07206892206666007,0.15701960087261738,0.1443485359847877,0.25039446622602624,0.1317745167665048,Data Scientist
0.2220732944531297,0.9603097109382486,0.3219569189039475,0.2866667123287242,0.400810703880189,0.7468757376831261,0.4617268465917681,0.6643733571101499,0.29201196870374896,0.42650272527225086,0.49451697768246333,0.21814918236850778,0.7089570633864593,0.3462066645767614,0.03445111322679095,0.10464469593940429,0.1178264178004317,0.24459147448775204,0.027432431362668975,0.31001594325174386,1.0,0.9777174492547622,0.9546216976643179,0.005926848082962715,0.1241678063644013,0.005352790180625511,0.1028391153305715,0.07633805618928469,0.15512541439778818,0.3338091145958698,0.12069194195996094,Data Scientist
0.24850213022615916,0.8646735739186937,0.4304031781151821,0.2553823539193965,0.2964048249314925,0.8197795913976442,0.4695361278882465,0.6626258168507884,0.29806660298426024,0.5024250811355012,0.4900030220942341,0.1898620109148245,0.9002516161087484,0.24381161171470717,0.05546520829980458,0.09428946770151446,0.049710159819015734,0.24984617522907954,0.061993701982295084,0.27803341647970664,1.0,1.0,1.0,0.0,0.05595404665825992,0.0937938303133629,0.07973402087235734,0.1454637416201122,0.1032045346701713,0.3030936096591712,0.1115538171936801,Data Scientist
0.2823748184753339,0.9379731270511631,0.34088674451537776,0.1921224891597034,0.34942577978769784,0.8190799628539812,0.4914959576175609,0.5958805711569174,0.3120124090493169,0.46896335612970363,0.5108242627650039,0.24066907704201954,0.6908061773972035,0.26152692783850345,0.06326795005716748,0.0,0.12047800239991349,0.20938118501888336,0.06621671541338067,0.34773722237110094,0.9521296270314196,1.0,0.9406052357279583,0.0,0.11182761987302897,0.012333666919923984,0.1250952935557864,0.029955756321412605,0.0664174132734702,0.2519969824909693,0.03245507966699827,Data Scientist
0.226724709281741,0.955436248238464,0.40967323241227094,0.3244210605184112,0.3574440537537683,0.7969747617728717,0.46427771430271214,0.5423012243048353,0.3078754873961593,0.4713649132039166,0.46344030607260744,0.18241458670864724,0.7242409343502724,0.3261724067304696,0.011793650879520931,0.007450578654273822,0.05015609495764257,0.24314687726334774,0.02051062909914594,0.3614117609119029,0.9819626881175407,0.9779020901047721,0.952536590324667,0.06478689973290716,0.07396191411732532,0.0,0.09524387967124373,0.11529764571979692,0.16891257349063948,0.35978275346496297,0.1649622531438784,Data Scientist
0.26765965988330526,0.9106867627305172,0.2922628586339798,0.219769055739011,0.3375446875730684,0.7861074649913894,0.43256211238879516,0.6394682437406889,0.29801648223552696,0.4531113039460706,0.4606863002967989,0.2574220811912191,0.848509070245557,0.3489141534655811,0.0,0.027333159025953152,0.09466348061481641,0.17249282436317884,0.10259695715716621,0.3407334169746971,1.0,1.0,0.9791172682955642,0.030542534040807978,0.0017980398586069576,0.10394436423063588,0.04894487492339053,0.0661146119876468,0.10915814562880838,0.2780494004889023,0.12103838590954102,Data Scientist
0.29985357246345457,0.9446459457483573,0.3249537903318813,0.1992872155854887,0.35287269747596967,0.8602862550920387,0.45511845661426653,0.6080222928044985,0.33428110049959614,0.4488663165152599,0.549418054323521,0.205057172291473,0.7330286264327863,0.30300262871453587,0.046666850903270614,0.10370828025498627,0.07672387315022798,0.25251214536923156,0.047198247402711634,0.29926684289029676,1.0,0.9626652731009637,0.9265622940061198,0.019969138181456885,0.051914274525215305,0.04940606701056653,0.00541770205452205,0.11537876045662379,0.12289129252902249,0.24771972865580436,0.05900728603339975,Data Scientist
0.3269408195262821,0.8979663949464439,0.40370234811805394,0.25075931830160114,0.41838222026088634,0.8585551320066643,0.48069441979068533,0.5804947002204398,0.26561527578735283,0.43922325241467186,0.5138064234549524,0.20466902626627287,0.658817198733034,0.288658465272921,0.012796351651561726,0.02051316866399476,0.04800116385790419,0.22778288494598717,0.07568233477157459,0.35835193372263124,0.9478828774665699,0.9787266219070189,0.9740302312795376,0.0269175137549444,0.008852823346673137,0.08880896914877229,0.07613042377691581,0.1429551293786039,0.1302598478235563,0.2797733783914361,0.05547858092232966,Data Scientist
0.2061984659170245,0.9810151169601776,0.320598295104731,0.19486603789403853,0.3921198859092794,0.7636248033929213,0.4970008614953311,0.6110266399340554,0.32105323610072295,0.39403093111420706,0.5111098156092745,0.20812203694783676,0.8032597661957741,0.3138569994378803,0.042709804316406814,0.025215990511695582,0.053574317809649157,0.2511499520413478,0.05102151511591628,0.32328421464518287,1.0,1.0,0.8939957396246461,0.0,0.07081738189844722,0.08984632485527386,0.094494893020777,0.11991647901606334,0.16190113245719012,0.3116645925722634,0.0,Data Scientist
0.2587626033256267,0.9079776702190064,0.34591989759519814,0.2904933573577368,0.2939863006016138,0.7563197380592243,0.37882070971901005,0.6970850750592443,0.32187324435457637,0.4324208225870977,0.508724029366645,0.2544255087795508,0.7541818901062416,0.21076059330972507,0.016633933708135866,0.05913506912846313,0.07645802808147553,0.247693132100176,0.0,0.2883208746694087,0.9971164912768244,1.0,0.9608961281090435,0.0,0.09424579227891444,0.028473371352870508,0.03681222015281195,0.07940332550394814,0.0918849593962133,0.3424853685520114,0.13093087889652744,Data Scientist
0.2450818255279023,0.8869700647541856,0.34904317298693543,0.27016193279517026,0.3283965057644949,0.7937194490051531,0.4715175065932549,0.567596488292135,0.3359225348512177,0.413254823666149,0.4806372601547247,0.24344841168037717,0.765247240609521,0.3643538362062459,0.03888190832921937,0.0884490751967143,0.05349398475399499,0.24727879676873982,0.027710830026313228,0.23328169439009966,1.0,0.971631004447512,0.9591422070620217,0.0,0.0,0.0,0.08824188431913074,0.036160632499595426,0.1820452798008677,0.2386805978409574,0.08254546264845489,Data Scientist
0.18207222310263288,1.0,0.2755773634993274,0.2925474294134244,0.3336751118093354,0.8351947846657256,0.4323146406307631,0.6353579585154714,0.27557473213457057,0.5568604425234011,0.46128205116762305,0.195875040331724,0.9371262916622276,0.31869320456409705,0.01696519929411853,0.05370589841541413,0.08000056222760683,0.23532927216574082,0.07986807549799531,0.25425839328561156,1.0,0.9864037018608444,0.8483463206862543,0.0036042990719881325,0.028558821388100245,0.08332110578405955,0.12494902878236999,0.09947306558748123,0.040057988798466226,0.38333653510638177,0.1188648210529255,Data Scientist
0.2603000533264715,0.9301162568042469,0.3441255542428935,0.2717494159021142,0.38945673042954526,0.8644172344304332,0.39834785483949153,0.6158393566249297,0.31547391679649406,0.39876852220860626,0.5850734823273291,0.13307145646050128,0.6970833554476114,0.3168745145568616,0.13962322920154707,0.06238505808900091,0.09905964257883138,0.20228923331386275,0.12994155820426656,0.3681104465813896,1.0,0.9006402016180658,0.9549476280663691,0.0,0.050219986392997844,0.03116986998168806,0.09140130947022175,0.04984016363992614,0.1148059687817935,0.28355452128834324,0.0908648340907412,Data Scientist
0.2044368270063604,0.8531271260700817,0.3575682207454924,0.2506454388823302,0.3857562774637967,0.8403112167516317,0.44899086200863725,0.6075614033918433,0.2748683877232317,0.394056341451713,0.4337744740104105,0.23436866517829635,0.6717377863291282,0.28287213618737994,0.013257811571188466,0.0145183545592669,0.062358200538168054,0.29417744104777943,0.1124860921942071,0.3425232095902687,1.0,0.9268326943595331,0.996376279798334,0.0,0.11303865339379149,0.020250085868728653,0.12749256539612802,0.10560738429279762,0.03924560190480021,0.3376869837636649,0.07822579588845718,Data Scientist
0.5452232865693758,0.8015807500896911,0.25564052411114147,0.2887010217650964,0.3436830158995183,0.8964547761700474,0.6235978180250303,0.6904882252430016,0.5591017016900949,0.5773739963842913,0.50771479206445,0.2022641963707157,0.2284589403548438,0.16113860698010787,0.09892138920710841,0.0,0.3330905104651815,0.5828735956911252,0.25934925598458236,0.3099819146254912,0.22353627665968534,0.26022838405220733,0.2854041643776702,0.04227555606672359,1.0,0.9921780124902835,0.4957738664040189,0.49497757940399306,0.2825705017282196,0.20296463452234667,0.1299792701532296,Cybersecurity Engineer
0.5561167180843286,0.7474109842948204,0.24024149534073425,0.21513253596725737,0.38229054498525494,0.908900515302987,0.5783523385545412,0.729368777601642,0.5748507728214769,0.649105072024179,0.3851907931512549,0.25949090720348317,0.2347074675879234,0.20206123511141688,0.05603688733019107,0.0,0.391435909570902,0.5181327191415767,0.19712834466171128,0.29026513685692307,0.22689584740747323,0.2513997644311209,0.3074492574301113,0.02360316324130015,1.0,0.9978171407027869,0.3470911387956999,0.384369831645734,0.2308954852623925,0.1618255937537758,0.13479057153858315,Cybersecurity Engineer
0.4891697499328692,0.8416913252478907,0.16525776477966486,0.22997594989914832,0.3911222961666469,0.8716003266652141,0.6457417905756351,0.7495792693696066,0.5714264882580979,0.57844244460437,0.5595809397831761,0.3067163642685287,0.2013343560947795,0.14702772309639345,0.07929164991403709,0.032401437702190394,0.38185060412021093,0.5840064286718976,0.27669581630878026,0.3438059274552861,0.3133205120503861,0.2659836589657217,0.37366011288285556,0.05203906365187641,1.0,0.8848804748522191,0.441239864112668,0.4722641431668883,0.23936583567987837,0.18585731806212644,0.05319217497277762,Cybersecurity Engineer
0.5504711220167257,0.7388013221303156,0.18220179171082868,0.2772129181608168,0.4415976155022486,0.8195793777916768,0.5863786509119716,0.7136234295708768,0.5777289451322722,0.5538052317484068,0.5051839011130048,0.2795963865361022,0.24505401865761908,0.18763691923243214,0.0,0.06159151664544565,0.3614531704375951,0.46771342111966074,0.18380067256490193,0.33010165658521134,0.27732222209350615,0.24424350938774175,0.3572417302591643,0.0,0.9812501577785316,0.9681539490473977,0.38648624446286933,0.35939344593556266,0.22375833354900834,0.2423444159773403,0.1124630833827166,Cybersecurity Engineer
0.5631013959635779,0.7536271476864524,0.10548985517846335,0.2506081878467262,0.409828039843757,0.910288170447873,0.5946085768174714,0.6939380912927523,0.5637867242396347,0.6417102935913847,0.5234427000275437,0.28017012115601436,0.19930513946841194,0.13614009118928763,0.07423534032967652,0.055450362813012403,0.4028376572045851,0.5272868710782902,0.1230183164286734,0.287065883118952,0.27256021581023915,0.217595798204083,0.3163064282180875,0.003005289681864542,0.9452361515826369,0.8758274872710434,0.5309555860144713,0.4831887342087173,0.231360486600442,0.22857356257590067,0.1321483669000158,Cybersecurity Engineer
0.585589485862564,0.7538941899293623,0.17754717323629624,0.33452999281843654,0.4113136377649193,0.8869486047175644,0.6486563702973944,0.7320172098618069,0.537507768750818,0.5856039110116839,0.48218219743814106,0.2634617113793908,0.25627480377855855,0.1941808345400846,0.03418650681942342,0.053892753047062016,0.3020694456380088,0.51292332764654,0.1914961821731901,0.25886082019977336,0.3057743549310128,0.25422056505651686,0.3118586481580835,0.028132369286499544,0.9644658980323777,0.9348672410997666,0.2910992105771555,0.33371702110866946,0.25649395674341435,0.3072677990380477,0.019612432936706545,Cybersecurity Engineer
0.47342068341375687,0.7573766180520756,0.21875403905530832,0.30317796706574784,0.3866547319225225,0.7882997078365095,0.520985919873995,0.7617501287571754,0.5619800272928499,0.6378760954854167,0.531742838533895,0.3085715302049942,0.20752543825972283,0.1603105560374072,0.03968728238383902,0.07020286900785094,0.28425661689799175,0.49070832339787473,0.1941383686445993,0.31502962118301325,0.30294802130079845,0.30554186539205164,0.3340937071357015,0.029515766666843486,1.0,0.8413191564568426,0.5845640676311545,0.5418537715501826,0.20847802785613434,0.24399461110216353,0.06987135012386884,Cybersecurity Engineer
0.6005964640272073,0.7141103058323477,0.16814303242766368,0.2647104093398786,0.37676453315176284,0.8337566518584105,0.5733722056367164,0.7580679350417067,0.5618676084479423,0.6187711445512709,0.5381569941454534,0.25567185066697995,0.15470308837095162,0.176159700057069,0.024489982291340726,0.0,0.40997427865805947,0.46521537392772033,0.18047927732554875,0.3058487438291008,0.3104461806003073,0.23886477338160064,0.26644646341408823,0.0857151561697867,1.0,0.9309623318867704,0.3643107519373375,0.3867323108154159,0.26331579521747583,0.2752145434306936,0.11457037912450603,Cybersecurity Engineer
0.5288265976050759,0.715241044352244,0.24040470047321924,0.278402216449676,0.4082146139316739,0.8604013957939668,0.5735338140518011,0.7556342158935859,0.5437399743565735,0.6281292923736375,0.4387046988185599,0.16841428612436413,0.19589558288924752,0.0811727982288427,0.030546916015322723,0.0,0.3359577355276927,0.49527948748615186,0.17419620205245503,0.25489541273402205,0.2940788967343605,0.27576894891869386,0.32238795222130806,0.013571554957278851,0.993751704546878,0.7855755191816067,0.4992512880223348,0.4958148211251359,0.2599243255751279,0.21586277192579148,0.09865605627482045,Cybersecurity Engineer
0.5439736696121426,0.8056610116994869,0.24888586319527023,0.3129676378438215,0.39121257216701016,0.852738125234685,0.599915671969113,0.6467104437246465,0.5309254835063202,0.6139915534683119,0.45629977219870016,0.22206440978033992,0.25050161726684,0.20094517580799132,0.0,0.0,0.32930386537656875,0.549467150875876,0.1795739253491657,0.31299962895217853,0.2766211167754323,0.25304147012740896,0.3068763884366991,0.0683708133245331,0.9959913110070326,0.9586174954230273,0.3697941591586617,0.2679332334173774,0.24039853528633046,0.19245726366030158,0.08761502329874475,Cybersecurity Engineer
0.5937890904621708,0.7038105730152697,0.15272814543015115,0.28646182409049953,0.42022549218051597,0.9066817833311623,0.5719975326343092,0.6810308075491058,0.5496982632353223,0.5916525034006798,0.5303872251827737,0.2505852110256891,0.22914130396027874,0.13992313957014996,0.0026810420049084224,0.027688261464142067,0.39459560716015624,0.485926551366402,0.21331903986670658,0.3388335327759694,0.3447572190753877,0.2858231360110482,0.2823547892953848,0.0,0.9596478457607566,0.8141715632847725,0.4794709136038048,0.4833671216670812,0.1876988334273817,0.26120073367132257,0.10001919666438502,Cybersecurity Engineer
0.48622973125658175,0.8761124769326663,0.2423984096458583,0.3116105428030761,0.3910249811386071,0.8572651864720551,0.5997390716219,0.7381874874078004,0.5030474800956335,0.6197672867575365,0.5006539061131281,0.2598861676500543,0.281605503947498,0.12046467183989223,0.04806159545326606,0.03343438798435479,0.3900968134180683,0.5200697853186439,0.1913975901338697,0.3090301014074072,0.22030438363184698,0.23840183628731573,0.3259129062533256,0.04864049692858025,0.9922005660538173,1.0,0.35396631740181017,0.3973877041775236,0.19662127946606694,0.2686150107200367,0.10273263477614468,Cybersecurity Engineer
0.5436434295475439,0.8033927926012342,0.19900444775773982,0.3010055398942221,0.4168924505697815,0.8434021124132264,0.6551352679326203,0.7782468964922417,0.5475400593518968,0.619785990679724,0.46895985204360474,0.17336809770674158,0.24840622688141198,0.23343859476664852,0.013716331691301585,0.036357121601311965,0.31482653428953045,0.4511390443527397,0.18054010465924772,0.31023977986958273,0.31438665582184916,0.20094670434297182,0.25858122124593086,0.0,1.0,0.9027681310867368,0.5860130540956712,0.5619429695595554,0.26139563450544995,0.24924287795073283,0.12878861287405108,Cybersecurity Engineer
0.549225381893827,0.8413770156557192,0.213494935255706,0.2716454307536613,0.37105489936096103,0.8736312024738041,0.57965620619817,0.7448224582502976,0.5611156862418897,0.6040760815945435,0.5947622263777994,0.2578520820483673,0.247625062568038,0.1496528795015725,0.0,0.14287427387576732,0.340663745917527,0.4613577761244987,0.19458219654112116,0.33412578684136585,0.29440029487764485,0.1952484559344603,0.16841382808891955,0.07726355317948204,1.0,1.0,0.3544997328499307,0.31841211011111553,0.2801006567580195,0.25590208513182366,0.12106255824302155,Cybersecurity Engineer
0.5597895863681579,0.7462597896822334,0.2098548107326976,0.28662641860764493,0.36588247947304803,0.8611653454298438,0.599968922291077,0.6957583176329465,0.6119464594720324,0.5487854079152709,0.4183850782506932,0.24107734844920453,0.17970427669410288,0.19361461952993436,0.05922156430336735,0.002119156117542511,0.3950804414815275,0.4660235638448994,0.22310004363507713,0.20995955576061895,0.2680832931968939,0.24604375418663518,0.3102376610801794,0.03368730874019276,1.0,0.8980508813347469,0.46052049708838194,0.5262580642519789,0.2236747736943825,0.30734886883153995,0.11832943718292406,Cybersecurity Engineer
0.5499901174151578,0.8456749358867003,0.234527254881541,0.2733528688794867,0.38848785303485217,0.90009889413359,0.5807205554561858,0.6740121188308177,0.5336847900105005,0.6142265321993869,0.5128160111850961,0.16255910378157912,0.21102497011367188,0.14267181453277142,0.08362733442599299,0.027959801357899095,0.3696308324732217,0.48217486253109104,0.2281562055280022,0.28549704705182305,0.2713881191864378,0.20561041316889492,0.3136700009944578,0.0,1.0,1.0,0.3477358262973534,0.41028176923067183,0.2763025914285081,0.2238224208908629,0.08409508256991102,Cybersecurity Engineer
0.4990632894579431,0.7705687573448479,0.16979893765720966,0.26639309897921726,0.3627293674114452,0.8766953211612596,0.5619376156645527,0.6759535988603664,0.5651684087946158,0.6093786463615887,0.4391914990959996,0.2235717683622568,0.2508169621438422,0.13080094999854705,0.01897481832874636,0.0,0.44526012169250473,0.5614205629269237,0.16491863591431732,0.3355331046622139,0.26344681476267684,0.2484444053881004,0.3432829038801846,0.06499849577696551,0.9811421421898109,0.8023225379209602,0.5484590014505031,0.4841537298621785,0.32276225893098326,0.32960030445408806,0.1102502487484117,Cybersecurity Engineer
0.5311661090937595,0.6841079499216844,0.17195872388337086,0.22405266230850468,0.38711649261637093,0.8957043515919183,0.5840851454487682,0.7288386020378047,0.5295721836819278,0.555685826611981,0.5481214871631475,0.18725177098051377,0.16632436790730865,0.18506041765388717,0.0,0.03633067649204796,0.3654630109707317,0.5352549184769451,0.18363732450333303,0.30691935087643085,0.2470848930737113,0.28076450679861575,0.28183084830520105,0.0,0.9835156792175321,0.9910935327162814,0.3384505507213828,0.3344989517687942,0.2682554652079892,0.27594011203851604,0.03614609075404779,Cybersecurity Engineer
0.6051918697858623,0.7552063007186792,0.1937670211145269,0.2996061346052789,0.4258007102036303,0.8359036661804156,0.5873450221454717,0.6939814479756465,0.5313193552494011,0.6116726143889915,0.46332381630782277,0.24722881146453002,0.20708256923236926,0.1716005835729048,0.021509270811402748,0.0,0.3576455137926597,0.6163535792802259,0.25806294265415236,0.2862417707496326,0.18307498660059818,0.17077450180616544,0.2158106222611032,0.0,0.9787712183811561,0.8062567140756953,0.4171973849400403,0.4966040472628765,0.2901853979384412,0.31325492469771776,0.11895428946853293,Cybersecurity Engineer
0.5492534748317557,0.727233013619193,0.21652778156786606,0.20173907795375634,0.3571359988031317,0.8132851239975543,0.6043667870428497,0.7406094533627285,0.51585054587137,0.5921115771579717,0.5398371857086665,0.18819567854135755,0.19370972187535934,0.22059894595753815,0.025113576761866166,0.05367766618408009,0.3532985238827639,0.5543748725934093,0.21243377432123928,0.289949818292634,0.27824846920017426,0.29551520683403687,0.28552026265327346,0.06502334960027303,0.9889006833065522,0.9689161235040379,0.39078123070108767,0.3264369024003035,0.30580642837554395,0.2945031848507364,0.053818202110987416,Cybersecurity Engineer
0.5931999156099635,0.8158354257140349,0.18581311274876766,0.288869693714534,0.3369355578025068,0.9120450160758602,0.5548410798511653,0.6357557828485467,0.5273050566251686,0.5642140826377066,0.5084465121609575,0.28281003009586775,0.23722668285432671,0.206215991830301,0.11438328758140956,0.01445017540903074,0.2682031587125929,0.4742662032071789,0.21223716927121516,0.27497828432927923,0.30786231136922587,0.20360908089101626,0.25342280555359686,0.0,1.0,0.8288805873266036,0.49566622546529465,0.5433715346270819,0.2760027771309681,0.30871089742255814,0.17660652430568757,Cybersecurity Engineer
0.604170157139037,0.8006475839625862,0.17287791407133213,0.3215656092610463,0.4465168474295079,0.8533213998795102,0.5764550731811428,0.7656095350637988,0.4379727594741788,0.6245696946081906,0.470363667230012,0.1941175696802326,0.19422193430265347,0.10882257688896745,0.013585269791468724,0.056778624505348776,0.3161278192264225,0.5176437872978412,0.1516828237099046,0.2351739303123911,0.14710148197855988,0.25949764858138563,0.3371179955864586,0.0420569770889577,0.9465437098524874,1.0,0.3882137097315135,0.4020799063053011,0.2907052937375164,0.2770306122038348,0.0882862440371148,Cybersecurity Engineer
0.5231288778121059,0.8002156146231414,0.16667493650437565,0.2920883124028868,0.39608357297250907,0.8459335327236478,0.5939109497351859,0.7334289626337985,0.5419663413520254,0.5072795141641061,0.49574792277369367,0.20281162041001996,0.1761503259851388,0.2489498256882349,0.0,0.07655779045449052,0.3504080852597777,0.5063935885997802,0.22301978550987542,0.3835400292616978,0.27535335189318444,0.2297179860583663,0.3236738123988134,0.06676850968255846,1.0,0.8722824612551103,0.5517649224983692,0.5532212305775346,0.24870838140211102,0.3052610906336397,0.08827633233359576,Cybersecurity Engineer
0.61075644577463,0.8449732257182585,0.22613123011969083,0.3256919755525469,0.4352507773800317,0.8708325749492942,0.6085922149480504,0.7824605172012283,0.5102950145395473,0.6518430286211356,0.4046256212305621,0.20308321531676055,0.2312264490454228,0.17260136934466047,0.06617421840577836,0.0,0.3734366083311224,0.47912259723334355,0.2368987187511672,0.26739076313128435,0.2901135462772551,0.3058567945763924,0.2723449834208662,0.024416067831708032,0.9953552896326499,0.9730737981689395,0.3557557814881222,0.29667906178392056,0.2699240223644817,0.2395883841782494,0.09447161526133917,Cybersecurity Engineer
0.5922466720032395,0.7553412338077307,0.1931462364570284,0.18323205408175242,0.4766405811477187,0.9194705905297714,0.5711997536320599,0.7936962135527201,0.5667250703706708,0.5126835075401461,0.4674056968998503,0.24658056532994782,0.20436107138245188,0.1550274114775198,0.041567223573716075,0.06292502760750252,0.31909110091083437,0.5903509505091282,0.19395911026949708,0.31105538543065336,0.2708612812161781,0.19925381434669096,0.27116922709504865,0.0,0.9457283506515038,0.7962344519132512,0.49321401269743614,0.47374008287716873,0.22923211450747963,0.2538431163129895,0.06919038903871247,Cybersecurity Engineer
0.5541446546052791,0.8450843012974227,0.1684428110907531,0.2714587616084093,0.4094850654334402,0.9052034365498283,0.5661905824396768,0.6852101671782225,0.5776785330751903,0.6301224830129506,0.4731298243033415,0.23582418184584342,0.2737270469784518,0.23896187573018113,0.07186082071620749,0.040954781433029816,0.33471233727637717,0.501960293574859,0.19488300422747862,0.3156970363661404,0.3063274674969355,0.23925553681951814,0.28892599521625467,0.05603886720195739,0.9496281085086122,1.0,0.36150085617972727,0.35565537760462945,0.2159095621466008,0.23486497751210306,0.11897494338295825,Cybersecurity Engineer
0.5563280507483842,0.8156583379572363,0.22275347894707037,0.2361741026161679,0.3070124853059696,0.8729887187294374,0.5715219337618932,0.7082306581171804,0.5493158995067302,0.5682520638086334,0.5078808715064389,0.23652738910674612,0.204010840401929,0.18614854728880473,0.0,0.012380730634056755,0.33637362117194064,0.5681667738837264,0.2100860370053339,0.35643731855551175,0.2760072188108786,0.22499985973364234,0.294269495396284,0.0,0.9925657371541777,0.8901166641246089,0.5350598191874435,0.5345804530171456,0.28176654372301146,0.24632570005167373,0.09912685071128216,Cybersecurity Engineer
0.551733619160988,0.8112969244929981,0.18285291673199117,0.24213814135940903,0.37374532452325976,0.9616838519139576,0.6240052286479331,0.6946489580296986,0.4736972967225507,0.6207285075419158,0.5290971420787814,0.27826117860704735,0.22792077427543178,0.16479231981008072,0.06155955271997288,0.055303854967281,0.3842922030307888,0.46297325953121404,0.25145191717885584,0.32161356505858424,0.2712246903033041,0.23068937517053173,0.35058371566824376,0.0,0.9273620625200124,0.9312360297450896,0.40410216511745134,0.34210692685220784,0.15044559617401237,0.23352563683374838,0.14595345143724808,Cybersecurity Engineer
0.5081898877123595,0.7877084026628808,0.15445721402412457,0.36157329026111656,0.3714088564343045,0.8116753504835624,0.5905094092481887,0.701215613393653,0.519477016231907,0.6253844891753224,0.4978142688798603,0.19938053645865889,0.1951116078252855,0.136335217423945,0.022864448239764752,0.015692968487754054,0.3302126936818013,0.5034494650066117,0.15594440329239986,0.32067903478086024,0.23836743940269797,0.3534890362755191,0.2917597032079601,0.01378445954827913,1.0,0.8579796369350746,0.4445779016823454,0.5408513884862008,0.21389205391219746,0.23115835517252936,0.07308401065798573,Cybersecurity Engineer
0.5483533375294557,0.8245459187090124,0.15409756835860489,0.26021064194907884,0.3914316469425807,0.8846232475904897,0.5965958697356002,0.7147437901815544,0.5169003884237012,0.6038802323221923,0.5792383829328397,0.19599168637924907,0.2713977092843214,0.184438197631751,0.04235789159106887,0.014372215562431524,0.27897497793373793,0.5430536823148437,0.1397565314268698,0.3190717137631064,0.23471558130885073,0.29914828133978577,0.2748149423440911,0.03342640316272005,0.9307562527319853,0.9335641537776487,0.3236596685332615,0.367920657817461,0.28156614158236276,0.23621909130424376,0.04352073405084476,Cybersecurity Engineer
0.5340938961373418,0.78759654907811,0.22530996144865162,0.30996149493187347,0.38982814275313216,0.909250934238823,0.6339350076531141,0.743594016273424,0.4741070809200442,0.5044115260944264,0.47117900512265737,0.1723643075016422,0.2977485825111057,0.18235216786823916,0.0,0.046741567900822095,0.28500920069742575,0.5583294912215241,0.2519225536064843,0.29085819014627357,0.2691769123777692,0.22696906792601662,0.31246186258621605,0.006520030088650028,1.0,0.8464971129583924,0.45720027839254584,0.5763402422936381,0.2879411335154461,0.2444743519434964,0.06117640076160717,Cybersecurity Engineer
0.565527945000049,0.8290699971991032,0.11730263683669974,0.2543475602045774,0.39694355638628276,0.9270754383935579,0.586264109839054,0.7078390030981123,0.5624063120125817,0.6415745491543965,0.5059521229761902,0.1967363370060241,0.2585893287485865,0.21019178019944834,0.0895225023627288,0.035605113946395435,0.3363137638209206,0.4905699125832266,0.17336973277993822,0.2644713612053847,0.2842532982818794,0.3404436756543481,0.39900764836448144,0.0,1.0,0.9834876726470694,0.347526545466412,0.3705765053568686,0.3189114479109886,0.27990341368594424,0.13157563321606913,Cybersecurity Engineer
0.5057542257293414,0.7983041876443785,0.18921786566825222,0.3355207475999976,0.35055209843986895,0.8125121434793631,0.6128975409181262,0.7568510587306865,0.5669663094299152,0.6751468899853812,0.4671203911972579,0.21241870693380027,0.1514071486916943,0.15436475395230348,0.00011388112458895344,0.037619624893878656,0.3736667973143346,0.5002586196725312,0.24532429934314043,0.3145124271219106,0.3901032671396922,0.24197419224971017,0.3359257597356676,0.0,1.0,0.8259026613597583,0.579822175223327,0.494862847144267,0.23496154635769198,0.2695853377615323,0.10734967126267088,Cybersecurity Engineer
0.49212235401990334,0.6975898855495289,0.22416175444637748,0.3008467550976183,0.42001238224554666,0.9028335513260954,0.5556870078176713,0.6958698395257815,0.4956847544308963,0.5880141837521737,0.5353479775080401,0.208750802048356,0.2253017320176396,0.19477733566671446,0.0,0.0037487263642962086,0.3831403636736637,0.45331525756241486,0.19945724929553546,0.3397132132220001,0.29022230357128076,0.26970704698810005,0.2852181963725593,0.0,1.0,1.0,0.38257265610454455,0.3066689607857145,0.20554361496357487,0.22764797449780927,0.08652680448309412,Cybersecurity Engineer
0.569907413935699,0.7441365285910738,0.18727519533968087,0.3147545907783448,0.39083374248883684,0.9062799584617454,0.5796944873997553,0.7428991504712387,0.6388278141949466,0.6536722722769468,0.4285654061806569,0.260905511067365,0.2657326278814519,0.21676240155319265,0.0,0.043566547265266785,0.32318263741740294,0.5020544945703848,0.222244584324548,0.2690204461427584,0.29087166732172504,0.21350449834322682,0.20675951450990598,0.07028915320342027,0.9823659603907853,0.8323097329107281,0.6160996633204373,0.5372833648918577,0.288024524736444,0.2517471153146094,0.06131193399746338,Cybersecurity Engineer
0.5779112510549546,0.8274802105149877,0.21408228235170612,0.35096556684660457,0.39596345722675214,0.8987592565648655,0.6253297749797362,0.7240958152443369,0.5057172096012579,0.6814208542335881,0.49526677445786,0.2280746227443496,0.21418780466912785,0.16125042393643127,0.05257940244248806,0.0,0.2869812130019376,0.5203697753520636,0.21819971647723713,0.27924955506312366,0.23947201949489344,0.22722878282871298,0.36682915824949225,0.04780346545366676,0.9532314760744399,0.9742553353180756,0.4765069016115764,0.41461060082209783,0.25345552638963476,0.29155179444224766,0.10497818623332311,Cybersecurity Engineer
0.5014892029830822,0.8318227350241587,0.1496370365521907,0.2856286573505494,0.3395252652125879,0.9542805103430531,0.5930794048799493,0.6769464933844632,0.5588500306285157,0.5856026735037794,0.5756973102845957,0.20918978240616842,0.17553724304023732,0.13937492256183603,0.0,0.025485596795825523,0.33231150708034907,0.5195282731257229,0.2142000558372881,0.2720856055186153,0.24820637537289444,0.33289158345059466,0.253480714538608,0.09020526708382023,1.0,1.0,0.3985135245590312,0.3622967308900025,0.27168751054238055,0.2712795066969886,0.13684153841151206,Cybersecurity Engineer
0.5368696135104325,0.7270814702612399,0.1261497477514057,0.23691919361064798,0.44481300777250343,0.8573108647379722,0.6419360112415969,0.6667898849248215,0.5736506803725022,0.565314221854787,0.5486196462956809,0.20956779608409914,0.2645837719382401,0.14494342203346708,0.0,0.1050032386988777,0.41845230884572376,0.4574830745560348,0.16146726420211882,0.2772351642656574,0.20341771619707016,0.16446510681488835,0.3726052829114675,0.07171750314543335,0.9313182949464911,0.9077588083379371,0.5686525644239323,0.5449529003482733,0.27573650927686016,0.291072456438635,0.11050042346808363,Cybersecurity Engineer
0.5438029671129704,0.6855795145981154,0.17532030391866665,0.27452803082467225,0.4001359249330308,0.8755590565676128,0.6599948522559566,0.790547846640971,0.5146255733545307,0.5674982738422275,0.49184122684664416,0.3259048506367468,0.20678552119842955,0.1249371607204525,0.05248935378771019,0.01400835832215422,0.3571031032614176,0.4915330422997049,0.19700978514738982,0.34429176717623006,0.2738050868919451,0.255410649696909,0.2961979118570527,0.0,1.0,0.8234866995516824,0.5688095103250574,0.6046992898044365,0.23260707584896492,0.2369946855562766,0.1476188468394787,Cybersecurity Engineer
0.5297449958692414,0.7999813163782662,0.1921392930433723,0.25998262494321295,0.4471970182718976,0.8472162619119913,0.5637919275862988,0.6266675416198131,0.5650232920164033,0.5793838306247446,0.4630133539878665,0.15369946778439464,0.2392386727798475,0.19217831432101956,0.0,0.03293011730454389,0.2700894169284451,0.5855343309958154,0.1892774007848945,0.33112110454725685,0.28723351027359784,0.3053780275057745,0.29626581527899515,0.0,1.0,1.0,0.40685178561567314,0.32288251083423264,0.22418364116939515,0.25720246330017305,0.1308141810135665,Cybersecurity Engineer
0.4854396498165683,0.7884823305821663,0.2114914572222806,0.26128832805673813,0.4063430968669206,0.9291084990399822,0.6059099253533713,0.6922901203695,0.5751697931867269,0.5625828233879712,0.5470319202342385,0.24549236511694453,0.34031538032776926,0.2101326403139189,0.07157850838020907,0.018301794072212177,0.3351813479991335,0.49791769938244596,0.17969043856776207,0.3975426282369045,0.23450383814304762,0.2570361209282736,0.265079107377208,0.034769289897046966,0.9927422933708475,0.8215565807793206,0.5359373161417761,0.5544305965743599,0.29376413093248005,0.25510251373477216,0.06510483392941979,Cybersecurity Engineer
0.5221735139876501,0.7492146664586962,0.1986502263295227,0.2982870931802094,0.40881694269147023,0.8725253058640291,0.590584436726897,0.6891840140541331,0.47320871679409443,0.5951348354172045,0.552691996283618,0.2402028558277398,0.17465784091737302,0.18447601040586215,0.0,0.036356593817017356,0.3563005807147291,0.465527356365813,0.18950683200204327,0.279116633819513,0.3151516180698688,0.3223830195692257,0.234964614015855,0.02089205270486838,0.9601508222711079,0.958854264922033,0.39933773777698045,0.3618754599184456,0.2660847752104152,0.2683906601096337,0.09039864441381751,Cybersecurity Engineer
0.48385983123114673,0.8039496574268805,0.09571020355749332,0.21411697132214336,0.3066134158998496,0.8144411614276336,0.560247823360788,0.7266236283281217,0.5539269577681629,0.5877444773686747,0.4688049036150677,0.15903414379475206,0.21200228160767765,0.18519306890863213,0.054522452242622116,0.06263190164141402,0.414896879955439,0.5143795411286021,0.2584483283514061,0.29052722752681354,0.19637988483733226,0.2859308474593921,0.3047543089184146,0.020200048879851735,1.0,0.7910307316882885,0.4618768051676526,0.5036617263572931,0.27325258305795774,0.24090651604836533,0.007388902595107785,Cybersecurity Engineer
0.4862878832223369,0.7548485391659661,0.20005901450205105,0.2783117472420328,0.3774012476373125,0.816089371371515,0.5999278324042967,0.7894142019736291,0.6352834711510973,0.5785511703059686,0.45342993225280354,0.2006007983711388,0.1637792158189429,0.15695248369689213,0.023785095614098646,0.0,0.29582606861255384,0.5087017856128095,0.24950742688242036,0.32432904783004773,0.2622811613600073,0.285685514553218,0.30127652004943156,0.0,1.0,0.9832430775403596,0.3038614614231731,0.3653809855888105,0.17932281097851507,0.2252513162336883,0.12499100952627433,Cybersecurity Engineer
0.5023156845305241,0.752210085953218,0.20336462336655667,0.2780367489280492,0.4660047385431142,0.9342496475528757,0.5931653094395888,0.7954982508632943,0.49300293405890805,0.558413259781252,0.5014222124571268,0.27286080386770045,0.21470625536618135,0.15719519624098896,0.0,0.0,0.3284984013030262,0.5273699894822549,0.17150886197732398,0.31151739553425617,0.2707023814844284,0.17763033420100263,0.284089146898082,0.05080835218458862,0.9437320933059894,0.8381390392416054,0.5611254174342042,0.5495510287286923,0.286922137570566,0.25997310359660086,0.11739305233953223,Cybersecurity Engineer
0.5232989670622412,0.756173297599517,0.19776947907084266,0.29406802711826324,0.4155254351268424,0.8730677301287609,0.6295708411576846,0.7744646575019517,0.562635672532099,0.6161710713268523,0.4997932348001361,0.1492083661550911,0.17713522331324189,0.20357862804074203,0.07831370913465777,0.05626479048409596,0.3138229532181105,0.4755326159104015,0.23147105669075588,0.3584964785441781,0.29372893904848685,0.2896303809140563,0.3610949573133718,0.05544617122333091,1.0,1.0,0.3654772038729286,0.3509793473726555,0.22805449532787095,0.2496092479233434,0.1045480962160103,Cybersecurity Engineer
0.648804044388325,0.7981317975706317,0.1931294291751533,0.29345397418428903,0.3989155113467037,0.8778626933956514,0.5685596986673807,0.7295093920787005,0.5843703599238652,0.660584934466614,0.5090889086586526,0.239032046579837,0.26538884812446745,0.14931509242907182,0.08531457725564975,0.0,0.3266739250563967,0.5584477038270502,0.218086670093662,0.2699122836711439,0.33972386430602464,0.31077426516343637,0.2420240537561777,0.05625710506781618,0.9571780345913561,0.8860289027660861,0.5711885626474926,0.5274846721662422,0.2450463448868805,0.2210933648196714,0.11019600381051131,Cybersecurity Engineer
0.5211132080056624,0.826235288467189,0.14577062379354178,0.25550548533922024,0.4105728895751679,0.8723879408462358,0.6104462037833605,0.7246846554850105,0.6262146608907406,0.6217453623899162,0.5456054922327094,0.21679962532732208,0.1976110722759472,0.1667159619589986,0.019895139894901763,0.01965813584327875,0.32177377817525016,0.46508076488724504,0.1748239450392989,0.3406490700568487,0.28895159163460254,0.2470325973278815,0.3303534285019609,0.0,1.0,1.0,0.34137392629136065,0.3417694377991101,0.22966276857021478,0.19120771447590307,0.10542238291578859,Cybersecurity Engineer
0.475319954577717,0.7841848032529648,0.18991915892060673,0.3120007173781483,0.3722686096044662,0.8986609831446527,0.5766432733114892,0.7496072519027893,0.5612507571439712,0.6330909265362753,0.5114211025791484,0.21359357900725823,0.24799884262062877,0.18644378184703328,0.03640226065134568,0.0,0.38199440070101304,0.5228010429181735,0.16577471145179506,0.3202946276820262,0.27755144967007034,0.31146609570122613,0.27189427181445014,0.03427706993351269,1.0,0.779640887405389,0.48808429435014833,0.5108135327593465,0.1530946869614247,0.27914108557538136,0.09919845645987074,Cybersecurity Engineer
0.5744626593372493,0.8108871993366975,0.17001239105315197,0.21211194502196987,0.284845498705641,0.9061158721356416,0.6285016966742226,0.7096627279470218,0.5938831339750228,0.6355001922895842,0.5324932848360665,0.2507308316402539,0.19299847811028073,0.2622376825053998,0.0,0.05283233524644587,0.32774154638452974,0.5565446456607258,0.18758517922052984,0.3734242557480554,0.30628239156024745,0.35132593307157095,0.229375815198418,0.03625750561319333,1.0,0.938877603712215,0.41460743631670055,0.30342530242835697,0.2228767208897602,0.2738785838712647,0.008981733187126514,Cybersecurity Engineer
0.6170289954391405,0.6547426174278275,0.21254361205017458,0.3885817651966444,0.4786929417456903,0.8298839547692156,0.6033886532978909,0.6825180146251136,0.6631921910161761,0.7000999680989726,0.453746492118408,0.26988617285996064,0.22838790428767045,0.17448522671582403,0.09275398883776326,0.03494592695201699,1.0,1.0,1.0,0.9843420694275172,0.34835191397649945,0.3372035000930798,0.6561383487803825,0.056678215447833885,0.19104665268117924,0.2627028494287962,0.19498675755161637,0.18843683358058622,0.5304498613110088,0.3674575373199003,0.08849760124466642,DevOps Engineer
0.5747437892161057,0.6998480372808847,0.2326674624137258,0.3012569358896096,0.45265040005254115,0.7818030007374348,0.5697783035110883,0.7091256496412427,0.7193908017526277,0.7493336517318294,0.5438430045676355,0.23830619822137175,0.265793158579195,0.23429976351218373,0.0015575609319766898,0.031313190997874246,0.9803410715225976,1.0,0.9475442812181181,0.9317618923699105,0.3894650446034491,0.33325070451617866,0.6220386986795876,0.04735119687065701,0.18732912997366896,0.2618917875980517,0.1207408823448603,0.2226905298665968,0.4816667992740131,0.3184059337738966,0.06114323642914388,DevOps Engineer
0.5604922949497074,0.5845088090945694,0.2540931519204086,0.2237515510176224,0.5037757578598554,0.8116389347783353,0.6648602459034847,0.6536260036186934,0.6992979145864591,0.7340360950454576,0.4167633706410804,0.281652321228758,0.25940786375196095,0.24321591100342166,0.028421029202847493,0.12757401189759102,1.0,1.0,0.9672844272908953,1.0,0.41602549644413167,0.39515832033598564,0.6739523659452563,0.0,0.14114641048359466,0.24073070735266383,0.12388665366469623,0.12342856348211853,0.47353602972558123,0.307520857240243,0.13501155978892163,DevOps Engineer
0.6523192900327197,0.662478812447583,0.12015759540181939,0.37257023556218616,0.5298836619120396,0.8172654990845244,0.573547946247683,0.6846254731072619,0.7002481999859826,0.6954723487556214,0.5238422626496654,0.23557410923843583,0.313314137328661,0.24455087018695726,0.057025939355013544,0.018972702980301407,1.0,1.0,0.9992670944908212,1.0,0.3725910176727486,0.3823168039645788,0.6035663983879014,0.0662763168447878,0.17172390702302814,0.1986408363945132,0.1764483461138957,0.23922619610122994,0.5221729844515787,0.3131997701747235,0.10942329648059816,DevOps Engineer
0.6194210807953577,0.7095414788382058,0.2307357079941258,0.3818076933226092,0.48591937635501276,0.7386407860726064,0.5827486707843644,0.701011163442092,0.7610075726297222,0.7176115916688245,0.46353226500246575,0.20902225731523943,0.3140436767523792,0.3291176397953217,0.015140065341258217,0.005288519453682083,1.0,0.9861154243114858,1.0,1.0,0.3990180080660769,0.3488809160082521,0.47497718424007757,0.0,0.2232979725567098,0.2936193469079977,0.055015627430411496,0.12962024296993363,0.4748614002148113,0.2803109501659086,0.14365945224082127,DevOps Engineer
0.532961531960646,0.6824838723188805,0.29823544290932896,0.3394975673735516,0.4961688745182673,0.7728245853408711,0.6132344259542324,0.6914038566630469,0.7362324316303271,0.7230519606751218,0.4554577086626184,0.28054062843615224,0.2687698990999414,0.24943344921603702,0.01912061454066897,0.04073402818213117,0.9594642993547461,1.0,0.9779791901481238,1.0,0.35477138790801416,0.30175456918053983,0.5386737558979372,0.037167258473282186,0.21939696194766956,0.2202524857636206,0.10669258494169308,0.12751315781261552,0.46844352003260326,0.30586296936364576,0.10173025691957883,DevOps Engineer
0.6332869368195199,0.7008217549534731,0.19265547355848153,0.3008758949103113,0.5069225695697339,0.825441543673053,0.5903366885529076,0.7540744250291143,0.7314078300192133,0.783883810439469,0.48661551791586866,0.3278408503377701,0.2573288288853522,0.22692152569378948,0.037871291394161705,0.04783840473338819,1.0,1.0,1.0,0.9615474748707212,0.35098516591752604,0.35773432429199065,0.5543295854184982,0.0,0.2021972191643053,0.20798849721381918,0.18803518198687616,0.16871383989170816,0.5073410695692855,0.39060318025934704,0.10997515269546913,DevOps Engineer
0.5479856227876935,0.5982804609705469,0.18079689821460104,0.3707341305110263,0.4264918829003658,0.8623416781137787,0.6470903654009742,0.6831396350854416,0.7458173703032855,0.7580618972318247,0.5205480309741614,0.2763512242882068,0.2631671037484445,0.31405956070592894,0.0,0.09449283227301458,1.0,0.9635677422591041,0.95966575995055,0.9766263874314525,0.3625961321436925,0.3071414791964036,0.5430541834417115,0.046519596633515625,0.15456848765445827,0.23286856955324742,0.08760489409951408,0.21207761549274504,0.43647310668170125,0.3235565534028922,0.09697245950396062,DevOps Engineer
0.6000826093034046,0.6584351139101455,0.21318509314208978,0.30249658942475793,0.45624736086173906,0.7810580233521669,0.5409812037464309,0.6746286411427255,0.7184603065017974,0.7113601990766568,0.45455084149014313,0.23324539467390704,0.22895903286794922,0.22454746307051518,0.034008233037392255,0.07419733359321033,1.0,0.8804893107088895,0.9707537666453141,0.9777800615886516,0.36484869113291213,0.3292330858274999,0.6014104770471921,0.03798458433509652,0.12589541284394096,0.272320874531904,0.09186237515974441,0.14943782038194825,0.5006728739152826,0.30259751154576586,0.13559667929087965,DevOps Engineer
0.549474578295609,0.5825125296182828,0.21353781525644033,0.28186743602205383,0.4758197404026635,0.9045617600538574,0.6439243639513014,0.6850561114879206,0.7299454043908477,0.7370019137848213,0.5713930101208244,0.2749523089141228,0.22900626491053652,0.28984454926177694,0.03546815554750496,0.0454254658811997,1.0,0.9874240818606237,0.9587973912601531,1.0,0.3821635914341053,0.3049346562982944,0.5416505806501536,0.020237249093177097,0.13612961642440793,0.3205423075612422,0.16298540299843045,0.1888811217054482,0.5100304031691296,0.275808652993884,0.11976396282820467,DevOps Engineer
0.6203525428342681,0.6902960689851739,0.18217993543834707,0.32741609294461066,0.47611596736461614,0.7896150971436444,0.6048898745358218,0.6790421332600408,0.7421773494111369,0.7364317253977348,0.4900157073996792,0.2761385728788733,0.2555684723964161,0.2582532477055558,0.13542680579358907,0.09036047275814202,1.0,0.9584499775680512,1.0,1.0,0.339436415474015,0.3067433670726534,0.5904478746631073,0.04615834297126499,0.1574029544571207,0.24033960632737084,0.09827473625923319,0.16381875679474012,0.5209425169616984,0.2784841431108062,0.09543898904876699,DevOps Engineer
0.5755671695270489,0.603703265994264,0.2074712075896779,0.3465903518060869,0.5086994740590421,0.8110030378404687,0.6153450625985674,0.6248523878214298,0.6466262488674511,0.7267905359410962,0.5691181899070681,0.25284225461856685,0.23375674397423882,0.21905912680392636,0.01966563830063875,0.09542797397317741,1.0,0.9481906831687559,1.0,0.9395941669141178,0.44072203502222085,0.28003204099713463,0.5829465867875253,0.025534768848133608,0.20405605019680637,0.316662634778132,0.06461628022645609,0.20290124508895466,0.5147510207233231,0.34386661484211406,0.14639534916422814,DevOps Engineer
0.6032343602575571,0.6714676569275226,0.17440522406987263,0.31094728381209663,0.4058808484581843,0.8726951312485955,0.5528451392312053,0.6993509690994267,0.6912538180334185,0.7608317674169363,0.419060067546275,0.20402336211870076,0.22945837542228226,0.3478170990656257,0.0572199608119167,0.11533558340297072,1.0,0.9687640088757172,0.9112765597482249,1.0,0.3459990096557555,0.33367800028112304,0.548512030908705,0.004926153209710557,0.1917090211827419,0.27348168253473565,0.04819714780933912,0.19409695800532345,0.5194083177412518,0.3712648135628973,0.08247988316745604,DevOps Engineer
0.5759232431339258,0.6434392933470755,0.3042575749936103,0.30558103061017017,0.47152297390625725,0.7798323312364687,0.632609212012444,0.7132073529093718,0.789122344710006,0.7469317427723238,0.5062445270598076,0.26792881537969593,0.2732412144189306,0.2481986396210938,0.11360421310041091,0.03490592611067431,1.0,1.0,1.0,0.9453700305133022,0.47779554932694707,0.34726649462483233,0.6361282294085839,0.0,0.15760472244703766,0.267576010360861,0.12545925679597064,0.0859633327202524,0.4471003776993933,0.38151824796594713,0.0845382388194034,DevOps Engineer
0.6612715960962686,0.6152818465585395,0.1413573158433175,0.3042351991525658,0.4700379111009023,0.7674806666791192,0.6977602754214123,0.6726075686936769,0.7186737681526186,0.8049022829896147,0.5391343931785748,0.23730424238614137,0.29877064112847823,0.3203147998692278,0.0468254895555064,0.03398529372861761,1.0,0.9702019628344433,0.9519503014682241,1.0,0.4028081719584151,0.31873311550028116,0.612409351704403,0.02816860904925256,0.14970872164927398,0.2513010231887105,0.1891759708641108,0.12788879515870458,0.49918964654503556,0.4012950855172376,0.15096808099888687,DevOps Engineer
0.6105767999562319,0.6767617122186349,0.2695561504878453,0.3170494321519668,0.46761881422285273,0.801455494636298,0.6083620470309588,0.7402667277629227,0.7429203232471648,0.7587239817542186,0.5502585672102553,0.19871323795275464,0.19144780861847252,0.29328568926829407,0.0,0.002913796954270513,1.0,1.0,0.9912664009797716,1.0,0.45410621556917596,0.3971279891459343,0.5967175345510141,0.003273880773443389,0.1077654583560484,0.2849831633978464,0.12330378038634547,0.18388661433345316,0.5284225797865878,0.27415674538858,0.049794246614814214,DevOps Engineer
0.563627108795419,0.6969788888046519,0.1799798543564701,0.3404314037402285,0.41061177529323856,0.7872329358221216,0.6536034515895083,0.6526586650638382,0.7349534115816189,0.7762080981028547,0.45927533012719357,0.24951026575774005,0.21933513978754318,0.27514214911670054,0.03312254213656836,0.10008509059809635,1.0,1.0,0.9817073067641932,0.9999186396003463,0.3488571708023147,0.40735497818937816,0.5904901737860405,0.050715571702340215,0.12818835431350706,0.26731699429191746,0.0581653029772672,0.15886535810414765,0.5477164218408956,0.38056161618386664,0.0,DevOps Engineer
0.6395114856425589,0.6674350148101752,0.21823355616675094,0.27258941046577817,0.46855440679262533,0.8067397738531552,0.5931102788875642,0.6787083532028746,0.6463862840312073,0.7453143297232572,0.5382546098769915,0.2474030151212273,0.2538107640685461,0.29064544132087294,0.06619559754246573,0.025322673629561306,1.0,1.0,1.0,1.0,0.3814589872906691,0.36313868255326415,0.6122448428538628,0.030061501268887736,0.16065034534588968,0.2353743121124019,0.17033445106980544,0.16324972042628805,0.5322893541964357,0.4298401564192986,0.08781805100162529,DevOps Engineer
0.6048440261308683,0.6245346300955298,0.25018922844728086,0.26162623636076915,0.4114695944000628,0.8255690423712198,0.6021121880978594,0.6448313854165203,0.7126968366118476,0.6887386689749917,0.5826411090163947,0.25613254270072067,0.2374157021963429,0.23520092475480364,0.07330759297086004,0.0,1.0,1.0,1.0,1.0,0.40060293236576466,0.3518133477009193,0.6011895196250818,0.03569277032783347,0.21697434612248073,0.34507622853723097,0.1955284072490956,0.1432795195000688,0.4934171433222481,0.4085382047454482,0.0676463103931143,DevOps Engineer
0.6031841435054035,0.7340833134002953,0.24228668592773886,0.28071790821256437,0.5026748539109747,0.8008625611571885,0.5340035572800035,0.6848039151386865,0.759202072886205,0.839358535559656,0.4842245585896544,0.29190109611751547,0.22678353037189908,0.24879368733986992,0.033076853891107386,0.05153791798189685,0.9527389920881352,0.9924231315091523,1.0,0.9898232210654896,0.3738460257754467,0.38015527573909313,0.5956384785872912,0.03746861839209492,0.12314801786647674,0.2631545692244319,0.13299784773908419,0.17548366479358227,0.5212236001091094,0.31430502430704405,0.060312086630351223,DevOps Engineer
0.5409206103375717,0.6545080998571587,0.1976437305213406,0.2970305977758277,0.5033659520838453,0.7925457415645173,0.6285336296798979,0.6424900155897475,0.6708292029573194,0.7500305906443268,0.5178408486700127,0.24278180748813594,0.23672194322910023,0.2812049018242813,0.043634884001222195,0.024996167307230418,0.9470600836858905,0.9667064120849839,1.0,0.9680486553573752,0.3296961271080979,0.3673439341357149,0.6140276354644377,0.0,0.12342632126924741,0.28138266459517847,0.11651917699430252,0.14966127133967935,0.5425118029030551,0.359972946399171,0.08180108767650975,DevOps Engineer
0.57281410624984,0.6588543094482039,0.2038499821720493,0.21089569952095527,0.4903590586960165,0.7742455482857332,0.5718286685553711,0.6312428944734889,0.7406592853698414,0.7959422265628071,0.49469106641190513,0.23932781980002393,0.23951922747649296,0.3542775136059486,0.08163198105598463,0.07172730248844209,1.0,1.0,1.0,1.0,0.4682315917723791,0.38130915221469325,0.6597163639297249,0.06842077813271294,0.1738964877883781,0.32195092268567227,0.14501175325669752,0.21461943456167654,0.5469962935245483,0.37125349313776146,0.1124182103017816,DevOps Engineer
0.5318184646953095,0.6431012202794342,0.20433950137807622,0.2656137094201231,0.49937566316893384,0.8388632979153196,0.6087400868117241,0.6038962104175216,0.7199481814227634,0.6624369186758702,0.5594367440385579,0.2854844580022351,0.26013762807066126,0.22968871136664412,0.10960844638579181,0.016807507182397402,1.0,1.0,1.0,1.0,0.3064838342575281,0.43477030416062945,0.6702518473717523,0.04591909510656429,0.12729166101829953,0.20907630134304284,0.11453779207220338,0.2699957756247997,0.50157969037296,0.318252345730003,0.08519711741094908,DevOps Engineer
0.5565135985604321,0.6855742491770078,0.2563415108254353,0.3090600375096081,0.5377595487129455,0.7732378038405633,0.6837896060671901,0.6657306968373922,0.6852567844320789,0.6669680182266364,0.5005371203636843,0.3488217062338481,0.2594004145644741,0.23326532782078696,0.06845533996470053,0.02324842981059404,0.997757944634825,0.983769789308502,0.9804600364018403,0.9685148907920793,0.4194847101835427,0.3438779299663239,0.5898486400831952,0.0,0.16918986697898958,0.22199971260723608,0.12804224412982743,0.23124085317480403,0.4967936048466542,0.2642905471030491,0.1355793998700078,DevOps Engineer
0.5949074056037421,0.6285573828076223,0.1936000301860295,0.31510140065802095,0.4415748987032267,0.8411466793669751,0.5895454216554968,0.6827421028430758,0.7224548792515101,0.7145426400785437,0.5257135900431928,0.27312130628141124,0.2616466585808641,0.2714939263845141,0.0,0.07906003956290601,0.9853538326433954,1.0,1.0,0.9861863391461985,0.38000844689665386,0.3545312839973594,0.6194481985398914,0.06811642790076468,0.1953563479766431,0.31477760077512373,0.20492106275657546,0.20138276964939167,0.6115323723533339,0.32446695156968697,0.13661025828477683,DevOps Engineer
0.608055739816875,0.7648892079661901,0.16675930745979178,0.3194576907340856,0.4287094060929906,0.7705709783608462,0.663034625495589,0.6051558744851879,0.5813139625070025,0.798043521581633,0.5988038321521627,0.28226984803582783,0.2795473851433942,0.23678123132892856,0.0,0.06471875798944608,1.0,0.9744546657208362,0.9460257253481192,1.0,0.4099863125510427,0.39866888048904753,0.5421253430749983,0.0,0.1419728760396856,0.24224247623813575,0.07605349519191616,0.11935393212520859,0.5019083041962871,0.31411913148998966,0.0742712032402153,DevOps Engineer
0.6184069793712438,0.6389215023785233,0.21866521050283128,0.34787972997535416,0.4356881658303005,0.8767555115476471,0.6848354150360426,0.6198888034710218,0.6578176127996342,0.6883320633616975,0.4694839161528799,0.22315739663646328,0.19786949691468664,0.345421759731678,0.055940017574464006,0.056420538107082294,0.9488468911648803,0.9821254744175706,1.0,0.9886980744652296,0.4488038953036919,0.3718351667068346,0.6448085072132159,0.07333477379501213,0.15823207504809608,0.2214218720068835,0.14646187581848125,0.11264977907922098,0.5890297848156016,0.2989025222014621,0.0888493232892568,DevOps Engineer
0.5478682876812212,0.6624072831295277,0.28342796840856554,0.30817919246780384,0.5044338454756817,0.8514106171512963,0.7047485752729293,0.6782216776284608,0.7346417271715251,0.6946133073713336,0.44347453502082357,0.26513875846512336,0.26075581449285845,0.29126259258054144,0.09203491502099548,0.0,1.0,1.0,1.0,0.9594302049724199,0.41542597619398,0.2853967369412833,0.5319168327994771,0.009725391968695018,0.17261905809719083,0.19781296330006,0.14513229468580427,0.12081645064790869,0.5164701484239909,0.3591549823917542,0.16017048927303768,DevOps Engineer
0.6607139694152733,0.6176226749279343,0.23141891061859793,0.35876420724117825,0.5626204283022531,0.8485849667305146,0.5875598466294194,0.6551248916823357,0.726691964715755,0.7508909936628138,0.48037221984692907,0.3194140835915427,0.16850261471017247,0.23178104390631146,0.1025957651156267,0.023922209715736217,0.9565106348476914,1.0,0.9753489424164075,1.0,0.47848600272010583,0.3813083793633094,0.5258807543268016,0.05140832628355449,0.1876315713950983,0.19936251069304167,0.14646923091463782,0.23955855223390535,0.5357711725215227,0.3441367803201188,0.14001085003883984,DevOps Engineer
0.6292950165631602,0.6368102700435179,0.24166510804274693,0.275960940071984,0.5317733544664592,0.8490035227791416,0.5843093762483379,0.7610412584147414,0.6477397368827634,0.7139978880402204,0.4737790711722812,0.2883346234139959,0.2670350629002319,0.28361907596784036,0.11982203619753606,0.004545077793642022,1.0,0.9686644394638219,0.9814020869809256,0.9546011086126667,0.3839729056713769,0.420969268633311,0.6450084024834745,0.03368701533942585,0.11234525477378751,0.22399982561580792,0.09691591245733253,0.12155992806485466,0.4901666864726325,0.34741468334952574,0.08669336619493687,DevOps Engineer
0.5924422115762153,0.642021475187403,0.20598318372774507,0.3764310143470389,0.4878162657324269,0.827767734251467,0.5853061269782369,0.7093737419817675,0.7189088201488412,0.7279791892517588,0.48418510568026885,0.19894640523264487,0.30379586582599005,0.20530564912157961,0.07611709879776199,0.08026837294095272,0.9693964784052266,1.0,1.0,0.984257771497839,0.3812112026607462,0.3712949433436002,0.6320860095062593,0.0,0.1414574292086297,0.2640033363788198,0.16171995832366456,0.19578041726510068,0.5046566588586634,0.3141842815062317,0.1255705112841959,DevOps Engineer
0.6179218467341845,0.6847922045527396,0.18906481724997004,0.28462864293727796,0.5639475694090524,0.8073852910225185,0.6307757653803411,0.6592823629190172,0.6868206017956056,0.6921279961428555,0.4996756390948528,0.2440074133534218,0.2645473117941734,0.2435588528766862,0.0,0.01993157412653805,1.0,0.9657659998463681,1.0,1.0,0.392167228990445,0.40238282968800393,0.5926977185627584,0.0745754400265013,0.1809224107020712,0.27896332990765726,0.12436003487951808,0.20977409224289678,0.6119542724816912,0.26891461002458006,0.11113570532578303,DevOps Engineer
0.5902929747122766,0.6012330888076739,0.21527884413695103,0.23503953124977034,0.43990563404214544,0.9111872888825047,0.5711416975588723,0.6934043126705739,0.6488878467416798,0.7356001592618946,0.44595695408717356,0.2777890336675894,0.2508778678284207,0.2816391286055155,0.0,0.07724049386426422,0.8977490366797598,1.0,0.994617204380634,1.0,0.3551405283394791,0.3593297299306957,0.656261423642093,0.0371818996300027,0.1931766792850731,0.19133047441909196,0.05139123666910157,0.1797125769819035,0.42625099774259884,0.28908357257798517,0.1457073476596317,DevOps Engineer
0.5681027823847437,0.6952186057258036,0.19596834821372242,0.3262785887345066,0.3845336955876165,0.8488910336927722,0.6591327700715028,0.6774802809559638,0.6949272029904987,0.7224460701444678,0.5162026487618558,0.3050978735174739,0.2405489329755131,0.22863961509439323,0.045497989529690246,0.0,0.944660420497698,1.0,0.9446665150155714,1.0,0.3914237928708194,0.32230047685510727,0.48743961888782544,0.012001546817550569,0.1747263533944685,0.3828078640693297,0.1429545493480388,0.17825503622454392,0.549170779662932,0.34149246516016524,0.17816004647094794,DevOps Engineer
0.5889690243578158,0.6941667522319633,0.21983908783505735,0.3290803773903293,0.4884913693358232,0.756431622177112,0.6685475145833476,0.6475044534262501,0.7390738464728185,0.7197939777758612,0.47855034457447615,0.2270741734813992,0.1859774477847226,0.2830971070958972,0.0407126153102912,0.03396395711426559,1.0,1.0,0.9902083213293206,0.9536210087072456,0.4168569158076034,0.42073372375490947,0.5558062817842643,0.0,0.16721419067753063,0.2526821523105407,0.1490357560311926,0.22465055870189896,0.48646445997805376,0.38439598605480274,0.13529649709358804,DevOps Engineer
0.5763250200742788,0.6613810465783253,0.2118892809032851,0.2858869368305102,0.49917865583438914,0.7939778453956804,0.6097485801831686,0.6928827640435414,0.7450908476948347,0.70959974433447,0.47681216678798394,0.21472855667867774,0.22472756693455,0.2521636044863316,0.026223749881156284,0.024761981312833605,0.9628986346837529,1.0,1.0,1.0,0.36809351616039365,0.39584160426978443,0.6433947812324552,0.0,0.26547640877169093,0.2105842498352199,0.1573434825727634,0.12510986899475293,0.5257338936112806,0.34106566304752733,0.10290888788412035,DevOps Engineer
0.6720968751212336,0.6247641968881392,0.21587851518344925,0.3190243740941687,0.44667773002664013,0.845299873395028,0.7532700857840409,0.6684972744759137,0.7220168434244457,0.6836095368168849,0.4430988910836683,0.23238391992475724,0.2050365129797746,0.2605319021329654,0.05373738704000431,0.06139792855279756,1.0,0.9874351024994072,1.0,0.9474610425579268,0.4482069359642585,0.38730098330612606,0.6166103306644886,0.0,0.19862984335130945,0.24735707782304905,0.17636035584306264,0.14505453480682073,0.5042569963991732,0.26223601159736676,0.07581932239041934,DevOps Engineer
0.5649201437450098,0.6441890181326408,0.2507917432584402,0.3353481383541808,0.49919691701546487,0.8577992861256875,0.6766382398377119,0.7027093869536609,0.6919726110208844,0.7224349764604805,0.5213072090294739,0.29471077571141424,0.20114437774990793,0.19075788049115736,0.09395128088202048,0.10626395435438445,1.0,0.9966290040925246,0.9732005601353938,0.9607643200535129,0.3947150607627912,0.3371428836442091,0.5962855938459084,0.08926059984445928,0.12755538642076703,0.22903643855326372,0.08119925949117654,0.18225135607997478,0.4665640483727509,0.33221220849362565,0.1023363928709834,DevOps Engineer
0.5955186599193037,0.6573321523460502,0.16270315451872558,0.34135173395296553,0.54289751732703,0.7470162988405715,0.5937442827006673,0.6659417969110184,0.7409417510457695,0.7659062559345396,0.4976889161993581,0.27500110357823115,0.28331494670719454,0.21958610036429338,0.0,0.040698652380255815,1.0,1.0,1.0,0.8939384626222222,0.3661414895534064,0.3393523734874239,0.5217753756328479,0.06876498580695262,0.19245159526325262,0.21389184567696648,0.12877136129303526,0.20699027593231523,0.5170745075735294,0.32872400624832837,0.09314808758726675,DevOps Engineer
0.5480094037474306,0.69553080072583,0.22949068155665678,0.3487094711977653,0.5036425822577796,0.7701582290492546,0.6286760663265817,0.6806825608274873,0.6874638287094459,0.7370021553678823,0.5310439579642814,0.21630389546420364,0.210720806647758,0.25139964448568264,0.03643104151597526,0.08208602009634447,0.8996170765550014,0.9700719970676656,1.0,0.9939483336054802,0.3641892076984879,0.367232353193801,0.6094649608727457,0.04503799007019939,0.22547951921183443,0.16680160417243783,0.09533137413290897,0.19896995860532218,0.5446475757487119,0.36992372221378333,0.13187679347603912,DevOps Engineer
0.5996615230619802,0.6702920313483399,0.1679785000044488,0.31798440335160105,0.4465955503615402,0.7640964659649576,0.6049141955882916,0.6492917088458843,0.72614954944421,0.7600538195428217,0.5109538492673489,0.22742179755360376,0.20234152843101277,0.2339926319412522,0.1392125552908561,0.13883552880455913,0.9792607091046915,1.0,0.9312697835033432,1.0,0.3842995641815031,0.442019030451827,0.5973403868929845,0.0,0.2013955027575872,0.33212392040398364,0.14425586016863987,0.11810463053755227,0.4890409472693603,0.36213168493540093,0.1274033753258463,DevOps Engineer
0.6624208339276134,0.59133222285457,0.2502239631014841,0.272439980317433,0.43364854024906907,0.8185782383091559,0.5784492656415638,0.6207168149547448,0.7210051951865217,0.7660431475908528,0.5446403119193952,0.26304344143117775,0.26593112057165574,0.29369440125244584,0.1052407657286975,0.10002592005303507,0.9980492428325433,0.9973445054555132,0.9652337628203411,1.0,0.41515106107577726,0.3987576897634252,0.5700870844838893,0.08771643078991387,0.10259558443262796,0.33092958219471996,0.10264012172945086,0.18914674397353462,0.5773505101821561,0.31606290905728596,0.08688777535480414,DevOps Engineer
0.5317837681461431,0.630085893594117,0.14312165106981278,0.3128735786470312,0.45354285226978763,0.8449959358733906,0.6216327008349903,0.6452209190918928,0.6650987096181681,0.7318850211920338,0.47471108735043377,0.2662712678290372,0.2718106065345027,0.2530998360462709,0.04912842868194606,0.051166896836398607,0.9952918030030876,1.0,0.9739888195412122,1.0,0.41226417720686365,0.3747714537037226,0.5882935449554453,0.0,0.17487827307843046,0.2552488966446065,0.19170162995318854,0.18319662843389223,0.6072333593007271,0.29941587220458726,0.181978887512959,DevOps Engineer
0.5413084244515634,0.6308926809583201,0.20481335322038305,0.3108480124958603,0.36724442320476164,0.8123476554562412,0.6335824739762284,0.6399115679018657,0.7011221697003178,0.7893153097428262,0.4957097008387907,0.23702015933230253,0.24076577461749807,0.3063174816600489,0.0,0.016692587674607726,1.0,1.0,0.9976612197036213,0.97971127555154,0.4388158711096424,0.3554728589536017,0.5906982796487871,0.005421321237708075,0.20550285278164518,0.3032179712187289,0.10972726454188339,0.12861164665517427,0.5003005093050782,0.38681792317952646,0.044309305973811504,DevOps Engineer
0.5750317730934431,0.666762778653616,0.17441559667464468,0.3034553472251187,0.42823279438614215,0.8158266695226705,0.5816439382486779,0.689539252053962,0.6763574531638831,0.7921759781004746,0.493848587485242,0.2382977444835421,0.19490384058165516,0.2599051557553195,0.048607367354584805,0.05292935786895584,1.0,0.9591101637404224,0.8694179604174196,0.9679892694759836,0.3122467701759609,0.3873744205380606,0.5900596234361327,0.08321253245259606,0.15198040479139568,0.21833907310018275,0.22879544102962168,0.2008758143610475,0.611130594614442,0.34121814119681354,0.11105439953529866,DevOps Engineer
0.5549731829744293,0.6508496438088031,0.2046571773862232,0.30066638478103336,0.48889608394614253,0.8618743265897135,0.5678180870547871,0.6260887400272351,0.6953273724646778,0.7407593010199468,0.47224664905926494,0.25062328764959496,0.17770243474341496,0.20557225473700044,0.048517294812824976,0.07533836563381102,1.0,1.0,1.0,1.0,0.3097726561723056,0.37424930362701225,0.5587446401935686,0.021486163287407482,0.15880152190455926,0.2068010097642423,0.16831073254353254,0.18580290501543184,0.523447445630465,0.36186410190236606,0.13757613026472423,DevOps Engineer
0.5763255394692169,0.6523063400518858,0.3231569596175155,0.28390630747194406,0.48196202001481375,0.7773635831770754,0.6132129876588408,0.6741424153080854,0.7425782025975737,0.7316584081597891,0.5219032074441371,0.27320351510237084,0.2687225900913729,0.2969676402650241,0.037929572005934914,0.0,1.0,1.0,1.0,0.9567573783897239,0.42374167609314833,0.4198413500546672,0.519898708837836,0.06611275716200643,0.16464771779184853,0.1930397519480968,0.11051821659203467,0.22328061165365637,0.6015460239864346,0.36487968135829735,0.12796482204683493,DevOps Engineer
0.5802240750137424,0.6713804991290913,0.15201304529276996,0.3651252499539365,0.5045202117543063,0.843245654284751,0.6901952889988958,0.6761388746286318,0.7632024603427044,0.711214479807283,0.46987953069879707,0.24493337052739209,0.27403848740013975,0.25891600909831725,0.05599478518506603,0.016535437644569648,0.9455240617759307,0.9891490467790466,0.9592257523145723,1.0,0.3650065188257666,0.4230286567679696,0.5866743065259535,0.0029605445421512673,0.14144826137535982,0.263527933524896,0.13997651335224925,0.2222997509938821,0.517120976233235,0.34444498642353555,0.13669170404121772,DevOps Engineer
0.5725904223809842,0.6008483894770403,0.27036395775504124,0.30278503721145617,0.4981313600136719,0.747641318915504,0.5832063085089118,0.6778037749550815,0.7412691683662518,0.7769012723090791,0.5495874062373877,0.19862767437632856,0.2919678557109337,0.20906744562912674,0.023204673167491474,0.0,1.0,1.0,0.9681268973105679,0.9859662141549279,0.352820017491547,0.37698253484375666,0.5918260722352977,0.0,0.1516600626799968,0.23224502195510552,0.21663154730671907,0.21046000696131292,0.48341846317668435,0.35430865527490785,0.13484288094505648,DevOps Engineer
0.6099115023453647,0.6850620525878702,0.19143900422542343,0.3891711571435619,0.549851132937583,0.8496594611411203,0.7056490457041917,0.6878224010460514,0.6926273621455776,0.7891763705003659,0.5590111331869052,0.2474851046282499,0.22916856014277284,0.250931081223468,0.06123764078612578,0.0,1.0,0.9523251205806861,0.9255011119815263,1.0,0.4115070139791217,0.33461169035569355,0.5603183647217092,0.010380371251120691,0.17162844642521152,0.2590902418306461,0.11963906097612013,0.22192170774361175,0.5910461567854536,0.3869877500214743,0.12752267673370463,DevOps Engineer
0.5937151455030225,0.6520674587802912,0.21498142345597188,0.3625791052771534,0.4182620956678377,0.8251028407878375,0.6431612063004559,0.7065272366846151,0.6800406177752489,0.8203149661576831,0.5076951005724705,0.25703378873829474,0.23609025705599232,0.3159975113190076,0.09439621642233129,0.0272674029496699,1.0,1.0,1.0,1.0,0.4048137692246248,0.3853683197618748,0.6254101614891963,0.06320416628165039,0.14503514639378817,0.20257590634162295,0.07379881242495487,0.20177220261291762,0.5310273287125665,0.4062399323887427,0.029412036534464364,DevOps Engineer
0.617845747816089,0.6030507345767503,0.24164910399911793,0.3007410125702753,0.4792147815960849,0.8146249472664582,0.6061851055829232,0.713196220393269,0.6610903502328992,0.7485236312621198,0.5121542409133212,0.2259984819247991,0.23635052200511542,0.20352865786300522,0.07328217454815057,0.10503224613286796,0.9326622644015811,0.9740649216303476,0.9535677149605366,0.9246439655126822,0.3745461492244884,0.29010702346683515,0.4975439215809171,0.033907735544536015,0.18258682478513774,0.26430120353997777,0.15257180213055627,0.2444223901717833,0.4400644120607352,0.3928003827588761,0.12744940993839324,DevOps Engineer
0.5862105503330526,0.5820096202318583,0.2825044990012865,0.3454598593127337,0.4786528675567711,0.8700020896941101,0.6075599241788259,0.673580683695328,0.6723719940046008,0.7319212284285338,0.46931542014001615,0.31213185315977543,0.1672380801732975,0.25305413694019935,0.0056720729777880174,0.050539057533847805,1.0,0.9750176705613403,1.0,0.9814710717240303,0.4224890840032315,0.44756104570338273,0.646652136557432,0.07536407378974379,0.2069579265408002,0.2767793591085953,0.14966797200657808,0.14717952177501178,0.48453004076982426,0.2720087398574558,0.11812543694648192,DevOps Engineer
0.541799046714347,0.6635026678057703,0.27151255977021654,0.32512837443223996,0.47730107426795515,0.8359654736599021,0.6737480822542584,0.6578041053288276,0.6858685167176714,0.6828832695732783,0.5222634039991023,0.23525764607631805,0.3225290467143861,0.20298191016128822,0.04316219837622649,0.056596427609737224,1.0,1.0,1.0,1.0,0.36204098820743463,0.3964876072281645,0.6123661674367963,0.0,0.21553380905271474,0.24906638723496408,0.11551518262693608,0.12179924567598968,0.4670238702452895,0.3639055025173538,0.0923439263435741,DevOps Engineer
0.6385512231864152,0.6369324391343526,0.1977348625735106,0.3808648878803353,0.513918237859223,0.7845650530577537,0.6474666511237847,0.6666899854333103,0.7083367420723167,0.7106744155438678,0.528000409607119,0.2842835638684976,0.23051773851185314,0.2678520190787169,0.05268680822164544,0.06090703354655822,0.9784132971353207,0.9974444830246001,1.0,1.0,0.3696929926037543,0.3874395647550231,0.5961381554177998,0.03199902812688431,0.2265141779674714,0.24764302395772764,0.16196466365647152,0.22931355319165134,0.5556344615124276,0.3692181985166513,0.10677112363813311,DevOps Engineer
0.5593402870902219,0.6780119580581035,0.22696286194049764,0.2795772604900718,0.5595293357083857,0.7838022578974423,0.6220041222919135,0.711695509348362,0.6913170036962748,0.7054926225445919,0.4871761650093101,0.2684057022360242,0.2263829073351135,0.22713432043991633,0.0834141969615666,0.04650784883727053,1.0,1.0,1.0,1.0,0.4567619260697693,0.3546495401392109,0.5924036503557342,0.0569094893742139,0.25610188307916665,0.23702412011553095,0.19494079313350354,0.15769342536040912,0.4815934264954683,0.31344785996047514,0.11343814309193001,DevOps Engineer
0.6146957452898513,0.6403512723605418,0.27562501055589983,0.298776206181158,0.52895472876299,0.7852595607408683,0.6526678392002734,0.6877539510532052,0.678364848631024,0.6940432834256589,0.482645471959007,0.30151699433339796,0.2307147570786347,0.25381354346478074,0.0,0.0,0.9860227714902596,0.9990703678292289,0.9184976505975462,1.0,0.38068046543427636,0.28299703666451387,0.5772619509675821,0.05872988087981291,0.17344760840539697,0.2917524189849668,0.17492569404039204,0.09688895208005377,0.48237410173629336,0.3505893290566011,0.15729793715704773,DevOps Engineer
0.6380480255480891,0.7093195506848088,0.21531491247476983,0.2859238811201369,0.5258689114816992,0.7975399045108162,0.5692160531941376,0.7590584819412118,0.6793896569501421,0.8121902360866906,0.4507042038555992,0.2588962629994702,0.26013694673077975,0.3558680896638801,0.09124866367811502,0.0,1.0,1.0,0.9720252559481538,0.9547307082122953,0.4379388308476142,0.38090184399647986,0.6092819399795275,0.09257193572029682,0.05990800952668095,0.2792797520623047,0.0691762186170143,0.18490312597996034,0.5624623318274756,0.23814705446756773,0.13411724260170962,DevOps Engineer
0.6178672178705922,0.6329227867209091,0.2507195869949802,0.3533788269519,0.5740019975938481,0.7515031482532636,0.5869964993148605,0.6626350873169153,0.6695373216352234,0.6955874799296617,0.46539027635016605,0.23606491704085247,0.27320515493683883,0.2608368145890037,0.0,0.07261608165012311,0.9876811398243258,0.9365089157341105,1.0,0.9110975590894151,0.3351415140609467,0.37299245385336466,0.6270403192068099,0.02156897193988303,0.0817772901368635,0.30059743631526187,0.099150159849444,0.17493034236607388,0.5043829204689031,0.29281242767338533,0.06960751912499603,DevOps Engineer
0.5900977096741986,0.5936156651915973,0.2162490008812254,0.27527526959670595,0.5135184126936004,0.827739357336411,0.6548456261450769,0.7284341488749935,0.678440510978098,0.7945747226139713,0.46573296655116175,0.26265345763681613,0.154494739698448,0.2794126350727454,0.039758401207084904,0.07133032881414963,1.0,1.0,1.0,1.0,0.3994810961136897,0.4027967402229572,0.6070003107411855,0.0598007676620877,0.189100074191471,0.27350451761060735,0.05631024082521878,0.1623362216221537,0.5344190050180433,0.36000426589878953,0.1302643536001611,DevOps Engineer
0.6818261561591705,0.6801520595854764,0.15244589588204166,0.21650291974030528,0.4565705203367791,0.7921313415646539,0.6362432248783433,0.6780818250378482,0.6763329750350267,0.7187668726519002,0.4966013964166714,0.21221814613204942,0.24905748478193587,0.29965278951844093,0.06699869960348447,0.1090095836839979,0.999842557416618,0.9942115820409398,0.9966634791870529,0.9960920547093147,0.4404448888423118,0.4014441492087871,0.6007380957984402,0.03873235677780766,0.19659934767725257,0.22735782230563145,0.11473237262607294,0.17645395190717883,0.5303338520284384,0.3467000018329043,0.09799399653751269,DevOps Engineer
0.6192864142337313,0.6383544294126857,0.21049657783854478,0.36105810356423496,0.5237364578969961,0.7843030424565786,0.612343605824831,0.6210864428055768,0.6730605095929141,0.715588378008789,0.4046302678317081,0.27201944802644096,0.2685131736649342,0.20571709081534667,0.005935852534744851,0.010477202887744931,1.0,1.0,0.9344980073270313,0.9757038914212698,0.35689346939236577,0.3217013628970369,0.632006643065052,0.018769731054053548,0.1297035963091667,0.21313303299283914,0.19965479088162968,0.2357622282931864,0.4662811025219203,0.3155653429490211,0.10361185779756102,DevOps Engineer
0.5347250067916114,0.6173816852663643,0.195317953002941,0.3019628071408402,0.4912706890289681,0.8204755642985377,0.6585401631311587,0.7353972587963394,0.6793082126891364,0.7082371498919028,0.5112181268608351,0.36301444995720217,0.19754800959864988,0.31948454188748376,0.05008558073482767,0.06739548562604786,1.0,0.9958491078552886,0.9869815365505483,0.9494747224098946,0.36612393435943186,0.31303848301996184,0.5779582513293368,0.05137751639241702,0.1951587374656304,0.19211867407357644,0.13271922244696122,0.1440880305171798,0.5222165459210782,0.29406902585066663,0.1400040827556273,DevOps Engineer
0.6450634755187099,0.660380362750827,0.22021542579940198,0.31350961503556923,0.4661824178615214,0.871725399496801,0.6677900971549974,0.7283536653211298,0.695018648352576,0.7324028814965031,0.3992705931428706,0.2903162697233798,0.2710503006846324,0.21855580762358798,0.016634190510401797,0.0,1.0,1.0,1.0,1.0,0.359201341879825,0.34292276389004067,0.6725252518888577,0.02277950195426273,0.2056679692155934,0.21251593328273005,0.12378175148948783,0.09598511596551502,0.5031924631461324,0.36043647022528297,0.12477141023527641,DevOps Engineer
0.5719358585156169,0.6042643258646458,0.2561048259921766,0.33789661976239577,0.4909122533733356,0.8290206286474877,0.6394437275124973,0.6457903553477868,0.7407764811966496,0.7070206430240816,0.5241800380018462,0.26043360107984354,0.2608273817094024,0.3397796800130094,0.14667980752637844,0.11792622484210606,1.0,1.0,0.9462516481756725,1.0,0.4047347269061006,0.34249129898541186,0.6039027491940261,0.0892020483761736,0.22355699458926404,0.23292983981357107,0.08708812622499604,0.21772338239429664,0.47923712992968764,0.2783435339031291,0.17518872398811977,DevOps Engineer
0.6105589032819638,0.6192177466971108,0.2189929932870857,0.3410327172167664,0.4736919370755886,0.8348875307973781,0.5761213458411871,0.7042567660651966,0.6814836525090805,0.742396254196977,0.5355135652937222,0.17928520721858543,0.22317479781428926,0.28668162662238633,0.05514697600217526,0.03834347242088062,0.9907730970604696,0.9854868720826974,1.0,0.9797993658638823,0.336109276085462,0.453657723963424,0.5903135835001382,0.006671682335140528,0.2867001843305444,0.2161603125097014,0.16444586590812427,0.15269200370738817,0.43178175981489414,0.3537344876445102,0.07675516116138,DevOps Engineer
0.6139355872764655,0.6543434074787428,0.25583852759146425,0.34129885156270545,0.5276836110919895,0.81626681281631,0.6226952613588767,0.6414973394172867,0.6924586635409438,0.7348527952277109,0.4958435388386193,0.3350870018513191,0.2691557040546116,0.19766986038321915,0.14613430699868954,0.027130772519554657,1.0,1.0,0.9854647499431841,0.9924925818450481,0.42072798815885537,0.437878059986479,0.5781813797943459,0.03459365092659206,0.16520508163351674,0.22654232721618245,0.06119198063680978,0.10923985060081597,0.5010778045673294,0.4044204319070637,0.10436112565701276,DevOps Engineer
0.5385303665667058,0.6209524339026876,0.2689687924579001,0.34374341493992383,0.4832199939062038,0.873045583843807,0.5838241239384525,0.6402082328944918,0.740891640701763,0.71685946660701,0.4866727732716757,0.265258826574013,0.23796594222904446,0.3162923416440235,0.10677761987309724,0.09249107587974685,1.0,0.9393172618013557,0.9607688302044824,1.0,0.364420742148202,0.3544686894252838,0.6151483711610395,0.07731828068220988,0.20119074511481333,0.15829291946468738,0.0855084254425075,0.19711406511120325,0.5626988647945372,0.3838652479117602,0.045963528007094634,DevOps Engineer
0.6356245095490447,0.6346884844882523,0.17158757183695678,0.3454053088821586,0.48334106327518433,0.826888169474171,0.5667326208052377,0.6846452642899853,0.6513471814545918,0.7787735547255406,0.5234088368093971,0.22165945882468782,0.2757281632274057,0.3125818460108581,0.041659057372541886,0.08250730016117454,1.0,1.0,0.9560922694536326,0.9193372615436607,0.3579036449742835,0.34566362631957115,0.5650255640840517,0.08894569464572433,0.20668863745560842,0.27072086829358966,0.12698863360806836,0.18730080728299772,0.4683315243400202,0.29087817634116875,0.13191433459103277,DevOps Engineer
0.5893138737170197,0.639900323569794,0.2024928930447445,0.34069061843667564,0.5278474509548045,0.8319219909345569,0.6629241867155606,0.6384217759656741,0.712568810480519,0.776595138217751,0.47228375974966963,0.27270622262015265,0.26158526062403425,0.21407086098898725,0.04419472112833055,0.0,0.9554929325694281,0.9888909916170072,0.9972842231520204,1.0,0.38385376761434875,0.40113617207256336,0.5944080826454852,0.001509648988542188,0.14842823520516724,0.23894093258547225,0.12223864709661761,0.1555526703883589,0.5025682185602465,0.3193193829790788,0.09907075013390818,DevOps Engineer
0.5613157416149572,0.6110389770860171,0.1987437451680136,0.26710523207848713,0.5026802363717787,0.8647402112549109,0.5765683376627987,0.6697793685676342,0.6721582755758135,0.7531782560530071,0.48578297574262425,0.30480971461114303,0.27100662487189975,0.24253174811455194,0.040760378629529984,0.0,1.0,1.0,0.9663959655521392,0.9480088489943999,0.4311619550939598,0.37383302476541913,0.595974800889594,0.032602545366154596,0.12854021764160756,0.24050229976808235,0.19485941506535168,0.140261954851651,0.497400065930638,0.3629724989914025,0.14388204119066184,DevOps Engineer
0.5439874713644665,0.6506934735288533,0.2666665470517907,0.31208860303007663,0.46825929409098194,0.8180110021339273,0.6807495446011734,0.6808871011768817,0.6459627194824148,0.7626021379619636,0.5556924280857224,0.22961618275934736,0.20398809086439357,0.248598297316758,0.07481229818796087,0.015154843550750426,0.9952436760799551,1.0,1.0,0.907334935534412,0.38555524770114824,0.36212564303348554,0.5539844185287471,0.06603845298591329,0.23713456519194814,0.2608641536925952,0.12627979086849772,0.1361433835852921,0.5024676020159136,0.3667604285236903,0.12828818949401988,DevOps Engineer
0.5920103693920468,0.6222545523811956,0.2720901819884326,0.29652528195027095,0.4516620979803506,0.7694203495539573,0.6350988688227238,0.7337408552981233,0.6490154519382832,0.7835269492802688,0.45554015967753,0.27939160391324025,0.2081368689959682,0.21806424141763162,0.04632633758928664,0.03803676577365016,0.9305894912959528,0.9699003900599446,0.906403121656915,1.0,0.396144190676399,0.3576614796271679,0.6448299734545503,0.04354288739400121,0.2051217296257681,0.17912090000652653,0.10424333039031425,0.10831603372485962,0.4781194617907149,0.24860331270264507,0.0,DevOps Engineer
0.6636522338228336,0.6835139048407708,0.1955009039583767,0.29154788479048177,0.4116419901155811,0.806400758752153,0.6235103511813328,0.7373325699959388,0.7968490033302975,0.806325125459744,0.5377606301057848,0.3014045952050999,0.22850194156044654,0.26962514316075104,0.08099190239458053,0.07680934904835328,1.0,1.0,0.980247832685567,0.9908831952816188,0.4337276879665848,0.32639193554298995,0.6129994480586745,0.0777765508370643,0.1961363715904893,0.22011770903544461,0.11621719230630914,0.16086337907740605,0.5867508350439643,0.23402139012938597,0.17085705777851143,DevOps Engineer
0.5945267982736084,0.6590133619453752,0.1748031320881345,0.39410991925211614,0.46692051777242854,0.8162401441285976,0.6370208618242986,0.7029555268644873,0.6833202408663759,0.779579609703042,0.4829334557738262,0.20271204982961671,0.28352736679736856,0.2514282102827126,0.04807983404514621,0.03665100267162873,1.0,1.0,1.0,1.0,0.3551207219369253,0.3153139236228497,0.5857776186823763,0.058391822656410006,0.17785972002928474,0.29461082260541066,0.14378958917574428,0.1542234516004072,0.45944231944961633,0.3625918476823928,0.06682031468670009,DevOps Engineer
0.6300343625688846,0.7245867085258799,0.2245173126191537,0.3351650053363622,0.5022251589847866,0.8496518277956944,0.6140234852597202,0.7237730918136,0.6703685842111929,0.7751427508753506,0.4503314028655881,0.28882302858430897,0.1811254810287444,0.23910129590207468,0.06395435700543901,0.04849163452066386,1.0,1.0,0.9855716308908941,0.9994420865657476,0.42787452313628227,0.31398790722597886,0.6481629602297371,0.0,0.23736983682431767,0.2613492137492608,0.1580227885780613,0.16100311895309685,0.5240506943308028,0.32679748267831255,0.1940270707491416,DevOps Engineer
0.5760184785641157,0.6858712845852336,0.1349985929416715,0.2628821174605901,0.5692079137099847,0.8342196977269161,0.6819135932929926,0.6520917771411303,0.6523790761656415,0.7196295095555532,0.4958780032341014,0.1973829807240312,0.24105982551692776,0.19182368454398785,0.02050297093027441,0.015453212884131505,1.0,1.0,1.0,1.0,0.3812101950048808,0.3737526556289536,0.5611684872035289,0.0588371959637083,0.20290199394996844,0.18237938326758374,0.110818390342969,0.12641147735276695,0.5118160949237207,0.28382590048455686,0.20709046128868314,DevOps Engineer
0.6187149649530453,0.6816275491454717,0.19326423117033262,0.30243781983110674,0.5515689132293364,0.8491970492645077,0.7107719745305352,0.6831335232500302,0.685865908655597,0.8135143254124861,0.5915630695431489,0.26171495541728007,0.2379227078201499,0.355593663736571,0.0832186957200727,0.004885578788345654,0.9665764394888932,0.9103026028359762,0.9002659258235083,1.0,0.3974404259906108,0.44949365310797024,0.5912940092169501,0.024431201962480085,0.20451542143643547,0.2633444873953129,0.11336135589173225,0.206815017601362,0.5352744924466751,0.3704502431357319,0.15245286852313242,DevOps Engineer
0.5773485912508648,0.6953126797050883,0.20916336061787522,0.3313861585843714,0.4683574760417916,0.7500365206792751,0.6408119762655995,0.6510685212827168,0.7067439993869633,0.7684724119312443,0.4124606861150042,0.3538895305633908,0.2717738350535645,0.2749109738684993,0.05148782622096063,0.07170271608703571,0.9749751964843774,1.0,1.0,0.9941018674079636,0.37037408855821985,0.31407120260782223,0.6282226517745062,0.03088214857802514,0.18383426583277726,0.2092930649817244,0.11009151796096595,0.22343614743234747,0.5576025527034271,0.30741108375940057,0.09030618523082587,DevOps Engineer
0.6389346477764946,0.6280820637339035,0.27063429797778815,0.2928737212188519,0.4606106925085307,0.8561312585238267,0.7034320965117548,0.7083088129423959,0.7105685717507149,0.7530853791313629,0.5582719347356745,0.2590653711501706,0.23841729482234073,0.2290130442054069,0.06901465913463589,0.015070370147914298,0.9960325320477528,1.0,0.9763411924773313,0.9276626590050242,0.40033576962352413,0.34933097014803444,0.6258842497649494,0.011456816069858272,0.19367379855560748,0.21554965904853338,0.14988087628170146,0.14171054285268592,0.5356829785141465,0.33032853072693524,0.03111909304341008,DevOps Engineer
0.48585550461159355,0.8283824326577608,0.4431854794473167,0.26378572088268715,0.3410582571094427,0.7831005440098872,0.45021894035660853,0.7151744530248245,0.4010363126848679,0.44399082575453447,0.4781449276282198,0.698398033017144,0.4840539767295147,0.743180101085896,0.3318675104880673,0.3293911402668604,0.19189693772295713,0.017209985541057973,0.08294689234195456,0.15900910540886715,0.04646472335226509,0.0836891149429987,0.019274911357293915,0.9340787916881513,0.07723440203130355,0.009163472229460567,0.33086749202738686,0.27373702653232856,0.07282372118532732,0.5076079289197221,0.14475697121258962,Android Developer
0.4672888156366347,0.8669779122938756,0.3821412970130219,0.34045485219676946,0.34292931356112605,0.7546221039351807,0.49030968232630556,0.6701365799069969,0.4129687653697633,0.4816733487260153,0.5043813291618966,0.8767264623730342,0.5026685278303697,1.0,0.30615475671641823,0.3046987262805682,0.2515456886595346,0.09353906900764863,0.14417033231968507,0.12411223999158957,0.03676385217054753,0.09867404585194467,0.025671441182866322,0.9579762590809321,0.09124020854790589,0.11937305961422925,0.25874652198148784,0.22235744642529848,0.1688437605489338,0.5068485349869023,0.140533350107708,Android Developer
0.4851176381798496,0.8280265634819054,0.3886139991858508,0.29593838661356964,0.3420054576489128,0.7991528916187646,0.4267219227472771,0.7349229743487418,0.4145998396844591,0.47621693194919557,0.43236070606439414,0.6830162318776707,0.47151850427749287,0.6980598065404644,0.3625169103843332,0.3098804315764831,0.30751426674339666,0.12409830275416822,0.05374973861835194,0.1830430840055427,0.0,0.09472564979939771,0.03706778149908963,0.9261902448380204,0.042827835624889746,0.18718385606894133,0.3106700569716827,0.3152639642663997,0.1006174479324934,0.5851896404873373,0.17886863064510405,Android Developer
0.4524118737582087,0.8575131467193623,0.38733377922798823,0.26387136221997237,0.3541512652515886,0.6958629427133347,0.43927160806156756,0.7442412134874619,0.4617606582701222,0.5139626545641296,0.5008488352916379,0.6691458115740738,0.4585118342635462,0.625320164672304,0.3804339624038639,0.3970405332284696,0.23022501518954724,0.10632530739497045,0.09889649660595723,0.1304665401764479,0.04895199122215988,0.009976802989647773,0.09580354196701941,0.9358251392974853,0.0918734881672653,0.1838979800616364,0.3009357607683067,0.284300293690185,0.11674869776249269,0.5215037725168609,0.08154905122199599,Android Developer
0.43809149239801637,0.7787726172781828,0.3928840309567715,0.2436870534959014,0.29958301010049443,0.7462918755139502,0.42362240946363106,0.6817164347362936,0.5080034018582472,0.473512924523699,0.5140526857865924,0.7681080187686264,0.47214125759564224,0.9896585623909221,0.3098109835398344,0.33943061866224017,0.29737287364519016,0.04598670639306633,0.04637686565292139,0.1549756540028735,0.023448751488561074,0.04580440872406507,0.1046077220538303,0.9388409937261274,0.026422930055509747,0.16294185655468016,0.2622639430285915,0.20335441820477068,0.10839046017368817,0.588762351612509,0.169662032535225,Android Developer
0.5257322756580746,0.8916762135795855,0.4235369064338418,0.30562537684186897,0.3274421755298421,0.7672269227971393,0.43206673688147385,0.7209114396115579,0.44032176669138157,0.5360454606331874,0.4807794922827034,0.7405301494828334,0.42103404332815203,0.7542287226494089,0.3329942625441298,0.3832917244560716,0.24986002750483002,0.022107594748489875,0.02801514987391511,0.12856408860981156,0.056371970870633635,0.05249410332820738,0.08949013636926224,0.9600581232430202,0.09312195525696267,0.17887248768114888,0.2842873395792597,0.25700348546914165,0.10355144251251888,0.5724186115880431,0.08426484535483815,Android Developer
0.5288516815778878,0.7378103666845433,0.42262584493374644,0.2398757119648527,0.3016654347442352,0.8092612527814993,0.5208099834923542,0.7251289209110863,0.44734466578031234,0.4710731030140902,0.5063818985997481,0.6958921615216388,0.42357269830582633,0.6975281068269352,0.4119465118123876,0.30857129596959426,0.2647807335679142,0.022373209639362082,0.04536046634534338,0.13747877218611312,0.03603001748125254,0.13411686136497722,0.12032993718706983,0.9686431188002551,0.10069426435822611,0.13356258117356873,0.3321391603682728,0.2764216130669358,0.0456533771095778,0.5450853173331003,0.15800851047525236,Android Developer
0.4263990749610371,0.804577775814255,0.3898801685143156,0.3566265371647455,0.30966162036840994,0.7774882476432174,0.4237218623791582,0.6492017714168388,0.38878433321212125,0.4959341244463774,0.5285486951976784,0.8805981402169468,0.37170078749711216,1.0,0.3600313122834626,0.3670547304187023,0.16064237277249827,0.04292353049310922,0.08127526901802719,0.20037423951240207,0.03256464953235484,0.040695055203666335,0.0771707663846913,1.0,0.11816431478056624,0.0755990715135533,0.22869912634497502,0.23769604376605655,0.1346768728400578,0.5414771338631437,0.10400681349852459,Android Developer
0.5469575832176549,0.8255651788651281,0.3817600567918523,0.2914309218128,0.23321510161316603,0.7830009099599601,0.4728119561726671,0.6120877134236136,0.4861540551260957,0.4569241891502282,0.5265434752863036,0.6674120879902105,0.48915316385509233,0.7170351392932407,0.35413330669854765,0.22671811453787627,0.18722434905023758,0.15282153408104657,0.1197777591792238,0.09817454847674126,0.06779027344189859,0.0,0.12941711942960954,0.912413073924567,0.10669137022904555,0.12918951680677968,0.25954580549890505,0.21342827009437698,0.17935687322361224,0.5732516353854377,0.10348254426225384,Android Developer
0.4881919685125834,0.7922261883385802,0.4534159665318757,0.23157734921602874,0.31497648324329103,0.7560671802291045,0.4948980504720023,0.7019552158751781,0.43885777316823693,0.5161478504981787,0.4797351849746807,0.6209454282243541,0.5218908993775041,0.7335901301417025,0.3419898745796198,0.27748841806956587,0.19557870760580606,0.05153531314756762,0.09539137175957527,0.19831450658987781,0.07901971655301213,0.031108220543589818,0.13482786245506195,0.8761980075259089,0.10543692387116323,0.12809742770536856,0.2370869867957551,0.33424755342347795,0.17455708253986374,0.5749608025363513,0.07663697406313748,Android Developer
0.5181571536367469,0.7474219294199498,0.40458654225968343,0.24135692092249061,0.25707740184604344,0.7210545378819283,0.40798881366134715,0.6549760173314234,0.46883422275716125,0.42045023346412924,0.44472155206994796,0.7547091772344106,0.4734320904058386,0.9758577936662461,0.31259738881968313,0.3522129005345551,0.1999695038259781,0.07212081265389117,0.054583848242736314,0.16453680898773654,0.0619849933071955,0.11842982160812235,0.0886898829826008,0.9323313735693105,0.12351023245657486,0.08393231584039207,0.31817069822889105,0.29649687162334565,0.06258240575873616,0.5034083621345498,0.020084953545451964,Android Developer
0.4880911690899145,0.8974900365032387,0.43359886917038015,0.2821415438424814,0.36007692563242727,0.761116907690964,0.43706913993644786,0.7117969731024413,0.4225588200520891,0.5166663664064566,0.4922317459265995,0.6293407301177211,0.4725830195323018,0.6764162687772844,0.31620101596902844,0.25733007215564013,0.27143971941527123,0.07871851794795319,0.04364273536783689,0.07481431859865621,0.038377308439000044,0.09037654942088405,0.06749548029467359,0.9330347024026127,0.06981934167741989,0.17265363164753056,0.23016508879553296,0.2964358656630812,0.11681713197338926,0.5266189643058912,0.06198676228955128,Android Developer
0.5553881242471801,0.8783404055139952,0.4628134856540556,0.20963602796345013,0.3347113883243298,0.7317613404237859,0.46176985016907746,0.6495497095880216,0.49671147441290997,0.5308835326708433,0.4649621747742112,0.7205533600879648,0.44110654140226774,0.7984969111003813,0.34797714956637366,0.3328143775109308,0.20838379951874605,0.07206180819957778,0.12549297280814142,0.11188286830310988,0.04782527864289826,0.07713482689548158,0.09009039780423844,0.8690982238371346,0.11919672810538598,0.09844346233504646,0.2939859792111236,0.28731622006703755,0.18317714159677229,0.5602200404567482,0.04971887108288561,Android Developer
0.5174359188427611,0.6907825486315812,0.41474053963089424,0.27011121644713676,0.2747284646988811,0.6900920722663794,0.48512856342484834,0.6498530737234345,0.41627573372059057,0.49362019163221693,0.473029405699763,0.8207363192237808,0.5452308260634144,0.9877291010618252,0.313279551325677,0.38098337432364315,0.23986754490405396,0.10691811737120062,0.0778177090607468,0.09209461226942048,0.0,0.09903822740214703,0.08945144215678583,1.0,0.06452813831859464,0.15884207127280367,0.271476490120634,0.2304861547296625,0.11819655446206676,0.5521172992953486,0.12112877371793304,Android Developer
0.5231424944287445,0.8291143785081133,0.4920970191131522,0.31609253163663337,0.25312851281959997,0.7907252423119238,0.49341731713070747,0.7017136484546327,0.4637719607021984,0.5070017267900236,0.45492256345126453,0.614345868014057,0.4476869713395552,0.7958399348915427,0.3768770337528172,0.3352749371285402,0.24666220753836818,0.1256895106584374,0.0753250797011092,0.2280973009607939,0.048190259423746766,0.11627981221421285,0.0309504722188002,0.8832763109445193,0.09411412751554812,0.16004399059880015,0.25418937761247123,0.32452558604250414,0.17072398375775905,0.464608847049866,0.1500680829616373,Android Developer
0.4693691969086686,0.7974772976889221,0.40454799913130746,0.2864792827983554,0.2972975542571509,0.8424523433685174,0.4275241173224586,0.7833887784562521,0.4697286866961329,0.5189475845688483,0.5386749526855605,0.6729542630265174,0.5075030078659176,0.7671187097982788,0.408543126127153,0.35776862208725896,0.2542364888909358,0.06817687406901816,0.09479303484994314,0.16358855433231506,0.01021769910492664,0.1153510636375896,0.14618525683530814,0.9056763153391072,0.05368527190323801,0.1023548953030487,0.2673609044564512,0.28596168489129214,0.12869112888996798,0.47745638649653077,0.1111712439608989,Android Developer
0.5237247693369825,0.7605696147685421,0.34382007484904065,0.313150263491144,0.2735711366327579,0.8263073640263279,0.4226860050112937,0.6337266623398093,0.40421635670669054,0.427711107497866,0.5003321469895332,0.8191191066976149,0.5011780891563312,0.9701837233241405,0.2858976241048264,0.33444342602869864,0.27429802241431606,0.04538194473097526,0.08253840174678014,0.15101905291180945,0.04292850520443284,0.01370240197453014,0.1427555528371355,1.0,0.1301293865179513,0.09224634939160592,0.30519663615128817,0.28378388695973134,0.11357402182289497,0.6071665689978284,0.12853969658971115,Android Developer
0.49504977874784817,0.800171229688101,0.4483804178393471,0.25027934604333135,0.34527072955048277,0.7205838406911302,0.4521326265374975,0.6928285274980074,0.48682076083545817,0.5451254030553964,0.43621169936030435,0.6508259846964873,0.5141917899706766,0.7347962028185693,0.3149762469047469,0.3469773111535886,0.23240901441030215,0.08502188397444851,0.07211241994663528,0.21813852803463651,0.09164284389741315,0.07089779698061456,0.1056401961399237,0.9448872813428725,0.026440930495124353,0.1469489513377523,0.23474921961392956,0.28287527271202373,0.1346578724937508,0.5622949418911629,0.05619322206840979,Android Developer
0.464523448335121,0.7888152130461946,0.4392600274512362,0.2710041157697701,0.3535911776909529,0.769911422004825,0.42137198545634114,0.7138573850607081,0.4460075929704124,0.4958595914204771,0.4927710684298955,0.728733557417902,0.481109755842864,0.7014956508942546,0.33705615444372933,0.2800203231870776,0.27323193455911,0.148417471757043,0.088962180497557,0.1451188613522645,0.0,0.15401168334257642,0.08488832907818987,0.8869294653756595,0.05748805569328026,0.10557708804079277,0.2669611814239203,0.29710748513087387,0.1100315858686356,0.4739972172664375,0.03255929690611037,Android Developer
0.40605536200360637,0.8165004519088073,0.40337894597877155,0.2249729865558095,0.3467465711683044,0.7603478029683975,0.39494649964280637,0.6070899789176555,0.4614682098896777,0.47241701291536214,0.5457967353331249,0.876323798501855,0.4691909416831547,1.0,0.40906341452425554,0.2564474387005664,0.2012675445812826,0.11595420382478228,0.09078070367792185,0.16812903445999314,0.01458565555989718,0.04659043014890972,0.05179642630187348,0.9652013059847621,0.09108624683113205,0.14463196995907196,0.3156396270494664,0.2290303524801196,0.13906333513125857,0.5214260251689874,0.09712171890648107,Android Developer
0.5021281326535996,0.7787331954280846,0.43242664894431765,0.29829043865482596,0.33189007035243107,0.7371722295029162,0.42574541881199507,0.7188649262478644,0.395783329643843,0.45287691183206114,0.489728579606241,0.6542360123968746,0.40785308426602196,0.7313852097914931,0.2686088433862361,0.28507423636798834,0.22684102170637213,0.05077282815853811,0.0766889140708651,0.11859271585264958,0.049383596432939846,0.06469284709734824,0.0513279147462076,0.9414358402910028,0.0,0.13833614895642993,0.252015082096567,0.26148525580269283,0.16809334029296455,0.5099612478439852,0.12933393400595972,Android Developer
0.5835823780954585,0.8392688648568609,0.4042532581640447,0.2570618971083136,0.29339192803442615,0.6749224425742327,0.34212997239041587,0.6429096117614299,0.49337147898884204,0.4100323301965479,0.5017531165513408,0.7141334795469974,0.515322885437911,0.6673407190512679,0.32446751417721,0.24879173168860647,0.22162439245881116,0.04083899973679642,0.03183682822333252,0.06350161242521066,0.014978753254370751,0.09463494103573435,0.1153999340715279,0.9072795636392873,0.10666205954895981,0.12473242907269239,0.29031856956768565,0.2891060948438444,0.172768685465897,0.5566457939876838,0.07868276153669272,Android Developer
0.5127666972185672,0.8342030092741636,0.44249192199189535,0.23130625374864516,0.25957130805613204,0.7477200906122029,0.4215517699978805,0.7030944700800433,0.46971846992624866,0.5409374186712812,0.5361876917708585,0.8650232717751551,0.4942579755468437,0.9604123639759136,0.3867590009666964,0.3482938205028008,0.260184732429626,0.1151700432238291,0.026877784407830167,0.10501497045892218,0.0,0.07279798007068886,0.04567867281782881,0.9420235437248696,0.07126718119150413,0.1981260195803578,0.2571026304948487,0.30369872117193686,0.10788038125336699,0.5570813387563864,0.09256782390539285,Android Developer
0.4320770799000644,0.8460438531015647,0.41483003694606835,0.273214013575139,0.3328660845507909,0.7040315496826574,0.42357654728837724,0.6977807928405945,0.4269850186883415,0.421266129840292,0.55255478391243,0.6274147181412075,0.46076643382128724,0.7473523322944643,0.4076089615971653,0.25496903589837133,0.24316283914499429,0.090936588855342,0.10605605931626678,0.07641065031351885,0.03383511364480746,0.14889632226013064,0.14350526093689503,0.91479245418581,0.03551668912883136,0.15041236788003498,0.26080485771525636,0.17990810507376656,0.17671030369586654,0.5259377546945322,0.10682649557179189,Android Developer
0.5097351419296308,0.8333981630472846,0.478226503117131,0.28339411683012383,0.3130538871777166,0.7479373366525257,0.4884796266494254,0.6972010940602834,0.531249477531666,0.5297921377422505,0.5487258462149813,0.7065388449211121,0.4626024934363256,0.6254915844909571,0.36275985475870554,0.33425073495184005,0.26178821054913926,0.06966171157639237,0.06397935235880073,0.03885858460969403,0.03585784387423216,0.09233891715889292,0.04770370637731508,0.917942494502159,0.09239971438300122,0.14438338446821744,0.2929565805229574,0.21644805829586927,0.0881779084987752,0.5683765952572353,0.09599891169750954,Android Developer
0.40835276183422675,0.8528951738842938,0.4409083889445389,0.3320849419238131,0.43737282387256043,0.746692837701992,0.42791773456370774,0.7247064487746235,0.4579700506664567,0.48617959558062307,0.5254760637935313,0.8077274667855346,0.5012511520382357,1.0,0.3040011576247497,0.27321723752329313,0.2170257410080602,0.04380025130660539,0.06143289868009383,0.07451575000996284,0.05979363600476729,0.17079190280087836,0.09826560920964976,0.9973866509327242,0.1301699570366653,0.1268374436316073,0.33128521308085107,0.2609765483416944,0.18335477660268418,0.5530232071052602,0.11831519868850404,Android Developer
0.5297145072437569,0.7983972381815825,0.3958565234677755,0.2905826441570412,0.3265532043791822,0.7812703909735871,0.41394809284290446,0.7618177186709199,0.5223025500601877,0.5109944123582069,0.5488232358211159,0.6609712124285448,0.4915228263514999,0.7374438707604966,0.33002983696122784,0.305553448207256,0.2165033732686877,0.0371423031907938,0.09301598947309178,0.11882103884689905,0.05167823872145995,0.15632998527167144,0.05209201770013708,0.8913028743603701,0.02528332493818162,0.1374412053318204,0.2641790679766484,0.22392447503784085,0.1053568052838671,0.5343499141926324,0.09539009899642921,Android Developer
0.5458707212244642,0.8084366815348255,0.3268647322352701,0.2865562491693539,0.3263493028084768,0.7907354030837989,0.46317295978729406,0.693266772560926,0.3670657296596684,0.5097702578647697,0.4804868078126275,0.6486524226428001,0.4965557996209356,0.7052629801235482,0.3543958528516149,0.31081047382422006,0.2806652868788236,0.12472975976399304,0.0838464642838171,0.12177944376868578,0.13675669288672865,0.13017411210465998,0.15049608471384407,0.9154470210769069,0.10511437428932217,0.14147337781826386,0.3323256203898387,0.2379424049899913,0.19906896719171235,0.537710414175101,0.0951518754194451,Android Developer
0.45865958746734103,0.8362923212665483,0.40791055787764335,0.2670981447778922,0.2742867247231954,0.7529536411183197,0.4357368535021835,0.6652892655964207,0.4236690319630491,0.5177290465336425,0.5049736102014192,0.861450147211044,0.5268935456403264,1.0,0.321000542252944,0.36038959313486224,0.2803401889231238,0.10634905077290205,0.11207642099696737,0.14891351046398002,0.03875137430619647,0.07981192484862401,0.1061610139234547,1.0,0.0616495779271923,0.09012494252289474,0.34027420615567755,0.2934806267518424,0.16530950115304255,0.5595163850715571,0.11601241202507295,Android Developer
0.5071659726911798,0.7803877008387272,0.35127730656061673,0.27939425382180716,0.3257215230196745,0.776301364493873,0.46390779357110207,0.5895222382521347,0.48540435916820535,0.45857157855497016,0.5139054651251337,0.6469267327935782,0.4466682437586942,0.6364563866251405,0.3232106300506823,0.35264317949024265,0.24981557807217553,0.05232035591758384,0.01678436239599799,0.14734867404933175,0.0,0.020010763494920925,0.14380569826393513,0.9295781706410405,0.11324667877547742,0.08490732969529441,0.26527076907964997,0.32437389301952674,0.11200576451253144,0.6442612299287056,0.10409879546831431,Android Developer
0.4985069776475954,0.8206871352515571,0.39833524534853243,0.2417771531230167,0.27720838318627605,0.7152918700116776,0.4434346980831979,0.7337886119561495,0.38825956315748616,0.5277567668139471,0.4800464256732233,0.7342992161810833,0.49795174445515733,0.6550237122466828,0.350450036556838,0.3120638683130119,0.23631339619731273,0.14762415039836801,0.07170832710114633,0.056011295383659815,0.0753101911059044,0.07992134508083039,0.08029684553544424,0.9173029526123279,0.10203523956034051,0.0675778879896034,0.2896008772982676,0.2983714108295704,0.1410944974370479,0.5799041362965037,0.03006327560342456,Android Developer
0.4972163778677987,0.8439363610522981,0.45627971575042114,0.3096497767285915,0.349843308203231,0.7550283203508094,0.5078578280769973,0.701335135383147,0.4060585185826123,0.47644487957516635,0.5610450316735287,0.790720174748443,0.4441854644246417,1.0,0.30697677586035943,0.29600218338097894,0.2648727435272771,0.030310695290724506,0.14220913971955512,0.11027989364306302,0.029301481845607703,0.08488333122365463,0.09332294040094874,1.0,0.042764675139808375,0.11269867311212273,0.22905736632883855,0.259330138119089,0.15676115484479422,0.4946322115239359,0.11842150237777642,Android Developer
0.44998523949889563,0.7474946952007359,0.46513792121905645,0.2647836534232986,0.286324678638452,0.7576072524322004,0.5019160646544173,0.6462413055698641,0.45830162882749503,0.556154816938241,0.46667078230561765,0.7226129035457354,0.511525260991973,0.7117302614828601,0.29962785552155013,0.3228227796402952,0.2723304601374311,0.1047577879495778,0.08065377632328935,0.1540470177799125,0.04489034580393494,0.054551384929171436,0.0065566385124778,0.8735082447747036,0.045512530567208304,0.0325225695440656,0.3219466534519877,0.2892186193496175,0.16790967586880137,0.5058168283935394,0.1619063248142688,Android Developer
0.4196575957978697,0.8166322101658382,0.44536626617599867,0.21833293899087935,0.40507151877495895,0.7272956478632072,0.46303158174248094,0.7030393301258957,0.4689993335318206,0.504489546291989,0.5078010291513574,0.7280809227493679,0.49224977211712184,0.7075739946961481,0.2826190362803865,0.3744271513833519,0.2944087350524405,0.035382493036825495,0.10391827287542399,0.1837768090498583,0.07462860970661925,0.08005979278175859,0.071831759884594,0.9331232665977072,0.06825778829734873,0.13922266645532608,0.2791410621255466,0.2161256543704911,0.16886012788602284,0.5252385863375432,0.07912919699904042,Android Developer
0.4766775626247897,0.8044858426706014,0.42592757168877043,0.2841142383581036,0.2981863732736876,0.7587315584011344,0.3940097035302858,0.6524206381402498,0.44113182966701847,0.4905754841764503,0.5283988711610164,0.8191523396441159,0.5144092229118761,1.0,0.35430337598556394,0.22784309362757815,0.2566584285465058,0.08931921196940222,0.11375020201077801,0.19400546875135855,0.02754966061674829,0.18160131577050323,0.03180320639115062,1.0,0.10162394112221376,0.12784790566303214,0.28696234772923107,0.31874353646986153,0.07952779315796238,0.542192922797533,0.053531151765759996,Android Developer
0.4185436659806996,0.7698810029412466,0.4767298176476733,0.24496693981305687,0.2873293522055767,0.7959024328291667,0.43187547563467127,0.6648874315403658,0.5398961712182948,0.47233711868675377,0.4814228024806179,0.6693899977662201,0.5649246077194348,0.7040501828196628,0.25436256266717877,0.3535028427872031,0.19840451672717752,0.0757399500558626,0.027289610286161295,0.10826173921190362,0.03548245128061127,0.14577138679810772,0.010292482733244193,0.9195852019087598,0.11401393057140485,0.17431529102932775,0.28915862258355246,0.22476657756544918,0.20564052132292643,0.519376333364974,0.11092903826732871,Android Developer
0.47055452455767993,0.8275794890499549,0.42570521302709075,0.25832723193002455,0.3719172362291721,0.764581659308553,0.49433306569205127,0.6471454414308071,0.468362023823887,0.4775653966382971,0.5427800991587015,0.6952673457420009,0.46365436118864395,0.7266777331231397,0.3269803686854552,0.35180536766337284,0.18001606712523435,0.0,0.01744578804534609,0.1771920178301589,0.08054175413939145,0.05441471261362755,0.13213280600183547,0.9219930823589377,0.0798538902969559,0.15611095636062047,0.23525226865400284,0.2781493901594945,0.13125645572606207,0.49149444349654436,0.11910885312350429,Android Developer
0.4601499193794705,0.8099967122072517,0.39927188214543674,0.24697367529173908,0.3428993599749241,0.7380857499259085,0.5164356516170917,0.7144415412516625,0.4296419383990415,0.5063229838960677,0.5881427471217516,0.8352856779102334,0.458251103257558,0.9776188078629623,0.22485961087314066,0.2944574011832881,0.21459538108010487,0.1270489816599379,0.0763816868585669,0.1297021241707175,0.026621982326742132,0.047907327530653576,0.11820259465404155,1.0,0.053773944823024014,0.18906994798025534,0.27071319367445656,0.32564584885844783,0.1317861467005399,0.5359564951551002,0.16569374350948357,Android Developer
0.4500648136499732,0.8438203515723843,0.4267307083748602,0.22904063176702122,0.31033473682560486,0.7766937588769658,0.4412329393148921,0.6193997002862341,0.4748894440879319,0.5935914946903251,0.4362241123446165,0.6508965032658054,0.4859357961997706,0.6575419645100646,0.35773706472807404,0.31885343664100835,0.2703815180803531,0.1059925435771587,0.06535675159243257,0.18664036610395662,0.04270407200419364,0.17773568157616307,0.1387720333883401,0.8580527292509368,0.061871111060195425,0.15860454248968245,0.2929301532782981,0.27704937793010737,0.12916315171973136,0.47896227739564134,0.19095008125592416,Android Developer
0.48593503980799624,0.8213203266382019,0.44022939772374636,0.31743100537511043,0.31896225441746406,0.7438304038437104,0.3996014732555552,0.6573027018686013,0.4572490649326357,0.5038450324115247,0.5266606614813514,0.6755378828339109,0.5897391773709734,0.7746908699946833,0.32481724797626266,0.2811584074150244,0.2529592656231524,0.10985589594872644,0.02425184546597698,0.15637054924496233,0.027246780559257156,0.08996196940017037,0.07568875432542872,0.9273593772369106,0.06696231121150337,0.16713976965573568,0.29488427587170873,0.21789147010875992,0.14927606380578562,0.5697094254395189,0.16215301743539123,Android Developer
0.4557551843382445,0.806978093473841,0.42829087595201537,0.27238346748299214,0.34274338528908854,0.7922540178993498,0.3640439626354888,0.6585610873486061,0.4926298731648369,0.5196705206165851,0.47717585836144083,0.8663736699801878,0.5069327632453967,1.0,0.2726755909374442,0.3668967123768264,0.19051651717101392,0.09034516841036254,0.05335340042093123,0.22255768921284502,0.03944732022615045,0.04690431138024807,0.07672224001197141,1.0,0.12975061453880843,0.10972160559285385,0.33018168531610825,0.28871649075672323,0.0526225370010851,0.501751664894997,0.05323863482551974,Android Developer
0.49708436721888005,0.7878255351819309,0.4377103107762368,0.32477624059721966,0.36010179105809303,0.784441449958265,0.47224244234283647,0.7217833518515594,0.4268534076598416,0.5726195721957648,0.5409401024819795,0.7141097743877723,0.5118393125956664,0.716023114589324,0.3507630056710162,0.30103576825119227,0.20252252598975903,0.09883827413227078,0.02786154040002365,0.13287692057375783,0.0370465344656409,0.11512463556656899,0.01586548036610879,0.9410523600903277,0.13930845675114,0.23289794459390417,0.2508736864455784,0.24876706379121927,0.18537712001512954,0.5481127338923129,0.13034666262675168,Android Developer
0.45303075721743763,0.8620870171518337,0.3875833301643095,0.31181898413601516,0.4161285687531359,0.8233528422615204,0.5501219102763972,0.592960715813456,0.4353655722205982,0.45216076534029787,0.5060356799564545,0.6453247644470589,0.4879481845854694,0.6948037684335069,0.2919942570881007,0.34407605105673267,0.2363810629332944,0.09890030922482795,0.06363343986051154,0.1273837079372052,0.0936090736272042,0.09497050154202427,0.048856306558235335,1.0,0.06511998380249685,0.07558644178453483,0.2879089846817907,0.22060665904756638,0.08563047233315176,0.5505372311767702,0.16147212371711384,Android Developer
0.41129076930677283,0.8318426767537149,0.4761718890733225,0.22300062298292045,0.3338264075528098,0.7423858819576291,0.43983154199927005,0.687144076415947,0.5021349660576058,0.40683096794888396,0.4299810127093168,0.7624313807057237,0.4894204231377506,0.9815804395637341,0.3967460355472812,0.22773994949283427,0.2744315082780547,0.040351249707389555,0.09710738757268086,0.16434700815778747,0.025837607134015533,0.07649125183771745,0.07439655801268771,1.0,0.11647928590661766,0.12211882782944505,0.27026107307514197,0.28186074276992884,0.09642642424804365,0.5318591283292815,0.1000745803270988,Android Developer
0.5174868421548698,0.8281108659458334,0.39946910901851573,0.20441222792802455,0.27016773355951623,0.7598846013652703,0.4828357126708356,0.7009223293916256,0.4173701587567372,0.48161397406002976,0.4819328636365483,0.6385983208518571,0.4724617182734785,0.7256127691911273,0.3387331426989121,0.31391191285483355,0.25879513708350965,0.09537552826082576,0.09186303675468735,0.10622742367481607,0.021406858141240225,0.11614955846256292,0.060630071512790526,0.9167077083752793,0.12353961659449886,0.10046011337302418,0.3081006329820714,0.24218980879468022,0.07452030771776177,0.5300304517458696,0.0628918190740955,Android Developer
0.48073341763192484,0.8194490869853931,0.45436178985576403,0.3347231233596042,0.35687348834138866,0.7148166938698665,0.4615205602156214,0.6393473267506989,0.36314384153788143,0.5206809873430646,0.5172852011977336,0.684440965387015,0.4785431890857336,0.7025619782918476,0.3452404218427171,0.24279771926800017,0.214436170206002,0.06941458898143871,0.08178030963342761,0.13235397061894205,0.0,0.13396141860839353,0.1571976333304347,0.9086616429386084,0.045211218176461294,0.16972334464357713,0.3169931923819732,0.2575103056739925,0.1526856527972957,0.48562060474245805,0.10839547686865109,Android Developer
0.49545629732274693,0.7717871078699557,0.3876193168256272,0.22183707009867112,0.3647978068967964,0.7794830987262138,0.48035378948500185,0.7186491615832853,0.40850011025018645,0.525980719897482,0.5183593267512702,0.8019233332040727,0.5351015979387509,1.0,0.3204079930169849,0.2832365832663081,0.15651932899129323,0.0407369692715948,0.05993571128276037,0.12301053204673924,0.08017253559959035,0.06500297259536561,0.03403052883085565,1.0,0.1084535473911245,0.08937499479365721,0.2968344974173737,0.3020268114098013,0.061115609289626574,0.54343205886239,0.05699537466170209,Android Developer
0.4722793993773649,0.7654559513491753,0.36440302578575534,0.25827729527036525,0.3822585318650746,0.7272144065617318,0.4156764181009234,0.6171916746131463,0.4983346518313677,0.5174248656449079,0.45973071866333004,0.6527360789531584,0.4178777813827247,0.7866254147548973,0.32447128788986535,0.31670082056930643,0.2897633329069606,0.09276283703524633,0.09953848617256089,0.11529102619070405,0.05153742529653153,0.10699193575410818,0.06795864093950481,0.9923613860650302,0.09435354036298801,0.20512541130040424,0.3467965966295782,0.1958513773998833,0.07444199473608012,0.5154045859927836,0.09286367752088995,Android Developer
0.5033519505862513,0.7963228192172318,0.3995297481106865,0.30711245958701244,0.3481447003709375,0.8201817600816008,0.4621931082141179,0.7010787639844627,0.4875288829859086,0.5335344890061642,0.5848953423258786,0.6236912212895876,0.5717137067721406,0.6659164147133974,0.3634620841848719,0.30413266102135345,0.20959076090066836,0.029357249685188068,0.11340906177626486,0.11870312418419175,0.019684134012560285,0.11714518746411998,0.1277524113184193,0.8885260256193588,0.06260486290069768,0.13225821243171879,0.25147041698513056,0.25730842301946943,0.1384222379932197,0.5315452240052445,0.13440442768795444,Android Developer
0.5497428904245433,0.7707505480022879,0.4268488866147387,0.30561611985317777,0.3413773851633731,0.7554342426471246,0.42517763692005095,0.7133361350289212,0.41895395793563645,0.4952114311564047,0.500653939275792,0.8270664453688411,0.46165181543007705,0.9988736823458836,0.286577258416124,0.3432735844837586,0.2503236662977134,0.09546048359339762,0.05721998915579854,0.11739790307806626,0.06855027274243401,0.12952130740297876,0.12835294064161334,1.0,0.05609549335095883,0.11965446263439347,0.25693897194403625,0.22737651112499047,0.13848644827149398,0.5762980482900018,0.09421489812716731,Android Developer
0.4342543820159734,0.7417773797549033,0.4215795993446001,0.2810420908184932,0.3490049081217925,0.7727420420846923,0.46379386425151814,0.6675824687992772,0.5077328091372766,0.5020963128003455,0.4659609142881136,0.6662001125730708,0.47982728333348823,0.7426745827256569,0.316895934985622,0.32705897077563917,0.19954344459160012,0.06573322814417099,0.0641183490557328,0.18285310788154535,0.039972680972243595,0.09772354302048196,0.02186355895768973,0.9704914620921484,0.0021232893716295886,0.06170996821149702,0.33174085213524424,0.2547887176085647,0.15087560625030105,0.5209544184176149,0.07262764749726981,Android Developer
0.4599464168144529,0.7246164074015597,0.4246577030221085,0.29281059516881097,0.30578521462174735,0.737474324384845,0.37879557068796044,0.705804843575186,0.48880037608264787,0.4435522346482935,0.5174483964760691,0.6803836949348986,0.4722657109094972,0.6846582017665369,0.3780945500270468,0.3566626678288177,0.216384308883796,0.08671792361302805,0.07872990145184648,0.12191829704388668,0.040740064585934405,0.0404942286922903,0.040464458319515687,0.9884096824015012,0.0584764892273094,0.07465876926166584,0.27361648509968745,0.25214295908937034,0.19366318981398592,0.5474536139926578,0.15207860333286854,Android Developer
0.3809726732839561,0.8398631146916175,0.4532065924964344,0.28338777221323863,0.3219352386495055,0.8541646621206899,0.4813762537777866,0.6605173905613319,0.36976136580664126,0.5143363401338724,0.489886578855582,0.8933529361138914,0.45685320776757476,1.0,0.407521081375838,0.33528854061195534,0.26357280442777353,0.10526511697924436,0.08046534662823648,0.11702859669862314,0.07650195141086924,0.15087262595158918,0.08509786347940125,1.0,0.14094630462118268,0.11898728380476421,0.31900185876003195,0.27497323884489894,0.17957662511323721,0.5341795861006701,0.11111564157332618,Android Developer
0.4220911451786989,0.8237065237074659,0.41593135429468797,0.24046400367320336,0.31956584106692193,0.8069648451285281,0.42807643086079183,0.7147853701428236,0.42658897097920084,0.45479142017157825,0.520149015819772,0.7083031308523465,0.5225057121861914,0.7785774054875878,0.3491201975623539,0.3101512949336082,0.17653269314127412,0.06276718258305893,0.13963063103201018,0.09402898769812815,0.023207756422880633,0.055484746451727074,0.07455677947563549,0.9662115184372627,0.18169526624474824,0.051700014181595214,0.2408290775189892,0.33453398847974397,0.12516561650224964,0.5186785335286469,0.01936588829752986,Android Developer
0.5054911642532529,0.8029817125546107,0.451001264055796,0.2518054788180064,0.2997755511776179,0.7541091031773174,0.4519600348068809,0.6692754880190829,0.4546632393685885,0.537223292437868,0.43589075850232284,0.639899074087702,0.48329194941039594,0.7387177451937037,0.33077827024770406,0.31793209616285445,0.24399952988793436,0.0583357767561169,0.14392883099170167,0.15633225988627275,0.0,0.10446524894739519,0.15033147208268796,0.8995409184537341,0.10394867532056938,0.1735014048137012,0.23762842771645581,0.23353484444521666,0.12308247935436831,0.5458057593428843,0.08316941736534597,Android Developer
0.5032227931807784,0.8379766914103937,0.4152523237015687,0.244673040497918,0.29199966073374917,0.7872878258395155,0.45559237520390794,0.5951164090996623,0.44322686467021233,0.4859437296485613,0.4606532816030444,0.8817650108674246,0.4402988128179586,0.983474378712598,0.3240220026054917,0.3108670181132725,0.3358790896051683,0.04861153823549627,0.11025422623186949,0.13850841708073522,0.0790780749442564,0.10582467324208182,0.03829495898637759,1.0,0.00404569315010149,0.13280844178657422,0.2375980300218821,0.3203296070946347,0.12469043653277333,0.5754928773569243,0.160609956145578,Android Developer
0.4209928857322259,0.8335677750359911,0.4376145560510746,0.30173441489051045,0.32513923295978403,0.745733413616978,0.5237056041096814,0.6339287300547601,0.4558486358167865,0.4941933670408363,0.5329297667111886,0.718835698729395,0.5606385044355365,0.6773899399493997,0.28203021751345503,0.31079345024821203,0.17568393584290937,0.01735874580003873,0.07757339324589661,0.11339992566616953,0.053069340875149876,0.11168863883990475,0.07849009811530294,0.928652198510848,0.0800210978403081,0.10337806600291488,0.24898086135745695,0.21151414502662824,0.11740848639878279,0.5195687640771757,0.22084065824135574,Android Developer
0.5318093951135352,0.8360621926772764,0.3514014849600464,0.24173637403419043,0.351863086695197,0.7510982592503138,0.4899917575109306,0.6826078712760312,0.461977012048134,0.4839856495353203,0.46222856531681444,0.63886200066543,0.4441946610286124,0.6878246815466149,0.32492293365469743,0.3091728335581706,0.2616861431388055,0.06076910258880073,0.07025341012608663,0.10241732574693768,0.1016725452386573,0.13576390633710286,0.08882741270896136,0.934157071576174,0.08089263043148057,0.13861862355173843,0.3082364773024932,0.34870323096682626,0.14195652285500462,0.5309935510631834,0.14374447558524112,Android Developer
0.5362372103073877,0.7795160433111846,0.36922186671976576,0.2733248612280145,0.2530441215486091,0.7861884187332481,0.4375095089065468,0.6952613024301422,0.4500654408419598,0.4811335260654086,0.5138091992802669,0.7590249849555692,0.471269080197967,1.0,0.2530614553410905,0.29715181794879963,0.24598306416501217,0.03388903664760206,0.1435211173379397,0.11910540789234218,0.03256269028908057,0.14370616856330318,0.1403416740423659,1.0,0.07949501693865184,0.11048337921242952,0.3137511776835017,0.3406424629906887,0.13318237816073636,0.574347207996861,0.1489628432192014,Android Developer
0.4975036764146749,0.8766049531261852,0.4272592731656481,0.2413031592233067,0.31424842434360134,0.7183850855456041,0.4347153598729627,0.6234155488533784,0.37128694196003686,0.43185211636668713,0.42645515868315154,0.6359028226655411,0.459200014922138,0.7579601591762655,0.34142727436814746,0.3221457434723703,0.28815778170490336,0.12218258493827275,0.06347496806615238,0.11400267646236673,0.07159166560151306,0.10419166253316849,0.021858567958033245,0.9034361145903336,0.04854110884247616,0.17012548621564277,0.2432955671762232,0.21397009098286693,0.16759139253973923,0.5631265734985895,0.057978425385269115,Android Developer
0.4611405368578409,0.7481032251703524,0.39629800570944623,0.24734119778584643,0.36819173552747375,0.7877373000936153,0.4180299382196597,0.7200200569759253,0.45614673429359803,0.44272857286770495,0.43268395263420645,0.6557117097440148,0.4917292138972558,0.7423629018525426,0.31388010938224525,0.30551583567702123,0.2887030698728768,0.012112163608370516,0.0,0.15763147240782754,0.11126187022951817,0.023925012193521097,0.04734277487642455,0.9018259025572959,0.08785671687612014,0.09328081906969588,0.27241856870046993,0.2482399370408471,0.0952491350074897,0.5665810480273111,0.09990226561093973,Android Developer
0.40010977242081563,0.8357239996807778,0.4008905810512761,0.23172855267067743,0.3031370623672299,0.7216522926140219,0.47149526614603043,0.7259739479548324,0.43511519665004417,0.4726658347063615,0.44914922974172145,0.8362528736302838,0.5054232387065586,0.9456440630810843,0.3485437327763905,0.34636349402339334,0.16950705644491795,0.09293802616996576,0.08583046148703517,0.139587267891433,0.10370272953382513,0.17186570496851866,0.0609567883341528,1.0,0.06206740555909558,0.07734208095065481,0.29068953525537616,0.23246871171027428,0.10730123520922916,0.477782679912511,0.09150963500569245,Android Developer
0.4734658003287971,0.8317610963439828,0.45417975801569527,0.27428265186227324,0.2183979856283566,0.7755789054067369,0.4963321388273597,0.6884018056383694,0.48541387836755956,0.552528282020097,0.5138827908869029,0.650486665497613,0.4587968391586508,0.7228987057002025,0.32281331169320343,0.3046254106294969,0.304873441720322,0.0,0.0185197679194501,0.028314804891515832,0.052735632730302795,0.13217205324693576,0.10474591120818658,0.9239807048383127,0.08860255675709675,0.13387091723203187,0.27846793005816023,0.2568366658867255,0.1295520077080122,0.48990293639308224,0.10853980043624892,Android Developer
0.433077678350385,0.7790239082024073,0.4197397306283594,0.2740873451177055,0.31637132034802834,0.8341904853619204,0.42976752861272427,0.6440917075073374,0.44297557303715074,0.48229084646997006,0.5017971577604138,0.7126458664594822,0.40055513938575715,0.7037302889876401,0.36375366474602205,0.3068946377789506,0.2660818512170543,0.032090800342643194,0.06417532267886442,0.12505097865919484,0.0899488863832671,0.1187922774887375,0.021577627583922995,0.9156580324367869,0.051499667877822924,0.1253197835778793,0.3413621258155419,0.3375411026536519,0.175326378125973,0.5165961485300145,0.11780539763928943,Android Developer
0.48686942570588193,0.8253339377698752,0.4856958041370878,0.23489707392915032,0.32480350625696647,0.7328792058550763,0.3888353855099945,0.7150310556292389,0.4233722328579754,0.509210648376933,0.45997603894962036,0.868949671338609,0.5186936811657876,0.9736093374934042,0.4192378368020145,0.29928262241868486,0.20944597142060026,0.07060934302957085,0.04395076982483395,0.14379973587160627,0.11547901859052782,0.06622369546549345,0.11359543484254542,1.0,0.1058495399807932,0.10122095773393266,0.37293859433491927,0.2865018738694152,0.10551199018967743,0.5655678645169091,0.1326393882077721,Android Developer
0.4641188081030345,0.8380325989269347,0.468610336270769,0.20424682149336798,0.28154375120481007,0.7938721920111873,0.4402263849426695,0.6506520607040864,0.5108318536865375,0.48549877424954097,0.5025442689457684,0.6497922126407819,0.5028342647994852,0.7414549197332475,0.29235517777600134,0.38701988726998476,0.1901328421674151,0.0849800968316663,0.039941733852570487,0.13478108164499245,0.013105225267643066,0.07309945373552247,0.10312635503902404,0.927850218218554,0.03967621805688014,0.1174238690241827,0.32595138436000537,0.27721124866335733,0.0896423712392883,0.5402679336995871,0.0884632891999645,Android Developer
0.47491132773563105,0.8272110667898819,0.40523801679112265,0.29145655170074214,0.37087015392396416,0.7374463571821226,0.45028599306549466,0.7121200059896666,0.4784927890158881,0.5165990383672175,0.5621837835642046,0.6786385758801244,0.48787984520719446,0.715236004355974,0.3173324646509442,0.3179726222802523,0.3102725579139013,0.11325266468139414,0.09964395205156942,0.16025412729730848,0.03722289380904859,0.11872801006669671,0.12917915630402016,0.8802231689016995,0.11574373251855616,0.09938416692920679,0.30993992254595376,0.2834400474235046,0.08247423782558375,0.5176780852381163,0.042105761651327824,Android Developer
0.5472053341191889,0.8367375260699945,0.43265943377696076,0.3224685518104064,0.3863587601056754,0.7588061873042276,0.45662754848152115,0.6427241461663619,0.455401237426797,0.36924103759359106,0.5163442125491435,0.8115116860394724,0.4607260878804641,0.9675582470831899,0.3476864143496271,0.30720927100075895,0.2566783979799581,0.06085538804033816,0.0760217359670641,0.1545345734122748,0.027387610065433256,0.08811552722444954,0.08037033895885251,0.9771692644962495,0.05341357337650115,0.15584635764021013,0.29923622839663055,0.26543439546808834,0.12059862721552222,0.46802911336674025,0.15387614691514379,Android Developer
0.5094726503227308,0.7525793818062514,0.4181659207104502,0.25438564898156596,0.37356137895927405,0.7422674314461171,0.4784948354235235,0.7396002445888329,0.42611353707166244,0.5468572160065654,0.45446078095792014,0.649227763817419,0.5329373127971138,0.7383523646721871,0.3002652820469747,0.36069632968900656,0.2685867826456627,0.04069242504315472,0.0417202398151155,0.17131233925244332,0.03891721425405048,0.1674572486776965,0.03357691749688015,0.9611449285177457,0.0,0.12427968392806407,0.2799002416348933,0.27265069961444355,0.07847105397870333,0.49583822577924885,0.13624828506048173,Android Developer
0.4133070692500057,0.8304261857667928,0.4723770947789339,0.3135889161536199,0.28822891625954394,0.7073852807832195,0.4110916756719884,0.6469824754945436,0.45710934055153873,0.5243245257017598,0.4773832140114257,0.6900087172880494,0.5196913854045231,0.7577839691033993,0.2843471031763158,0.3464128774322536,0.22060825005241463,0.1361324173255809,0.0639474396166847,0.1528894609588067,0.027045158655373235,0.03018525854679148,0.0534654964617864,0.9053159714468434,0.15484972614947703,0.07194211508239928,0.3574449311572047,0.2678655096616025,0.11421074496370674,0.4687390633233752,0.05432143135804326,Android Developer
0.4507135850703737,0.7785086801927932,0.3877598230204938,0.23587146829084366,0.34552481879818486,0.7239708621524342,0.4423292363620042,0.6265457442501416,0.5197461405111063,0.5277132825916987,0.4545168384197437,0.8546438343849774,0.4406800609376031,1.0,0.32454122639199295,0.37785434835884035,0.20183416117337846,0.0005378174569176802,0.04224209991876437,0.11614832980325791,0.046203619957703265,0.12438080028228235,0.02901047797132203,0.9656769319853935,0.09514740302517152,0.1738557135147336,0.3155183666968413,0.20491319783365874,0.14546966698868927,0.5401645425035693,0.17496831214674513,Android Developer
0.4612895277973561,0.8018077007330965,0.4496544808894176,0.23979263203827778,0.288035191694081,0.6850454293874835,0.42907175525447394,0.6970207928247935,0.4906966198703975,0.5046066092746423,0.48262428410510433,0.7158481178779573,0.4787005116717491,0.6274130693337083,0.40470661668050284,0.3689899309511838,0.25255131875594056,0.033716840713848444,0.06050609675501399,0.12500715281741767,0.06945006199937456,0.027268161190500656,0.05265549491179497,0.9554851187593846,0.07953492546763868,0.11346631047739252,0.2851688893140564,0.22153081072144948,0.1198008157282295,0.485294848080016,0.11302421118315231,Android Developer
0.4756021181960558,0.8144694092594162,0.3655207937161434,0.25189681458103447,0.30538909125372643,0.7447145592174291,0.44710767431309134,0.6842359220434038,0.4370018167078888,0.5101469071347613,0.565552184159903,0.7108011013037594,0.5092551063413766,0.6222956857038968,0.2569882675743599,0.34354184695260503,0.20419639397787676,0.0984095914222649,0.026266518907242895,0.11447498110203815,0.1078051124803407,0.0462590451226659,0.09605938409198767,0.938179179948763,0.11281156497163791,0.22998687653408187,0.37021929835039624,0.3374577604748626,0.17607219672703073,0.5966663468303323,0.13766853317822159,Android Developer
0.4358672131955352,0.8444634401053224,0.45223331036483827,0.2995717302644683,0.31581758968020085,0.7114571250144844,0.4296416324562663,0.6888486139984721,0.4356407639116874,0.5232429437186457,0.5403914622644546,0.7936894887781218,0.4599156189261202,0.9054914474782644,0.3467677125096775,0.34435696546716726,0.33800180179502526,0.07592181025725601,0.06916151207667785,0.14300132728775755,0.12551020996985807,0.1364807449096914,0.08331912923932973,0.9958961362363176,0.14981185284990406,0.16861614552268783,0.23311000911882981,0.29002044642984887,0.17114798165432232,0.5302149497868442,0.12395190881672834,Android Developer
0.4503159058249239,0.871546266216094,0.45066422246542265,0.2561294207992557,0.3187888583526102,0.7216819498293379,0.4096485792671623,0.6293097469064256,0.5133282608916306,0.5324202950066584,0.5520707377833874,0.6690499493041419,0.43985740792445466,0.7616349346141386,0.22491335720774935,0.3064992490613854,0.2722235979170544,0.0,0.10040851726796923,0.11368208590114137,0.06735079060573944,0.08983605708656356,0.0,0.9708606413873081,0.04583792370904877,0.12820608105291967,0.3387350655610148,0.3124704137310892,0.07185787915253655,0.6103797398481908,0.048618066498036225,Android Developer
