R,I,A,S,E,C,DI,TP,BD,SA,RO,SERVER,STORAGE,API,UI,STATE,BUILD,INFRA,CONTAINER,CLOUD,STATS,MODEL,PIPELINE,MOBILE,THREAT,HARDENING,TESTDES,TESTAUTO,OBSERV,PERF,FULLSPEC,role
0.49762432123108635,0.9256227530340522,0.33598184086311317,0.3051151077498862,0.284074377596932,0.8204108584521389,0.4514381050847837,0.7513884018282803,0.344740327520431,0.36784786209374526,0.4958298273873418,1.0,1.0,1.0,0.07505869485768442,0.022488393752740185,0.47614286006323686,0.4634397778582453,0.4295975061793085,0.4865256974963691,0.4100778172114319,0.3612836503948973,0.5399867942121644,0.022880869002818813,0.20738680632402137,0.251557797782321,0.25662986430640455,0.21583918420590503,0.2263393652131773,0.42846517893192715,0.13181910371926334,Backend Developer
0.5237000266332665,0.8793810733212131,0.3581345904085799,0.2904471957990494,0.23682862325009235,0.8313934106725347,0.48444582228034694,0.7313188813915633,0.34241025984183754,0.3676759341789717,0.5192140464849782,0.9735812192016682,1.0,0.9959468390872764,0.021633569770030982,0.06266245944508028,0.5411910343109413,0.4540272754412237,0.45266319326049864,0.47694210391022585,0.40329953908542054,0.44820666071425386,0.4377024345198153,0.08391612982660712,0.15677075116806885,0.21884982029688493,0.21535294255325077,0.17712163137081788,0.24210000196525344,0.3587953452197388,0.1514879278774507,Backend Developer
0.5070760899464064,0.9017269751700295,0.2807209313795536,0.22201340707342346,0.2355713933079234,0.7605825335196436,0.46463706437329627,0.7515167823629796,0.2714987802191631,0.3810378770785678,0.4871334567780353,0.9885657617537028,0.9485964812053389,0.9874671650868948,0.03855508432519579,0.0866249157319472,0.4562148992533785,0.4618976230652408,0.44623865616150027,0.49700075809012445,0.44453170841257894,0.38071059758339115,0.5142358080710222,0.010569343472146312,0.1947553927146037,0.28999948425520655,0.21095038821855816,0.17416808677871154,0.26657448336715156,0.36236334469817827,0.19004972032373033,Backend Developer
0.5474519783803946,0.8965330884169909,0.3403610383024724,0.2722490653076994,0.2800010505302387,0.7546048239156917,0.5039566407370125,0.6645283788022212,0.37848746630508145,0.41067984387430834,0.4886284708892318,1.0,1.0,0.9476880037298769,0.13164505128326023,0.10288552215406667,0.6175892921816367,0.5065908411454683,0.4769758938766153,0.47989842856029524,0.4280664185122909,0.38849322914330653,0.5411172061731088,0.07406639337242117,0.18805953929899785,0.31576764676946656,0.11935275481597793,0.1935114954611323,0.30022607674081736,0.371897510856622,0.09668768084706006,Backend Developer
0.5712777253407118,0.8947539425349373,0.3523204784085384,0.2621343196462429,0.3468480827259502,0.8206807017493181,0.45152321365051346,0.6988448599641776,0.38030116556834453,0.4394493358110241,0.5022606221793476,0.9776888608061569,1.0,0.9645033832921267,0.1537778152532792,0.07061864726607875,0.4738680794460532,0.4289853321054653,0.4306111668682706,0.49803615583852606,0.4137730993759663,0.4234855929932286,0.5177829926115791,0.016059557639372404,0.29413537623059477,0.2355295573286003,0.19585934579748543,0.1239032820747046,0.24677838701500118,0.361896027655644,0.10263116424424754,Backend Developer
0.49575234300761223,0.8773804291990245,0.3176065808359692,0.22923363310516218,0.29838532056815775,0.7516154475546774,0.41768310485625376,0.7383951736233711,0.38384637050961135,0.41222095864906483,0.4910445097857516,0.9877844552318363,1.0,1.0,0.07699397007371622,0.08889525203453928,0.526410887705812,0.445912102056277,0.468992973944204,0.48791853312037736,0.4284662072648616,0.36435262921356387,0.5034580749575199,0.05773621599397742,0.15481136719141245,0.21252481324533073,0.22846486936736693,0.18239035251153762,0.2353305568593191,0.40502207653452826,0.12739862958134027,Backend Developer
0.43598254737279296,0.8359816251747201,0.40333513907565255,0.2458918507573277,0.2464824283425617,0.8039641248501425,0.501642523515716,0.7279840003713136,0.37365390327634557,0.3924293507625277,0.5239684468458546,1.0,0.9840803290044311,1.0,0.05329960369141065,0.04487246592667578,0.5242044882459144,0.423425025684406,0.49889718142115547,0.5060003691310072,0.48943167793695336,0.3692905155590301,0.481698912126259,0.0,0.12583626755317814,0.17785108950605893,0.24309975244584658,0.15661782740023522,0.3030831900557362,0.2427755546370466,0.21192297594176432,Backend Developer
0.512979084371805,0.8778938955586132,0.29608229079267323,0.2796915967534931,0.25214343415779156,0.7551418311181907,0.4128933458839226,0.6822859825367079,0.3652095838318732,0.3745747353655361,0.4343962497716065,1.0,0.9130908190718934,1.0,0.15445642305093008,0.04750305297893047,0.5670980252645617,0.48896392009622014,0.45499845293802876,0.4893651031748064,0.4586791325164043,0.38090196809586163,0.3787316337077261,0.10792057612014092,0.18732696743939214,0.24291956876731818,0.17126307041260627,0.16744157985334274,0.30076749035404765,0.36046473738184803,0.1650149849779202,Backend Developer
0.46573317521412444,0.850314788950931,0.3406420602697339,0.28646265373830165,0.25046735160485384,0.8400147506190085,0.41542587166618233,0.7340814529234784,0.3460954048440618,0.33937894154457643,0.49809167373296415,0.9766958191773545,1.0,0.9835897585631566,0.08903482138370858,0.050758320687386366,0.5344627557365289,0.458398147655618,0.44394894064128093,0.6208556892774977,0.4183620388500052,0.3740220428270424,0.5185797381100055,0.0,0.18613089109643477,0.2654128164977672,0.2097880170584683,0.26685357263717435,0.21782923801885323,0.4115040240629591,0.16888561609702263,Backend Developer
0.5520779845275975,0.877949374867337,0.4137310940697675,0.24579688306911485,0.28698880953773476,0.855118917622827,0.43884629211714965,0.7713174670918677,0.34925446977622643,0.3506046549066249,0.4419364168580045,0.9963672066649846,1.0,0.9168412174012993,0.08301800156515385,0.13569508539539632,0.473882004587152,0.44964133497479986,0.49789467766310597,0.5414415178936794,0.4966639288879614,0.35904636794799755,0.44987692582247274,0.09110741858727778,0.1398023253528099,0.2652914203040255,0.2873245942572849,0.20510834774424738,0.2813308086774692,0.4011226441906171,0.17099470311541232,Backend Developer
0.5472228160641185,0.850596415434508,0.38499849867365643,0.27513926463518246,0.2079772363762984,0.8126177564940326,0.3744140767126178,0.7598565186263544,0.3406579382569447,0.4762221066857493,0.5195852505876061,1.0,0.9580310699981193,1.0,0.04937367909588947,0.14362070698970675,0.4802659109599806,0.4793922941142773,0.4286847027233364,0.5125323981394116,0.5133994762400232,0.41135072321026106,0.48119485992362565,0.0,0.14857251527425733,0.2639861458302938,0.17956569297590466,0.2320860099185376,0.2528615264980241,0.3931438046444749,0.15819603431908497,Backend Developer
0.50466071427573,0.8454469398571842,0.29811383846710887,0.3024645273384821,0.24997952271783191,0.8237918736646637,0.44017020066927814,0.6879788438163073,0.37220563242502275,0.3701318441487642,0.4839805102053145,0.9500524605828564,0.9802750699368212,1.0,0.06350036079501879,0.1327290646583846,0.5308208297226205,0.5984925524444937,0.4919700235067541,0.4380804985932941,0.4239847033635742,0.37745007409001646,0.45795475046478856,0.02790443336944876,0.14426411751198495,0.2583127919577278,0.12365249148916707,0.22076633887167657,0.18686838495398356,0.33945777791933857,0.12069172843611303,Backend Developer
0.5279368028418966,0.8569703555705868,0.3486660266271856,0.3030476964581711,0.29784461750667846,0.8043522936696623,0.47958031066554646,0.8097003007526237,0.38216953178730695,0.3882584826285113,0.5511145734956052,1.0,0.9614890059493174,0.9927711083927288,0.016109705460681085,0.008599195842717552,0.48703838835137725,0.4799032427472189,0.48002035497928747,0.4510369725949974,0.3373495229096519,0.44133049897282867,0.48631172476640927,0.08722847911664995,0.2299436438734281,0.2743883867029198,0.2023657432676717,0.1590939674321824,0.2787438609300015,0.34360568536657043,0.12641522949758052,Backend Developer
0.43178381262844545,0.8609757876633357,0.3824668354998452,0.308972663195802,0.2692311484225948,0.7673515859757309,0.497309754220752,0.7306853820941303,0.3353729866109356,0.3417634032213678,0.5841504590778318,1.0,1.0,0.9654876294556758,0.07818998669953992,0.09674024536162032,0.5562837844407824,0.5293887382457922,0.4176313761057212,0.4645128960806757,0.4583295140151162,0.3621788256223021,0.5150949647149907,0.0100776262247196,0.12004901477300012,0.17462602044865483,0.2193651168015692,0.19534602174189675,0.2888086296908487,0.3631149442524183,0.0,Backend Developer
0.5358373643138765,0.8060017014196575,0.26389128007361273,0.17907381524314014,0.18389248109432513,0.814059124076626,0.4319526303634384,0.6705357883502974,0.3509233022280962,0.3557626710168018,0.5392428369551485,1.0,0.9912959105688275,1.0,0.13002363042609627,0.10338430974851778,0.5943381386641919,0.4501335197980993,0.3967897936363371,0.4453248768350559,0.4057926138122711,0.4038720819892066,0.43630708529094864,0.0,0.12002094045832395,0.21888392059286202,0.25370837755776376,0.18930303563317205,0.22692042933631335,0.3988188449274689,0.15102660951990315,Backend Developer
0.5210462200422499,0.9100110106667021,0.3248951548060915,0.2952496185187973,0.3008971456706234,0.7970782010544091,0.40535226735816454,0.7318076705645082,0.3954901298656673,0.43279072277901953,0.5684100156446925,0.9803839917370735,1.0,0.9597484898464822,0.0830633584256145,0.1442164962085993,0.5612569834960416,0.47912292167696346,0.4642779134975484,0.467706760345229,0.4234690690913679,0.33009184633845073,0.4687722380694231,0.0,0.11725331087885363,0.279112236022271,0.22965576366007956,0.16344608645072123,0.2525907515847853,0.357955826893967,0.16841313560044727,Backend Developer
0.5298326682900678,0.81082896486899,0.24087665512604184,0.2179244580348355,0.2609267849648116,0.8413073467749739,0.47057438762915926,0.7526750625136018,0.31412473514262507,0.3971708440191597,0.5026193943782885,0.969772926450844,0.9572176037649072,0.9909328889161585,0.10144945392459434,0.06380194044347424,0.5166722906887704,0.5291995853736643,0.4542263475647548,0.5077913194820167,0.4282716767609725,0.37498833487375444,0.5492391265733603,0.03723013236136241,0.10719271601050569,0.30613679386292364,0.21099253844789953,0.16005702545388126,0.30397770022555304,0.31885240147499755,0.21862800371522415,Backend Developer
0.5194321057027025,0.904522353880247,0.46130008446346604,0.26580366155244345,0.26322672399839303,0.7602188158162367,0.4563771817292314,0.6898531289893066,0.34252126282128226,0.5157873652189333,0.5047839181829944,0.9778524993630359,0.9916112769270867,0.9835251440302746,0.11693607492566507,0.09639101608399366,0.5893555237365254,0.46235602863795794,0.4649368289189241,0.4716286245711034,0.41716472390954923,0.3131571908631418,0.3973075926456052,0.04998693414795786,0.1001823748031625,0.2612386199673208,0.17998012600620858,0.21258115888653673,0.18106382317144562,0.3739300325472546,0.16326399817116244,Backend Developer
0.5302006490112707,0.9092559546756536,0.34141148268356536,0.16068644466403137,0.28506432362761547,0.815686904503042,0.451414996678349,0.6976290836928449,0.3355632270802686,0.4583223910659642,0.463203686217044,0.9303835410377579,0.9412694925215181,0.9985881633124528,0.1418340211777464,0.18819402888312609,0.5510092603779817,0.43575016205597317,0.4399963297849991,0.542533493150628,0.4857654171987136,0.35682012022186654,0.5394780197962908,0.015817593079851186,0.19857135904405498,0.2908186794623736,0.1407292860410567,0.193057550661339,0.3071457017605822,0.32757339918557354,0.10773674257691063,Backend Developer
0.5354914174132039,0.8696377311617591,0.3255078387490248,0.25851149160160974,0.20028823976976595,0.8190790129140216,0.5249039142136142,0.7027129684086371,0.3168633227819876,0.4069024697596354,0.6138350980115601,1.0,0.9962330086108281,1.0,0.12295387502466994,0.06362499009883679,0.549469704266576,0.43030179964423243,0.5119965867687417,0.4957418243114313,0.44052776500971697,0.36814495660527463,0.5104474683741326,0.018012723336420147,0.25631886744113036,0.3017547035920885,0.14782845350789023,0.18265824544599737,0.27940620927957005,0.33167362685627144,0.19849906815848037,Backend Developer
0.559486032636411,0.8609574978722855,0.37784863536293534,0.16217349220367433,0.3214035283710737,0.838360352083021,0.4176928922107497,0.7413752144037141,0.2689486595453104,0.3694630546857508,0.5438255735232965,0.9994865536637939,0.997271881099058,1.0,0.07214281415049979,0.13949958867874912,0.5002404154220854,0.49177384294645377,0.4292152934049362,0.5371439691306684,0.41964515592591234,0.3808604986862154,0.4680131624456618,0.015573863979391908,0.1298109508941818,0.25817000248637334,0.22218656389475305,0.12177439384615915,0.2261440037608077,0.35120055370466496,0.12605407447202654,Backend Developer
0.5067871354325311,0.9289440696196005,0.2978734885816363,0.1661125198824681,0.2431504075077474,0.7897736126008122,0.4416004020447487,0.7420524478872816,0.3088767296062731,0.3529887953361498,0.4730205130247691,0.9738460505408336,1.0,1.0,0.00821892202820923,0.022807643484357362,0.5215698820951812,0.5514638004801744,0.5016435896730594,0.5061845720318882,0.4142570290915348,0.42558649905763213,0.48961957518413207,0.09427033532721404,0.10249180550296737,0.2619458315413275,0.1774680932981647,0.19157100870054405,0.2600342500638559,0.3703866483600009,0.18910328587104758,Backend Developer
0.5712917031904732,0.9423689268161446,0.33923177204229493,0.23690600105558746,0.21806712925273108,0.8202954536145434,0.49459669389707017,0.6773620900387556,0.39578659936994953,0.39594598758464755,0.44976732863030694,0.9660685122202141,0.9622702894942489,0.9629817900760377,0.09779605585770568,0.13455310914754198,0.592965823260928,0.4470711107064601,0.48871825069821223,0.4816189679880537,0.4333049561198283,0.3232847845069736,0.43757211438640875,0.057122419546351125,0.11066136191577,0.26959323870710755,0.17295403791793135,0.0979785446117381,0.14845722642274123,0.4085384538621337,0.07378334127936495,Backend Developer
0.5131250953594376,0.8784580317750792,0.2860719108381412,0.2364589852658578,0.2862529564003125,0.8146326473928189,0.44277697734102983,0.7407761851870128,0.3459106134325769,0.3611833368174989,0.5480196182709492,1.0,0.9263187529104373,1.0,0.05037936600025462,0.0884225523740763,0.5253277933678695,0.4432820998805561,0.5471215145157741,0.4477672909892631,0.4347674990919375,0.3977540632461966,0.48414851100112,0.017360567660881142,0.15491946868052836,0.2128728021680812,0.1671634736730864,0.22134173805071122,0.232330131060123,0.4352874266722551,0.17675761275183072,Backend Developer
0.40899481141574306,0.8996303606491026,0.33647360777109675,0.20300193010464707,0.3192702079930385,0.7854633226618588,0.44036270558872864,0.7463076006776916,0.39571321358224937,0.40453660792792634,0.5016727739158136,0.9721253594218698,1.0,1.0,0.06598227490332,0.0860197249216492,0.5660730238234821,0.46450705614803484,0.5161759047254129,0.4886370118657385,0.4613922193513096,0.3907838472136944,0.4444698004566417,0.021520956094931033,0.08237588334395449,0.21523840635872593,0.13688774378961416,0.25490000372718696,0.18735877535933548,0.4534316250887191,0.1705711813067393,Backend Developer
0.4949453132818792,0.896554404024833,0.312819411233618,0.20221804478369568,0.2702628107283531,0.8309029078530495,0.5123364358104755,0.7512092043823596,0.32882617905322675,0.45545104328323294,0.5465190330494416,1.0,1.0,1.0,0.05325664239625068,0.06401289270867987,0.5020924323828813,0.42101399880136625,0.49864859138466766,0.44310387194625245,0.4831005693628679,0.3556127345530604,0.5368483119537663,0.0,0.15459249489184676,0.19327958336974985,0.2541341969035281,0.24216099194015311,0.15623684410602492,0.38463446233335147,0.19274749414635628,Backend Developer
0.5287273810084331,0.8878265323764808,0.3592422005910226,0.2933803392800048,0.2234013183809464,0.8509197737776006,0.46957385343581715,0.737273353590792,0.3726649979696428,0.3491692484468184,0.43786231261002373,0.995158713507885,1.0,0.9525846948519806,0.08200617762665896,0.0713326436825569,0.4909608628298818,0.49502993463907363,0.5053750199755781,0.4759979412414711,0.4879900102386713,0.39940014505970145,0.4728328814194691,0.03890072143621075,0.25145390058624867,0.2751412300440273,0.1720521225896477,0.1742517001889191,0.2552507548468602,0.3766142715057981,0.15958190883476925,Backend Developer
0.5915129563580869,0.8552325428519532,0.2694037721029283,0.26718114277989,0.2494549920321557,0.7427387603940462,0.43305904073331547,0.7169644812729071,0.3955921686500194,0.340670067284085,0.5139914107030114,1.0,0.9930055345729327,0.9918303804133931,0.10379106077910794,0.12088726383654429,0.5817024889561607,0.4683155548840529,0.5030877164659852,0.5362240315549608,0.4190777642739479,0.3779407924007188,0.4820520331416091,0.0,0.1544528642618544,0.3048465810706752,0.2415086646268447,0.15180256337138037,0.24937031405869467,0.3888555955771017,0.1677362275016888,Backend Developer
0.5476964380996322,0.8856651247517869,0.347216456109205,0.2519642926861447,0.21929565758959177,0.8305893954187302,0.4523299192797036,0.6653845242457261,0.32817364027154267,0.4340915875781125,0.42335342474936216,0.9588190193921683,1.0,1.0,0.11499904275735279,0.16006538474519894,0.5333112739490485,0.46663278262131863,0.5087322669773182,0.4715253088065097,0.3934046699906145,0.3362964089932792,0.5260553848386024,0.0,0.2100241363406507,0.25093801134604216,0.24406958598178377,0.13078471274539752,0.22497937373271965,0.3681595625751818,0.13276160373199386,Backend Developer
0.4159659980606927,0.8094096219036082,0.2940697322391603,0.21703415478558322,0.29437132727338516,0.8163819476337898,0.4676889845351264,0.8116467603295666,0.3970089782227133,0.43207277160804214,0.440189357599943,1.0,1.0,0.9833909108295672,0.14325519123129635,0.10204815642295859,0.4758660493904837,0.4351049051700365,0.5662936935290626,0.4906950809091242,0.34935884227197517,0.3585262207773399,0.4094352202606467,0.061692431938832004,0.09180591683475418,0.1889117963865275,0.20015954242044492,0.21937520668065763,0.2472226372608268,0.2996941824880381,0.15730251962781372,Backend Developer
0.4969881014409547,0.9096080869286444,0.3727915200565219,0.23711362150077347,0.2982909124161251,0.8137490245679662,0.5158723786688113,0.760787252267943,0.3718798289951054,0.45311837914683856,0.5006161872623041,0.9690759817624371,1.0,0.9857834278348581,0.09916786196598801,0.10247776139912751,0.5411174748968212,0.4268354106841794,0.49533146141422496,0.4560910885258316,0.470970407261414,0.4210301750635615,0.4964181653042715,0.037403476334101265,0.16105375717548318,0.22087085313478494,0.1994008317828249,0.25430739686436676,0.2591727566715209,0.2961700358380172,0.08166564135043439,Backend Developer
0.4581770259403918,0.8491961367892615,0.3892319633746538,0.21766064854525224,0.3239698593838197,0.810077935669463,0.48053774673113275,0.7495415835353477,0.3736266118681751,0.3835453804791138,0.40662337643139435,0.9764657191013744,0.9644848325785529,1.0,0.08376955669961351,0.08910481507659097,0.5952209992028034,0.44937085549493416,0.38597066650444434,0.5122782669362315,0.4800677988837579,0.39398643510411097,0.4682344602344382,0.03461790020560045,0.24355626257238017,0.20999487888157264,0.2012349273681701,0.20179771104642485,0.2601554876266239,0.3400853176301894,0.13294696534232764,Backend Developer
0.5042922210123287,0.8855812930169066,0.35755089447435395,0.34238874335394176,0.2056284194405474,0.8732162675941839,0.45302094682301997,0.7276765191444754,0.38434932540637334,0.434096336406399,0.5462647213566005,1.0,0.9984067601886408,1.0,0.049833752555132046,0.08778812097112366,0.5177193972406864,0.4539348154841386,0.477394252973835,0.5433569888762965,0.4585538390980659,0.357972626671669,0.4546791713957421,0.0,0.1735516728927121,0.18176626169830323,0.16437598404591458,0.15664715709299581,0.29221483831449413,0.344713189153166,0.19023435937863428,Backend Developer
0.523202991727639,0.845328033367217,0.3212743240225346,0.21195767525686654,0.3632272770278871,0.8473205020604976,0.4853490230183013,0.6791676126556793,0.3319349564517548,0.3609866528923911,0.5051027293221565,0.9629077098427744,0.9731883767820221,0.9639538019464418,0.06540986700943437,0.10285699921747221,0.5164695222394807,0.536316258616465,0.5074442761781255,0.47617868805604374,0.4455242272577369,0.35447355591746804,0.4666950428687724,0.04416788813104161,0.19662599962335642,0.22150271942844021,0.15580521652857965,0.17850813990897324,0.2673848963432777,0.324468446775331,0.1826621807026239,Backend Developer
0.5412717201306176,0.8381851585638558,0.38380648743436657,0.30502909137269973,0.34980672422494496,0.8713703887193509,0.42509547109903134,0.7682993008346319,0.38518517186357254,0.38606067202308525,0.5181969891226413,0.9248950539910473,0.9237845732842813,0.9314143223813061,0.09057027685706909,0.11746036527680248,0.5140446354730231,0.5438467651503706,0.5144830161163714,0.44356747260840673,0.4256210317645831,0.3449125873527478,0.49905983474886034,0.023776843009385134,0.13468086504374227,0.3127789012211174,0.20229587631834978,0.15835841842119033,0.23987440202158777,0.41474672184834505,0.1864509855933622,Backend Developer
0.5092059556733953,0.824616412796015,0.3051521944736168,0.23931429555981204,0.28738663036862216,0.8331612760394684,0.43217835364099827,0.76333040733486,0.31365536448127607,0.37552905384137925,0.4420190591717815,0.9408276901526644,0.9632229055681386,0.9989707297644259,0.035240744775568385,0.15992337446822824,0.4877001205468416,0.48235785610005677,0.5278097186901066,0.5112005041709501,0.41794336703323914,0.3883803434621422,0.4600306134375742,0.0,0.19450825144137876,0.2216755409165423,0.23747013054121704,0.2068505119810765,0.25665266037500495,0.3888354355635263,0.12823763127924676,Backend Developer
0.5470510762262005,0.8954429158911139,0.32654314043020327,0.24141122443603336,0.2802611418330987,0.8816297782064708,0.4519105815470599,0.713269105068265,0.39713579206307104,0.402725302227974,0.534640842599384,1.0,0.923719044557207,0.998496816342043,0.06580785186736905,0.061506769302196646,0.4482546363655704,0.41134007383890625,0.4791747512747767,0.48613855882724666,0.40042665652320913,0.3862770951885903,0.454814117984957,0.07660722555114413,0.14516463043250943,0.30521286079890253,0.19879937071808393,0.14892401624499826,0.22101740969835262,0.4105517702052417,0.177833335198226,Backend Developer
0.4853232726834633,0.8690630627289844,0.24425284765278638,0.2053358272555202,0.23708845323303845,0.7719073094559793,0.5097205888032003,0.6547325330903677,0.29288773883662506,0.4180957793316148,0.5092108925302028,0.9860091665767458,1.0,1.0,0.12391298822624414,0.09796799526267543,0.5032567142581276,0.4537148249040898,0.5121065964549014,0.5384099335081883,0.42375567470063513,0.4013633621851608,0.5210047221606885,0.0024428208087084666,0.1562641810110282,0.26286562006621544,0.12845358969469306,0.19362368701580793,0.20499803761810748,0.3876661356376202,0.2359113930896205,Backend Developer
0.48781326740735065,0.8103142506054998,0.331403654767939,0.24798960867520917,0.2935289529783595,0.8122624524357724,0.4493467886940526,0.734924544068991,0.30511390339565897,0.4331686017355307,0.5647184457181955,0.952096114488825,0.9368298809027001,0.9839164629300859,0.026141180915067008,0.04895129267595396,0.46891926017408486,0.467255904159704,0.4585431012137581,0.5224302769654068,0.40997943220349325,0.33383427617837297,0.4818246808033952,0.0,0.1904868447714876,0.1783510879664553,0.11340456764351776,0.11060909198658443,0.2332672232023416,0.3385148057508051,0.15547767133872414,Backend Developer
0.49311190584008224,0.8304396816891915,0.39593098282507516,0.3053554167426824,0.306548097234461,0.8152558517307719,0.47674025295437733,0.6990920845711156,0.3557743315290173,0.36240531119914077,0.4578690679751932,0.935300408830337,1.0,1.0,0.06288460488479275,0.08264773651648727,0.4517957404512963,0.48525598236975354,0.46237839748414566,0.5433398884165453,0.43834845423590346,0.4107313554081612,0.48221038405623406,0.03226711488622379,0.20724505110751357,0.23730442942646357,0.2188741955280599,0.15725902340798398,0.24475572361502,0.41374095994437926,0.1756202672782837,Backend Developer
0.4940416436558542,0.8812167664090901,0.2874007490549682,0.24975231141523072,0.22896302796709989,0.8209762479053334,0.45364273713327224,0.7426391390230603,0.38096718074172903,0.38159142963691806,0.4830206273386335,0.9985185127760347,0.9655801490241814,0.9995514804727084,0.0766625117053422,0.10915760860658191,0.5417820176765564,0.41087534976279183,0.42359514005741505,0.4608126298460935,0.4362043200490598,0.3711249656367735,0.39179101727459814,0.10288179233888115,0.09044123729016629,0.24621694720169907,0.2225349216705953,0.1462085210260311,0.2755983876264613,0.3096729008246073,0.15684405607730711,Backend Developer
0.4284781271003404,0.9112291636517399,0.3386350234496248,0.1948115038182872,0.29225017258111385,0.8681860897538117,0.42414358141624725,0.72289152232414,0.32940704414557087,0.36919132341074706,0.46497751598266945,0.9741416716191876,0.976304781580505,0.9857414634478783,0.057836933961182946,0.1304468405229466,0.5518750526597038,0.41365997556752093,0.4512563856243774,0.557522289860416,0.4442609983844366,0.3958788282023394,0.4920591367225504,0.014533556558301679,0.1683580883744093,0.22884404356542343,0.23422941007904763,0.15920886972985268,0.24548174139083556,0.3794134981301003,0.13688831984291325,Backend Developer
0.5128711980439915,0.8499720803484889,0.3350266030617435,0.24562711836359216,0.2456657309372241,0.7745818827745639,0.4543019695188684,0.7720295284439455,0.37494788270231894,0.33683273295315697,0.4828340202533358,0.9744664572456045,0.9375070735359989,1.0,0.07115635123325066,0.1809176830522634,0.5116391866304957,0.4439529774040845,0.44008246821370955,0.4894363738701168,0.4561130649776671,0.4106947232718828,0.5995462935407316,0.0,0.17344939501188783,0.21762873854297168,0.21401999087165594,0.23032628676533867,0.2844844551613494,0.30169581969734155,0.17738630164012187,Backend Developer
0.43116596827046927,0.769103225512759,0.3286379775520125,0.2830272089684985,0.28102787412071917,0.8791315293745067,0.465573079318498,0.7270256519684356,0.39620771361125007,0.38503469274035856,0.515549932143619,1.0,0.9611292776904042,1.0,0.16240107714577717,0.14546598825502183,0.49142841853166075,0.5685460376221824,0.5025707867650122,0.5244699821190004,0.42861113765047665,0.40980822590987587,0.48697138525319417,0.025785778238433844,0.16467564545930544,0.2839506774375637,0.23451758844968895,0.169024231455903,0.1892406166577834,0.35144264241529294,0.12128494561683482,Backend Developer
0.49675682720727976,0.8593059032629332,0.29618736039875837,0.1941880737795536,0.2787789280026714,0.8039731812369926,0.4607436368457934,0.7517306635437565,0.3236184851094756,0.41329893724328437,0.5534968816629089,0.9898117623651295,1.0,1.0,0.04090483032564832,0.1339873609971352,0.5204975788341528,0.5171020197839336,0.4915338515475281,0.49438684123543974,0.4933405976536959,0.36252515182723377,0.3958752402460879,0.06022318683417405,0.18399727978977767,0.29634876750932876,0.16473304566567265,0.1651139337035283,0.235598329046702,0.38735048300999675,0.17603400720049087,Backend Developer
0.5242920150286856,0.8731497881595507,0.2925611535130505,0.2893472854754688,0.298664840939608,0.8945442869847495,0.48003139897580976,0.756598347445927,0.3691040451064917,0.3721318093080488,0.549976057192434,0.9977701528750454,0.9922816458973319,0.994607458972224,0.07236225566668174,0.08054363645331794,0.533609544527508,0.4711356606057251,0.4677316243189279,0.5270929981938599,0.4355315475141547,0.36033456215158705,0.45195837651696535,0.02893606667259475,0.14013472643852307,0.2122555299179859,0.167820930477136,0.18519938929910945,0.2977416988401975,0.36391042592907563,0.18547286849709532,Backend Developer
0.5129119232352871,0.8699890080278553,0.404719826753946,0.2917481995042804,0.30458106925635375,0.7923318147866731,0.4609892889339006,0.7475265782879956,0.3257439295101225,0.30547283755835075,0.5158586788651538,1.0,1.0,0.9761637023674782,0.06177215418228904,0.01886907837684837,0.5116709605055039,0.430396607716988,0.44701433511730104,0.4608726690539828,0.38126090262245893,0.3423355030096621,0.5078127454443639,0.004608410841610552,0.1256829909522055,0.27516056285577956,0.2051588843124759,0.08045337839983491,0.2898249736902309,0.35288293568545814,0.18081495716296253,Backend Developer
0.5066911064655624,0.9284876251952413,0.32332445426162687,0.15316644121947176,0.23152518935100594,0.8229855651720441,0.4675634610337546,0.7263994304062077,0.31054455714813645,0.4007367674474617,0.49942497547521414,0.9990140372262535,1.0,1.0,0.0649081729648608,0.05989740600009777,0.5793998108224978,0.554264056106054,0.5447683929036824,0.535463235469767,0.3654967679815294,0.31060660088266917,0.4605630844348763,0.022809937764769035,0.16616691676966777,0.25275007330703503,0.14430213893987248,0.239296773883254,0.3102095475762565,0.2975458443232045,0.0755382588735341,Backend Developer
0.5121101865593954,0.9147836198410337,0.3373127773948394,0.2689982122617693,0.24951153758254674,0.8087511617524541,0.4989790852879401,0.7477843682054894,0.3730203491102673,0.33347062083042045,0.5855312926583502,0.9339498462763992,1.0,0.9939820901499405,0.07072374039637028,0.13479302725584053,0.49668756796013264,0.45769169488251654,0.4291357921461791,0.5523863540166042,0.44314341684268166,0.4079887236542128,0.5149793541053606,0.10465651042455387,0.2426778330082347,0.25792166495149516,0.20631850791011844,0.1537143252015272,0.2797663111557856,0.37828451835848037,0.12082434662519304,Backend Developer
0.5444913180666917,0.9046341797477605,0.2937341350820163,0.26619655883680443,0.26447084222590267,0.8026845397354364,0.42309387082402117,0.6582377696348306,0.31978334799003766,0.364181667451224,0.5141289227018742,1.0,1.0,0.9441307730708749,0.030217665021137846,0.07533309259687086,0.5259257205026376,0.46159569818687884,0.4874255639825915,0.5465188126695003,0.39252824769494676,0.34404918003398094,0.4879143994436886,0.021718774547633678,0.19973454246027655,0.24530306639112248,0.2696208491934957,0.11148500924554473,0.28360867439856324,0.35797304784420636,0.0938799573188984,Backend Developer
0.45087824614380595,0.6649675048670994,0.6191291629763671,0.3049275867641203,0.4328300803504849,0.7012084022415016,0.3547758047048214,0.6566148693313979,0.4057877685277234,0.5884594260283668,0.5008147621978516,0.7212471276964265,0.08722561637818407,0.7594374528078259,1.0,1.0,0.23840442137035628,0.07866188610937852,0.09631507657902588,0.12640752959431778,0.04166689736824351,0.13097997277129675,0.07750650495180061,0.06288385336963728,0.009524547954471706,0.007200921815044323,0.30125968149760274,0.2749657389768557,0.13021450463473888,0.596292593018764,0.19053357144876043,Frontend Developer
0.384455958850637,0.7388306702165799,0.6309664902514518,0.21857752946478004,0.5315387180979508,0.5921704051364228,0.45161866564554465,0.555575149974177,0.45592123860139444,0.511532335398966,0.4715685800559414,0.6687256906630417,0.14717183589825877,0.8225578456824878,1.0,1.0,0.3178367113174311,0.08795197621457668,0.1105792119103306,0.11375186319519806,0.06356083965305301,0.12068034506539166,0.09789610445594196,0.12074937743505935,0.0,0.0,0.3300638087403276,0.3067125483635913,0.07108853921357572,0.5808225557334579,0.13847417707707302,Frontend Developer
0.3928871753489859,0.7210288325235424,0.6636697061752432,0.32772142616387756,0.4353351091949856,0.6201322564171642,0.470163943274467,0.5857965942286482,0.4195235599867018,0.5534595926962376,0.526057993440529,0.5769935911791417,0.09988131767498813,0.687346255016677,0.990956645468917,1.0,0.3139650174366694,0.0,0.006647206527549826,0.07362427799927235,0.02078622081115524,0.04350604396388859,0.11769523513847975,0.14713787541501286,0.0017764079661110044,0.08475533440354344,0.30382664860800623,0.2943055269544657,0.06076562686917789,0.5138393246248902,0.20429394135223838,Frontend Developer
0.3713138324512034,0.7180038861225346,0.7037499037617612,0.30474799858119833,0.43791458415990014,0.6993464495831678,0.4244795712153614,0.5370677100496358,0.4294272863717034,0.5404929542290318,0.4670944712903527,0.6922238276345399,0.1580674408443165,0.767269079395135,0.9527025688092283,0.9967976376047796,0.23655424843646,0.0,0.050244642680337744,0.144242818943854,0.08152069430242553,0.04572235887834545,0.10130287956918303,0.16939838307075367,0.044648859654543724,0.03535233445405461,0.36806018854238665,0.3412974978133397,0.110135846139569,0.6155804862691857,0.1437486138431668,Frontend Developer
0.2873103887736399,0.6582524357357822,0.6482627872057828,0.3113328144062646,0.4855745132260436,0.5691737800203162,0.3651555368050379,0.5996921786232122,0.34256293371693186,0.5391698603377721,0.5009825173238428,0.5126167958530661,0.14811444856385156,0.581161667878137,1.0,0.9867945585885058,0.2737446810414488,0.15774308809706306,0.0,0.05819608184671096,0.10617989112378405,0.0,0.06980721763394478,0.07574875004602688,0.0,0.07107397422829213,0.32780585120393585,0.2806109897492756,0.18276355780097475,0.5358067736857202,0.2096629449529328,Frontend Developer
0.383093660545082,0.7359608706040921,0.6198365268347931,0.25891322427856905,0.419819541863198,0.6260488574548762,0.4510358215584325,0.5698914705506486,0.4086030808526412,0.6190224874444039,0.49903111807175665,0.6673414189695479,0.14261298662282923,0.7450037376752368,0.9312817124308395,0.9946379061475359,0.24323953186770317,0.025670462670492406,0.08739093775642592,0.12104979790523335,0.04692099805515942,0.05331864274527344,0.03301941021954986,0.13397363616236196,0.05670167145041326,0.08963731396419786,0.3433526353976659,0.28271748114834894,0.07207158095031004,0.5599744897933074,0.1796649816004504,Frontend Developer
0.34303893810920266,0.762294766190043,0.7053944466646569,0.30949728558933354,0.4883351999071509,0.6510008606135879,0.4039351653732535,0.5856804193030611,0.3690297557974893,0.514799884239664,0.5190761370233954,0.5581886866124975,0.23276350141351765,0.6574175674362185,0.9788414405140643,1.0,0.27955329955906183,0.0240951866395227,0.026567467790299833,0.09281873007117716,0.09217804298715707,0.06726503944233869,0.01666430488231542,0.17338872897984747,0.0,0.020506877959208605,0.3522366231809067,0.3404579878574373,0.11414227126628544,0.515042177156147,0.1788759247411133,Frontend Developer
0.31531745619998797,0.7964898018278372,0.6514867177656278,0.34635976750518144,0.4322889771047026,0.700826686984292,0.4037008563722504,0.5348470921277393,0.41219539629537494,0.5852025754323426,0.5851477917221054,0.7532082779639562,0.1728033955853593,0.7862283544248208,0.97174638488936,0.9648861448792098,0.2745293996118937,0.0,0.10461831577995992,0.0590165322741806,0.0040760586370601135,0.03376672890717062,0.0,0.12577162372409845,0.0,0.07005877096813036,0.3425507912700456,0.25858125828851364,0.0713018771023249,0.5345799924681922,0.13171121041290712,Frontend Developer
0.3531857008630386,0.6997952240968428,0.5846793597843326,0.28862029376195425,0.45341106413386445,0.6299870369921908,0.31711241648379274,0.5945452731249659,0.44953798430327474,0.5270943425705326,0.43060370093394534,0.5080608557221442,0.09324473819206716,0.7116305770572404,0.9562540786655795,0.9856786182897294,0.3476850179708868,0.05643922241509288,0.05782389714804394,0.0959521211351355,0.08910746614493245,0.06616204564581225,0.1241417204796741,0.1785065639163656,0.037548674161013214,0.04851096397943544,0.31210038746655494,0.25789834962350694,0.10534979734618695,0.5089829343598379,0.146517049357905,Frontend Developer
0.40145947812514815,0.7186221750573941,0.6349083916103564,0.3310557283660303,0.5073462645661188,0.6131754289249702,0.3663919249539438,0.5942882358865927,0.42145020588264326,0.5803878449775848,0.4521112107708967,0.6286267079690573,0.1355975757960897,0.8214342126508117,0.9857128986380745,1.0,0.2801599463872262,0.09924088202762235,0.08512874426540734,0.056403886844125346,0.01452271965740197,0.0,0.06725045484560141,0.10392431099764946,0.07900375693380945,0.07380330770493355,0.25363708929693946,0.26207317672442326,0.01558254054475626,0.5784015804494359,0.28662993371594914,Frontend Developer
0.3752327309302042,0.7051474147758977,0.6393073007088595,0.3285340643660379,0.4408506242458784,0.6533142165502622,0.3929033099066756,0.5399609822613586,0.3483008080963605,0.5486989540035973,0.4557670653600544,0.5967378192093162,0.10776237568824765,0.5848757411235113,0.954582978376987,1.0,0.3066497527182991,0.06415709422907223,0.017106414634102278,0.07715081840258972,0.022466388430055793,0.07266540548060364,0.05465180540457085,0.08210387376747857,0.0,0.02908239894022817,0.305895009184019,0.33418842016628053,0.1074638696690777,0.5532024438653426,0.15841864237193784,Frontend Developer
0.43807577749661153,0.7300890551962569,0.6791484444469603,0.3441956143437236,0.4451023754287298,0.6765114375178898,0.3650874683000431,0.6312376519738784,0.4296855569352253,0.5694360002474818,0.4697205470324764,0.7258747291889589,0.17080188779729483,0.7854600070405898,0.9730408934263972,0.9586556457222621,0.30247513512857876,0.04607371368744412,0.13489933642748356,0.03863639320196261,0.015175234497935189,0.050481023391677704,0.07660045449730588,0.12478980757445568,0.028379863770266224,0.0640956944831363,0.3102929013980475,0.3225301794362614,0.07774980143427108,0.5489470306890454,0.20257731927059427,Frontend Developer
0.4328935950549808,0.6717300614238925,0.6496473022061102,0.29916292021680996,0.4692906315636931,0.5629490050721725,0.4099710530603988,0.5462316411831287,0.3863058410458697,0.44844472413407355,0.5809779051026416,0.43886854291332184,0.1440482668000753,0.6118796125403916,0.9502114745449285,1.0,0.30820543591020383,0.006980971529465675,0.005677817708163911,0.04820400437959709,0.05858828179015046,0.008112200324652367,0.10154848779213574,0.053848660999235395,0.04667203309268004,0.11178698720464952,0.30830839013945677,0.20894102328075004,0.11600274725360951,0.556813943482536,0.17333430327195273,Frontend Developer
0.4334417942715757,0.6991629836381067,0.6605372964599732,0.2878179617760681,0.4358753695506266,0.6735276002976421,0.42925309728182737,0.5806183797072553,0.44004447878944725,0.6152078720070421,0.45376694438234666,0.6689739613903406,0.18332301580164245,0.8933361799839628,0.9895217747496551,1.0,0.2946029698579867,0.05937140584408624,0.059903539310822256,0.15459429550342696,0.0,0.023789948415580405,0.07554957117908523,0.08015077758047887,0.03645880345734075,0.0934628761972209,0.36956071953317415,0.2916534188599873,0.15958013454468925,0.5723411985949518,0.16285863973129006,Frontend Developer
0.308275325807554,0.6569684203561723,0.6401886384366917,0.31532598196756395,0.4562776761168227,0.7020597487975901,0.4538451132567817,0.6013786436274511,0.47311912996622285,0.535742139167034,0.4796436078114001,0.5875346074605273,0.14443332587703617,0.6618625151502402,0.9975776259749813,0.9931212131396244,0.27651568989877834,0.04988827709351927,0.038101802805415017,0.12221646103397116,0.07986166611949101,0.027412595314211866,0.08610482714930509,0.049145125957338755,0.04515029253664815,0.07215006914835131,0.3022063335685472,0.2828511361430457,0.09066116326026787,0.5463605997969733,0.17502023606879843,Frontend Developer
0.3481480274977327,0.7426813504949265,0.5558983118058795,0.30891695728439805,0.3710695269848848,0.5860460147602882,0.4007276394320442,0.6227834953246252,0.44614724397439987,0.5529076968670351,0.5025545067550603,0.7301358922782528,0.17025418262096925,0.7906444717864864,1.0,0.961742056430593,0.26497691853964744,0.07376814925944178,0.023692011312876123,0.0858003839815928,0.0,0.0680328395049232,0.014697591570503259,0.0671547215804758,0.07920944707087291,0.022506542243149064,0.3356550177080319,0.3245246893711695,0.1366919398643725,0.5567003494040234,0.15791217069019994,Frontend Developer
0.33346734422114077,0.626639704088747,0.6708891240566236,0.3413877599413276,0.46617900074658725,0.5150748206868158,0.4167114518367817,0.594381459047608,0.4514621248367932,0.5619565843411422,0.5077557006440778,0.5114826618617416,0.14014222367275853,0.6541630400809977,0.9708253859745621,0.9537029881436095,0.2427269185463791,0.06299682505481027,0.0,0.08823568916304203,0.1023123731743222,0.0,0.06797031024315492,0.12188717923814542,0.013348328534555124,0.07488540746126243,0.29803405496197144,0.31236662795711573,0.05727666241570453,0.6422286543778539,0.2324900234587555,Frontend Developer
0.2808113354066337,0.7439969967987009,0.616919197880824,0.37160039279290175,0.48745478011068566,0.5851133093713473,0.44680341241758537,0.5411662805785495,0.4215215345569967,0.5518414324045067,0.47082039556954375,0.6351571124173301,0.13420290732581813,0.8321992598935194,0.9936861377515473,0.9690350012419392,0.26122699193224164,0.006150836029860107,0.07944411493190665,0.013626756601765974,0.08806899380008251,0.04696249451316867,0.07086565646921097,0.12479024496265438,0.029691674718570062,0.03439883253368606,0.3498008753742205,0.21194278480159442,0.15207171066581682,0.521733651170002,0.1619756845530426,Frontend Developer
0.4272525045160548,0.7862785857164934,0.6472788436751543,0.2601157826336699,0.48125697688114727,0.6270388289500198,0.3813185333489806,0.5779668085476174,0.34761041992044217,0.5578018832220888,0.46319025956703413,0.45991686608606797,0.05853104209464702,0.6393324630641896,1.0,1.0,0.3376582099217528,0.0,0.0410187344892777,0.07559058771553473,0.045747163047487265,0.10641847305431937,0.056446079607492435,0.13471067842131532,0.11345879811900564,0.0,0.28655790530704245,0.3034046018266853,0.11066205775964638,0.6086130277952007,0.15964787120554116,Frontend Developer
0.3782397721466651,0.6668511325035587,0.6825545385631154,0.3159837093649913,0.5032508104126372,0.685042842493821,0.37253527031577294,0.6317983054011471,0.43724346081307375,0.5437377197300179,0.5336491002692777,0.6683208806619532,0.17944182390639693,0.817603751390746,1.0,0.9747658284599986,0.2918238757155355,0.08543777294401407,0.06231002224824932,0.12245594985566993,0.019610149157656066,0.062181495940638314,0.019816257238663964,0.09926552731617411,0.005282673708757343,0.04181494078607378,0.23549048877038586,0.2816141991401826,0.09569880768767657,0.5060511456074948,0.18865063781890556,Frontend Developer
0.4030409169184696,0.7097109628379734,0.6714273699829092,0.2932207492670464,0.43858869949111634,0.631567020049888,0.4296396144464514,0.4752131256876269,0.36316457478326686,0.590093768811191,0.4687066640060182,0.5287596101894011,0.1229148430717657,0.6100223095842067,1.0,0.9987476096225333,0.24629711913206842,0.07593825983835081,0.03813103948025934,0.10235103803685817,0.10635421232671491,0.02835226069797513,0.09571139971943954,0.08631211463114967,0.027730142732202454,0.062125178122767265,0.2917709976547691,0.2398861048303487,0.11812691393385377,0.6115261479699116,0.20007225601675346,Frontend Developer
0.3939170832009701,0.67879644378962,0.6675344243679039,0.32862570711216604,0.48161584208941166,0.6325471970488321,0.44767070319916263,0.5498707820018646,0.42781465941506097,0.49961440882783803,0.4866134571634867,0.6607425742965933,0.2652348561417966,0.8397217040703028,0.9566476195469177,0.9452907956285507,0.2107275314387504,0.004410997233566097,0.016049445025179666,0.06098586846930246,0.03131448464538042,0.08338006246341273,0.04203476089925909,0.12851605452340586,0.0,0.034698127394519454,0.26803593668121345,0.2982644112438222,0.09275382835739454,0.6375897869038137,0.14818293646520295,Frontend Developer
0.3284158773309254,0.7089695905253393,0.6329515036359904,0.33440046737750173,0.4446331159861252,0.6229723732446236,0.3970812243293421,0.558416414442331,0.3388132389512246,0.5979067499950979,0.5507871296404051,0.5761366051021914,0.10668630980232532,0.638505824713053,1.0,0.9619346271874059,0.32602187060092597,0.0,0.03192253226940296,0.057416293182297476,0.09987647712972705,0.09293898540875721,0.0725749337452082,0.17662505220698582,0.0254004793527403,0.07525031679628871,0.24165203678090386,0.2677502770711063,0.10440176235629295,0.5299981668365642,0.18522089747182,Frontend Developer
0.29125043717982096,0.717105266032894,0.622614899119416,0.2828060365287798,0.4768346092202373,0.6871535267491494,0.4594724972677876,0.5367425166893852,0.42672618519889266,0.5397619282965334,0.5451772927125242,0.6974810218768993,0.0660169177825806,0.8039540900879287,0.9669887900153956,0.96891115801813,0.2675582461814778,0.060968512728706244,0.08632193842024742,0.07898303842883554,0.09850703251684279,0.0,0.016484145646714764,0.1819305084691234,0.0,0.10005108099845708,0.30451637142027477,0.277721189018338,0.13741046259901726,0.598473297768129,0.2283500526174824,Frontend Developer
0.36011778682419426,0.7028196382873644,0.6299922646130415,0.26982453614104496,0.4539251498164219,0.6220045152932898,0.3489446120113334,0.6135757417435137,0.4059241287770764,0.5219908465382416,0.5132970116393026,0.5176719598112847,0.1330597807137876,0.7191245743728759,1.0,0.9805173715536363,0.23931764044121065,0.021426460741125114,0.08248156095191296,0.0977371944530731,0.07239011502408067,0.03881391571169971,0.012664475374722373,0.12395993604500649,0.0,0.03368272749821865,0.256598947362007,0.2431475409186028,0.13582890928694488,0.6085812187605228,0.21865902995247113,Frontend Developer
0.41379703287862485,0.6829387292705339,0.6666157188022331,0.356415500243147,0.41219643940305867,0.6363508918512941,0.4186964197840116,0.49434599882978947,0.413025892951598,0.5214171416463037,0.5420489752099584,0.6581422687694829,0.1381644579869292,0.8181235548273859,0.931080640414049,0.9871863344737216,0.29484669202516745,0.09094029767221486,0.050741495602079106,0.13624356968714024,0.07149466115466019,0.07283250859864544,0.07462114647961393,0.08901708811234184,0.0,0.1127901873091122,0.33628868038970106,0.2778164804950559,0.12468638692601683,0.5825622170579251,0.14083462812870354,Frontend Developer
0.3564870447857884,0.750157622608676,0.6397880508231896,0.32930925053243776,0.4974847195667557,0.6282673534791845,0.386546120526613,0.5737324231321291,0.37766615966837813,0.49433695072810946,0.5321218833469827,0.528383507616388,0.005589484710289208,0.6737772228504683,1.0,1.0,0.28038893892253064,0.09270442880408311,0.07586244398512094,0.07642311108888972,0.06393172690718152,0.04342324743077928,0.02249019745566571,0.07933729669245056,0.0,0.04961246967226487,0.3053664925562691,0.2585637391468664,0.09167256638771462,0.49162804682403277,0.13466193106283023,Frontend Developer
0.35830224287932,0.7639670642655755,0.6653294635516781,0.27520760873399985,0.5116930883980954,0.6285357266152319,0.37841473326852976,0.5660434183011332,0.43940351632331204,0.504651233431043,0.45855452322496026,0.7608891073898661,0.1368570942396613,0.7947699982418385,0.995751472656875,1.0,0.2728174182618442,0.10399320079650443,0.053957209251084395,0.12654833974137109,0.05333262336444585,0.048506091240365576,0.0857182374869576,0.13655684537217183,0.0,0.04922885763085323,0.38754392561970297,0.2627090850456401,0.11816272824294913,0.6165571007744457,0.13067428310106857,Frontend Developer
0.35506890699051313,0.6342245829344348,0.6441783674189763,0.3296933201147342,0.47283813247600254,0.6915510232935222,0.4263403750386766,0.5230951535194248,0.3647624793890132,0.5195089053454487,0.508307644956053,0.6326353430838325,0.12211831990574351,0.7185985778094041,0.9954379047540793,0.9535376472680666,0.24790021343398938,0.020836642104451294,0.04511009153806574,0.11622197519281122,0.023658286042675683,0.08162459510037055,0.0918885752084809,0.08946590931214382,0.0617256356000851,0.0,0.21122602761948617,0.31386711044047017,0.08312337038777806,0.6548129383822432,0.17128582731563577,Frontend Developer
0.32998876469845534,0.7645676293216956,0.6662314264461348,0.3762510119721939,0.4236388223036172,0.6431780918582064,0.3887764206973992,0.49936482354833606,0.4296974755720534,0.5317263633107119,0.4601680191440166,0.6331109694955606,0.13230923193643782,0.8162019878391849,0.980661369443293,0.9730322312398094,0.31119878486457075,0.0,0.07523883800116576,0.11860856325379895,0.0007846715155110651,0.0,0.07354236236316636,0.05304727842760824,0.08793562519985618,0.13472269450235763,0.32262583517015936,0.2764990006098973,0.09123898528606654,0.4984290566779227,0.1635710541649891,Frontend Developer
0.35165286981180377,0.671653040270618,0.6556716964389494,0.31955237661577834,0.478547537651281,0.6108574087753369,0.44790484931523783,0.5695180821349621,0.423856005701081,0.5468913781195279,0.5711215109058114,0.44096994918881666,0.15002469726943218,0.697894791149621,0.9493296401320559,1.0,0.2814493761012416,0.04501234435071927,0.06485192018272574,0.13550015981590657,0.05528866770562597,0.05402718963043945,0.08351353133937973,0.13875382656667498,0.038463031819722424,0.0,0.26481374377867817,0.3239422655359161,0.08887759183468164,0.5427219803576324,0.1925985876695422,Frontend Developer
0.38263836191378287,0.6883745867896237,0.6697420637230246,0.26357941479473274,0.37780272462832043,0.6887033100340334,0.37888775976471106,0.5101781289381725,0.3869533836766969,0.5488159407556229,0.48086499513000586,0.6794987835671071,0.06814500757459255,0.8421872003161543,0.9388150327236938,1.0,0.2899122352487892,0.07595595195861742,0.05909383214101381,0.056467934712831125,0.033550767605607705,0.02184088029959166,0.0,0.11742295931501714,0.0,0.05594910827857629,0.30111120890445586,0.2351209390618166,0.051892344679062605,0.553263935789559,0.12245986426920971,Frontend Developer
0.4095510371408604,0.750897875057962,0.6713211717015489,0.3282628180307948,0.44955112172354583,0.5866853117098301,0.45690244137239494,0.6240335833407715,0.38642284445331787,0.5485467624148077,0.46768627592040946,0.5253868778660493,0.07469805590297232,0.6520660798806185,1.0,1.0,0.29058309867045756,0.0,0.051920339539320196,0.12452610014494807,0.04964930865441793,0.09541644341831022,0.04601243617486559,0.11588641762586804,0.0,0.07344890699423048,0.33702644038889784,0.2520121718710672,0.04282161198699726,0.5486337302235814,0.1350735879704056,Frontend Developer
0.39395573374286835,0.6775446306122886,0.6687363390570794,0.2517479257985224,0.41396868528707204,0.5980469372745226,0.43482531871534935,0.48614531878731926,0.3890123677033068,0.535422359875779,0.5144625147422475,0.6906526668048468,0.08681976605928801,0.7232863853233036,0.9691735017886208,0.949328504809045,0.2322175198089728,0.020607335222143194,0.08270582904313564,0.04923203549048815,0.0,0.02682038824983453,0.038863720468489085,0.08619044697071378,0.0,0.04021277674125447,0.3141758495414613,0.24567480075531248,0.14008643811167995,0.5593443575507006,0.21417662985014452,Frontend Developer
0.3805414373302608,0.6466896781714526,0.561801640217516,0.3568995436812744,0.4106024558367093,0.6247138318146976,0.399690826048785,0.622896296585837,0.39701301159583824,0.49478873094483794,0.489447388680174,0.5836229818680998,0.09019791521964086,0.6011685833643838,1.0,0.9608423976025257,0.21255627056861626,0.012190427788707985,0.058888764535938075,0.11547367278133874,0.06375728434945255,0.006859845763407986,0.08387414773596737,0.12734479004202134,0.042304625982382243,0.005814159327133556,0.2795123446570625,0.2918185442008595,0.12184506965490298,0.5248411519784539,0.24370119012554115,Frontend Developer
0.36321717939675746,0.7337875776454139,0.5890726101690196,0.32131581628687095,0.39524974927695056,0.6334446344012263,0.44109709123342355,0.588716323594315,0.3692908914474721,0.47603839258063585,0.5116999709487114,0.6714932600685212,0.10783605228392334,0.7755514139504426,0.9966511025923671,0.9986143124299511,0.3215562289037567,0.0,0.0,0.1171969538679919,0.0,0.01988647804049992,0.1437834728021747,0.08769089869614351,0.051776435897763,0.0,0.33235927912978724,0.26426468330773856,0.11037323885387539,0.5877388883171465,0.15322120506960307,Frontend Developer
0.38826953307207457,0.6510721655014459,0.6409541481065335,0.3339011301327041,0.4243224164485201,0.5888900279604931,0.40435179510249863,0.611607426652973,0.43627355073479807,0.5792321931975268,0.5603132537521504,0.5388882633345619,0.13203575007834586,0.5839177458010345,0.9635992536379554,1.0,0.3152844190968678,0.0,0.04627642885058446,0.18637657485237247,0.04649133974166383,0.10779342049706847,0.06389153467085629,0.12245474536417307,0.0,0.0,0.3344518758250863,0.29283973861255763,0.1024227322818683,0.5135824324406473,0.16072948242605992,Frontend Developer
0.3453331635439185,0.6763499775881919,0.6491390810036748,0.34254916922035333,0.4585430334251644,0.6363784486353505,0.4283407461441006,0.5622090747952564,0.3667733602909379,0.5518738428958019,0.5298910433548883,0.6840244880791423,0.08818546427533402,0.7658105863969707,0.9618487048031646,0.9542506584201418,0.3962040295491149,0.014890846046327545,0.048462777569536424,0.09652920762665951,0.10653259333613938,0.06717496301625023,0.0669797804218795,0.1069754266212974,0.036003730119990876,0.06289020624685573,0.28045925002262123,0.24386117495208193,0.10234568212700161,0.5451897476698774,0.18237466655236428,Frontend Developer
0.3268293809157664,0.638149679687241,0.5888270572047222,0.31134486994733584,0.38247725266969834,0.7065863900940561,0.5018892887918132,0.6046197306956828,0.38522363510635727,0.5306559411223924,0.5118614332783507,0.5625011842916348,0.13685031349429888,0.6112174278718646,0.9924036517171461,1.0,0.18609401995579833,0.005787555419545197,0.07103478054225856,0.08751441127572969,0.03755506224080386,0.09433766480330147,0.04784756523978684,0.08106182973756687,0.012657057731209705,0.03897417652295821,0.27217395040739834,0.2716543294402841,0.054403911451652555,0.5533337427749765,0.1543564279708654,Frontend Developer
0.37925414546199415,0.7576809697913994,0.6503826860233984,0.3184259271288571,0.4564534321142278,0.5940873901650955,0.45187825335039244,0.5854560656814648,0.3982004966590325,0.5641991281477501,0.5131058415581193,0.701814833549283,0.16477064543135972,0.7833113902082023,1.0,0.9358936691726495,0.3070311396962372,0.05671041273884709,0.011483583942721282,0.14116412209732185,0.0,0.11500890981151926,0.1402725761010082,0.09347199369652123,0.0,0.026890514630631846,0.3445601364003838,0.2676605615972205,0.0,0.5820037614123525,0.2107535524385361,Frontend Developer
0.3905724767300631,0.7240328910212316,0.7041809178488722,0.3058415779990999,0.5158330236058628,0.6224251183917864,0.4688660625215505,0.5635035855936255,0.4815322330303873,0.575916703533343,0.49615311368102805,0.4906530550193043,0.13324852907288465,0.6308652746398311,1.0,1.0,0.3221699918024172,0.07150826602049667,0.05320231850044291,0.15298279272772158,0.10761870957605107,0.007891713091886424,0.1204831123053588,0.1491618463589613,0.0,0.0,0.35373445195176195,0.28880538106065307,0.0817862385902059,0.5792237245318402,0.2224511308492757,Frontend Developer
0.2887369070275553,0.702147326290144,0.6422961590807724,0.3741582423749028,0.4802413110849406,0.6613691259081304,0.40604572242012205,0.5959831372202035,0.38059422938287435,0.5456503854790425,0.5229555011827665,0.6920516560537632,0.1376494900408481,0.8661581391159847,0.985401356728074,0.9584960121776841,0.24428507303887056,0.005020941201862993,0.11429730203781192,0.12616963019132832,0.09282134294231546,0.08565132141859667,0.042063880544618425,0.16519551474371919,0.0,0.130494857888245,0.310504045620196,0.3521031422055468,0.058035842508468806,0.5494091075073244,0.11088432938944166,Frontend Developer
0.411689913321936,0.7072287636221263,0.7206644969384391,0.29494066432546917,0.5005833271022717,0.6317966041803152,0.42004843246446605,0.5576246746093171,0.3661941098902598,0.5649699167453308,0.5084556694535676,0.47572905286544953,0.024551493260589377,0.6511165003504855,1.0,1.0,0.22844690328518333,0.0,0.09619185311734138,0.033878311399843,0.08037361171208465,0.07276167833672512,0.11538644096984953,0.07483402979888154,0.06257221322525158,0.10599487514876405,0.2520705083915058,0.28587803417077534,0.09838453440878561,0.5241154990086492,0.18557239208520757,Frontend Developer
0.3232403456732519,0.7123865072544323,0.7269503763087164,0.30613066055740557,0.4433043478123564,0.685260331902028,0.47417951701703975,0.5444941856448854,0.42752862270001807,0.43189481529959034,0.45983526717950257,0.7314316158232524,0.10459100336402051,0.8056230885722432,0.9630271825195716,0.956610950508338,0.1807083546765009,0.035473981042577284,0.06862441376113608,0.10987401210620534,0.016719357014384838,0.0,0.0350449333582697,0.04684126574199192,0.0,0.055164229616891484,0.2706953011923539,0.3320081503194822,0.058167347256661256,0.5424754352253958,0.20898923982488474,Frontend Developer
0.397616976625693,0.7177648018717757,0.6144780732262728,0.3376651328583679,0.4787825819970443,0.6462676432954413,0.42250547560366525,0.5922837563174932,0.3969690042363216,0.5661571267681159,0.5029845589212669,0.47820881360224987,0.10165097366664338,0.7468547944939025,0.9225038129722121,1.0,0.3055767253035738,0.051368932787610636,0.0,0.09995401782640488,0.020147074361181475,0.09755914086670947,0.023332040514260532,0.08896689208384283,0.03484720935353249,0.024218867574572738,0.3438991683033246,0.2687199506917959,0.024766447960782575,0.5726973332343139,0.20729496575265244,Frontend Developer
0.4275212354768186,0.7192067586809107,0.6861253951471673,0.3339282152064048,0.40872332884451207,0.597350628181792,0.331849428062858,0.5605258123363575,0.4261127956472135,0.48688730883841913,0.5517589549802384,0.6845246636468691,0.08914478195991048,0.7503189751881277,1.0,1.0,0.26441924507277514,0.08716036114390734,0.0416177280922817,0.07582269755367724,0.023870191052133945,0.04071432587087536,0.03405779113394941,0.10245865351687426,0.08933384422914459,0.14113347599830273,0.2574530301144505,0.29893400754837196,0.10838520335673146,0.5878853662847706,0.156992783090732,Frontend Developer
0.39176430614067487,0.6419127096349531,0.7752897150494066,0.3259243667784562,0.47630118124824833,0.583869754214016,0.3959940731989174,0.5104567113404446,0.4582514115565198,0.5056120799260407,0.4924462217998652,0.5328587301932284,0.14392811112291046,0.6119395498618753,1.0,1.0,0.2541535759353407,0.04853634299464865,0.07506181074720586,0.11022291220148805,0.010011220711602438,0.07805055700153792,0.11050777032371761,0.16038206697221566,0.04801099733449087,0.08063891632618246,0.2899880323109144,0.243866038922272,0.09725169733181753,0.6572441125845021,0.15376012601765549,Frontend Developer
0.387376526017366,0.712210503208046,0.6250272032298313,0.37364502974661334,0.510652416552298,0.7352822892332183,0.3918637737031617,0.5854838891839205,0.4035423544830712,0.5225434564142288,0.47335250862918454,0.6953093864949355,0.10632292296064313,0.7744501315276071,1.0,0.955748994935784,0.26190133242412883,0.06447044431046871,0.044596216016667495,0.08970317689242903,0.12235426126891231,0.10610491813309748,0.05329828119590339,0.05942731276083153,0.057430374390226815,0.1510471779657946,0.3601552502895636,0.22855072006395435,0.0920943604424578,0.5373473329362918,0.13795711889238088,Frontend Developer
0.4154017751110012,0.7416586328652367,0.7110176763871207,0.3414339612052567,0.44530883105780467,0.6361156719896449,0.3875767401421302,0.6240039794675202,0.3703517986144733,0.5336556714446394,0.4878522561557473,0.4157968057872553,0.15970248606719892,0.625726900501651,1.0,0.9820575991303451,0.26225880417491465,0.005577151393047951,0.10553754724620362,0.1644494303170203,0.08999554850609098,0.060604460032049834,0.055428736187718146,0.1434637083749139,0.019972375189495253,0.10270619403308139,0.267050370436623,0.3198188488594457,0.15140371294989868,0.5227421417782336,0.14143883856375497,Frontend Developer
0.36822115680838224,0.7140248946940729,0.6152962007618734,0.31798787666350925,0.3644514147596046,0.6591996938241363,0.45628140267578843,0.6300399859655751,0.4229509508971208,0.5351972539104091,0.45942688445431124,0.6561108043666216,0.12144717402296523,0.7797628644844542,0.9692631298502703,0.9984890572226196,0.21609136977654622,0.01036946508204175,0.05873737980230739,0.1106599946911123,0.08459532128787356,0.05619794243307337,0.05123699282693592,0.12548124242414915,0.03261207159473453,0.011115771758001249,0.27357334763600566,0.34761861823362133,0.22867934347160754,0.5961106889003053,0.13466344439769318,Frontend Developer
0.44595861338766446,0.67989058658643,0.6569963053013758,0.31348391571495826,0.45453924465978834,0.6109887046647915,0.4757153781582923,0.561822013065876,0.4245079086809635,0.5736430494168047,0.4955828191705694,0.6284478327153078,0.09190339143656734,0.8421153612529609,1.0,0.967398749434233,0.2823036832633478,0.05838617063314821,0.07331049398018852,0.17281065324117567,0.0,0.09842787360172216,0.05868749229121936,0.05878928171272556,0.03159543867214426,0.10785651951031121,0.3753833765272222,0.2397091653302142,0.06605595730277894,0.5149468061312327,0.18432080647342367,Frontend Developer
0.3812941481307244,0.7365997772604753,0.6576525347881783,0.3500398705289412,0.3916221351465826,0.6987106354469468,0.4756893068027585,0.5480320936371421,0.3685111148143837,0.5798490864916493,0.43753512507064485,0.6592280614021429,0.083889589962304,0.8097631737577665,0.982241133978813,0.9685833748826543,0.24520886053160082,0.02443791790758301,0.002396065796517563,0.12170692305564397,0.09504632158577925,0.06606149311637094,0.1053122593044836,0.0663775732375646,0.0,0.06769074089438432,0.32844497022324676,0.28116723536738786,0.09900721511015488,0.5240211705814329,0.06857908018426914,Frontend Developer
0.39230349622698724,0.7363729509153357,0.6225545242535278,0.29221519673645646,0.42074889230391044,0.6135925975141869,0.4640495822703352,0.531810351790328,0.4258187809979602,0.5300909296386149,0.4202391458493905,0.6749049036703203,0.19057695766818467,0.7862213583516641,0.9905114649053595,1.0,0.2884499389619125,0.11169380731471397,0.01828250344980365,0.10042511932250142,0.0803458870237531,0.02143544933343674,0.052923681398555245,0.13928471501387707,0.00420890926985765,0.04307100626947097,0.2594923884436569,0.318432294504968,0.10634212869128444,0.549650502284695,0.16266679120197206,Frontend Developer
0.369639124777065,0.7104674772919563,0.6138909954748953,0.29133637361634296,0.4365668618958942,0.6346407954529725,0.48803736554915045,0.5370905052717259,0.33388092424194993,0.6059968850808376,0.4648834766555895,0.7473381687435319,0.17474326882139163,0.8354083882295978,1.0,0.9267370561443307,0.22646047256558832,0.061364531814007396,0.0345289921080686,0.06859797034034923,0.08231881063661836,0.06030020047637947,0.09197258058503341,0.08512399758918618,0.024342897090760984,0.11158538671124951,0.25421987647722216,0.27710844928421396,0.06502377747742094,0.6344861668720795,0.2712301709464858,Frontend Developer
0.3783947686842117,0.7168059187809878,0.6358514832403104,0.3086062974341354,0.45044214340976063,0.5746418078262947,0.45021177790717426,0.5297853062364772,0.38584599225752897,0.551327241648416,0.46951403569972816,0.7125470555668634,0.10598302160847975,0.8562589149936162,0.9651516254675753,0.9933245637260127,0.2376803959223807,0.08929913707088057,0.03756339122534979,0.0777150400928055,0.042401827041726584,0.04561926256129456,0.06621258544817993,0.12156480688283594,0.018936636489428296,0.04843583855231042,0.18127851478758805,0.2624752486332338,0.15722741266077003,0.5846144746754088,0.13207458293307492,Frontend Developer
0.35449928868365793,0.6732320009664343,0.6828043537195949,0.3530446604025268,0.41585969575695914,0.6289950425056009,0.3784489257389673,0.5441353876370824,0.3764097808080874,0.5219095096876943,0.5146481815294789,0.7426021426062683,0.12258906912888229,0.771438537893539,1.0,1.0,0.27300564225502066,0.1243645921856466,0.05976508083544326,0.12295287387568214,0.0,0.011484345615031671,0.0705563626005692,0.11135261741726747,0.009860242975544877,0.0681426031606851,0.3426475632450409,0.2616424987218239,0.07507994736427905,0.5564273096836406,0.19492548761118664,Frontend Developer
0.34709619054368457,0.7312167336849451,0.6207194960547744,0.29191746135721264,0.5409579742745886,0.5792166352254751,0.4550687215446966,0.4969424131905792,0.4263271079403646,0.6576717869525797,0.5422816904478424,0.7421591232082255,0.1211567045416525,0.8513271011833442,1.0,1.0,0.23629014305364165,0.09749937249843066,0.06710810941034306,0.06348774115049338,0.039021610384357946,0.0,0.0,0.05201783582770279,0.009478295286016264,0.053247498846620514,0.25316422492841406,0.2678914360227058,0.10945651928387122,0.5436104407065648,0.13176569749775632,Frontend Developer
0.34074615107166417,0.7505633055080314,0.5709317476621816,0.3604741008341944,0.5017141089838699,0.6143501448646577,0.4422057554306679,0.5379633941160775,0.410708548393111,0.6390576534935075,0.5508460246594721,0.6684954761443657,0.07223111621515937,0.8018894379275553,1.0,1.0,0.27618694016302486,0.12144145276397089,0.051303881865453295,0.0809851539567934,0.07098166698326541,0.07800219614216618,0.019486477398980215,0.06245555690109739,0.0,0.03844217993537001,0.35422588508999897,0.3072002290609577,0.14495465982767708,0.5404918605876916,0.16846459927798701,Frontend Developer
0.293770511772326,0.7374147341676609,0.6937096622509438,0.27163713776801957,0.5121299769971323,0.6192204307518676,0.38046895409643317,0.5565623659661674,0.42513692600976183,0.5478457263526194,0.4768785730010167,0.7123293527645722,0.15237894836679022,0.8066795311324231,0.9857296704326295,0.9781753963540338,0.2996982981886041,0.0,0.019494575744939555,0.09351838163750807,0.01847081051906861,0.06015904635424644,0.056534965392459516,0.19922662231449106,0.0,0.049554242895769963,0.26727809376767253,0.3581476551502795,0.1680488058217325,0.5039498740857394,0.16842115283121473,Frontend Developer
0.3714413149238081,0.6834925118509603,0.6206448319717055,0.3451360955585018,0.5186147961820597,0.6608822053919622,0.4583659466358487,0.5550066740657768,0.4406935416788591,0.5905619116378015,0.48101446122626373,0.6793128099556438,0.06199109587173372,0.7595331158146436,0.9826506813075465,0.957209024125169,0.31273205497565104,0.043641184955027904,0.07130302002389537,0.05116880271297316,0.10195049929058608,0.06958269474193175,0.06617857451537298,0.13787443092056081,0.037750801245925086,0.009463709629052297,0.3306312683349274,0.24905896423960136,0.10843559599788602,0.5357536365517819,0.24148865710137762,Frontend Developer
0.39678619812958216,0.7373977008495739,0.6096305482255375,0.3262563470916285,0.4547080840129916,0.6330128658859102,0.346302984885207,0.6477712848948387,0.39846142437986765,0.570072380998172,0.4474102257168576,0.7471864357580709,0.18017576484980546,0.8478114572952102,1.0,1.0,0.31987949514799446,0.0,0.05897947035761053,0.1233500057465204,0.05420203129063142,0.07292419664723243,0.10764933541650173,0.09245381721967386,0.009803883506977713,0.006579479093010682,0.23091810654531625,0.26806580364371113,0.0729085321298763,0.5584014271145661,0.15159099270634557,Frontend Developer
0.3270227148564999,0.6750805094403266,0.6605206372313848,0.2928899708555514,0.439553258624788,0.7123860581242462,0.4668068292913594,0.5783142384204811,0.41043947721281276,0.5215875700749483,0.4832034271073904,0.6775448602462175,0.12920028859568541,0.8118717233294921,0.9548621897638052,1.0,0.25761582930464116,0.12689383350666578,0.09998521256680579,0.03353789566232175,0.03987160607173759,0.11433132634388335,0.07650805085322539,0.1035629351311893,0.0,0.04129731000797105,0.3139700469455121,0.19831666000784542,0.12453507224131537,0.5385928855718044,0.1870518831322625,Frontend Developer
0.3752730470192446,0.6868828938807254,0.6716627547311137,0.32555149376962084,0.5557358981218175,0.6997165572182449,0.3833021200805421,0.6166726409368821,0.3705347119120117,0.503027526540187,0.44095509580349235,0.6743101265974671,0.16523487874966486,0.8199707697257307,1.0,0.8709171206293299,0.27139488245802673,0.007900501795321993,0.0,0.05184566314428783,0.05283700122811279,0.07631043634178665,0.013584092655232152,0.12356344299898393,0.0576564959062846,0.06318472937592566,0.2712252306570264,0.2606619192514581,0.11311100679622908,0.538039185009525,0.20086566626932323,Frontend Developer
0.3256802098123847,0.7123380355684831,0.6762775727879916,0.32195856408912277,0.40748056803009375,0.5633826349469025,0.3795090058014162,0.5886956341358054,0.3917615775004334,0.525979090640781,0.5159094097466268,0.6091979063687594,0.11451413841117675,0.7693672733094401,0.9459786801343094,0.9794167816063777,0.3794424136100569,0.07528578833750314,0.004776057471183336,0.14843672189260015,0.0,0.11069215913022876,0.014738907649912848,0.104381452598614,0.10842514354942318,0.03598513577476927,0.37906530016757123,0.2776701205085057,0.0965157917856588,0.5312235993883594,0.23149658124873324,Frontend Developer
0.3501757237066775,0.7733062824070432,0.6148889719546552,0.2960879835988,0.4872581873356379,0.6242609072628955,0.43533705740789264,0.5168399444505152,0.40440814597385216,0.5648426932667818,0.5689718178973383,0.6694993076405756,0.13849996053076116,0.8620452048970499,1.0,1.0,0.3804864907271193,0.051183417069162906,0.10294520674219718,0.12059368771493797,0.08429785552706204,0.07820050284986552,0.09265997258838433,0.1400116428208119,0.02218923863293318,0.027760914951344383,0.32257057880581586,0.22243177137308093,0.1247448869639372,0.5965018067285242,0.16784567584236246,Frontend Developer
0.37176721974597454,0.733574365794269,0.6698858849937188,0.3513715662007523,0.4781801185006912,0.6328521379869363,0.42320504682036125,0.5860931120009207,0.45813972281702886,0.5605709692592764,0.5522063428399492,0.6073263894430772,0.13786447873992191,0.8169421452309905,0.9333677041623525,0.939391845241056,0.2990083805510431,0.054285191412250064,0.0816186633265804,0.0,0.09277655058926884,0.09307177967862607,0.0,0.15631982101779257,0.09661635894068035,0.0,0.30986130224100333,0.2884830993269315,0.028094407710529803,0.5534650753461351,0.23116413740820407,Frontend Developer
0.3356010233778269,0.7702464851211763,0.654741924230052,0.2826449723194395,0.44890487869534107,0.5700616136727776,0.4409293979206541,0.5615095675109666,0.3829516439896372,0.4921558908792577,0.49676297756165616,0.6968415356657798,0.07018650143998778,0.8568814626011617,1.0,0.9660674841475726,0.27673853925188835,0.0834771374085338,0.10478564021531478,0.16347808443518702,0.12200914152521171,0.0,0.021599030131830378,0.043953079766443776,0.06863916212059482,0.0430848990912285,0.35606466332365766,0.2238681388437645,0.07243266034494945,0.5347356756545393,0.22453705290843048,Frontend Developer
0.39803069304549654,0.6159391397971555,0.6213547793426679,0.35267727638837026,0.4916410838016979,0.6451456677764322,0.43102918112569294,0.5319743965210116,0.4428076184656699,0.5021230453845531,0.4355461231979155,0.6969429864488593,0.10727007483959007,0.8425781140632985,1.0,1.0,0.2967375071086014,0.09239313426735218,0.015945691985805248,0.12846374152098053,0.03893607681610284,0.03024077481381918,0.013899166439442293,0.16169483889755534,0.024724783995918872,0.018463374672236195,0.3326787558500615,0.26295739586671507,0.06806211097993405,0.6827534920588123,0.126649101643854,Frontend Developer
0.4446042863749662,0.6646845503930667,0.665040142068751,0.3102358806988945,0.4765565518022631,0.5733207640514724,0.3636373763250571,0.5998777176480881,0.32879304353063854,0.5032548526857192,0.49641119243598203,0.6368702831376594,0.07833225843240013,0.7971940194460307,0.9126189224964759,0.943964201632929,0.33416089044113995,0.08827646283763861,0.14060594145046704,0.12378955482372433,0.10206467455169946,0.03313869543900126,0.04251526437445333,0.11651624361881711,0.0,0.07183089708280839,0.28060292461146513,0.2623101584911209,0.1398904105208123,0.5045825947014322,0.17720655446978742,Frontend Developer
0.3879139493059623,0.6758860472786998,0.6414930780394386,0.3177172938632319,0.48299741715776284,0.621303390507393,0.3737080746335111,0.5460836203339264,0.3860488540284449,0.5179611799382012,0.5075767546207254,0.6943008002638725,0.12859423020970248,0.7777356752583715,1.0,1.0,0.29233767076791556,0.09289311602976459,0.05435672932978694,0.07450970021589633,0.08441357331762567,0.0,0.02766796335856478,0.09434850751640245,0.05111070646814039,0.10098278787740964,0.3394144209126522,0.3104006527473643,0.13458402345554737,0.6068262002003556,0.12949488034638218,Frontend Developer
0.45819220106869585,0.7414887832682393,0.6327607008822643,0.32915227674270925,0.3945618392377786,0.6182065111999572,0.41011507321416146,0.5522237870827654,0.4325769662097081,0.5541707582857227,0.452224524585288,0.6416160311143396,0.046406818699529825,0.848824890828441,0.9910154064825367,1.0,0.4061584002553071,0.014045941400220752,0.06307896339809374,0.15772787947520936,0.030440304657694824,0.03643118834618296,0.07121291525747556,0.20171585782974544,0.05045475419119393,0.016288095687657198,0.2766804141612522,0.26101929822966996,0.027216714421691657,0.5602932502205092,0.17529865282374876,Frontend Developer
0.37184224171295216,0.639104939519562,0.6538121318941361,0.2749419145042359,0.4375425570210766,0.5988961903364155,0.4699862362155595,0.5417920630615675,0.4538242273700336,0.5554523610248604,0.5167942623263513,0.6919674783163744,0.09090935236078643,0.8298771372235556,0.9828027194327734,1.0,0.30471240382921183,0.12628413653379544,0.06883509713464628,0.13826501198827126,0.07642115548438314,0.04100056045888137,0.0771642065099033,0.09502885362816366,0.008483370947858875,0.00640612057527095,0.3316644797793885,0.2578292117554071,0.12513796718512799,0.5668541565615347,0.16363250492611317,Frontend Developer
0.3354570025997531,0.7491315221051641,0.6242943735366387,0.3777633037899777,0.41437153212158584,0.6889069733845109,0.42715764856134836,0.6036291946684302,0.34797810685371944,0.49778570329197275,0.5103201297202871,0.6480814710578849,0.1781595354032617,0.8281965589379179,0.9742329257772823,0.9631983801509695,0.2690141911881765,0.0272868495432498,0.06981162221549583,0.09693033076749075,0.0967350493574888,0.0752888175481441,0.015320814726138152,0.08297779712766576,0.0,0.015455377435530014,0.23374437864807968,0.3182055409256274,0.1516928054042103,0.5271644027829767,0.13147007585855572,Frontend Developer
0.3924371106297487,0.6643249967749926,0.6909630062595081,0.2856302236076127,0.36156328306373947,0.623389520947644,0.40010741847534065,0.5750914513610401,0.38604351573481566,0.5730616686551833,0.5169250658046202,0.7016657973215923,0.13263087722370132,0.8136114365603688,0.9441074681124402,1.0,0.30983380665515725,0.06395940133176024,0.04193964410526055,0.1236137564750851,0.059464940872563835,0.0784043098418683,0.04649689660704373,0.042905662515521956,0.017849303194071707,0.012053351046264003,0.2870104419565239,0.28401685319876174,0.13960228443151038,0.593306923230904,0.1833526942642171,Frontend Developer
0.4199249795908928,0.6989949773606124,0.648095340079517,0.2991345321954168,0.4043225929859373,0.6508769206603348,0.3610761312744466,0.5319498983583851,0.4071006648097491,0.5160403660832715,0.5007115496142366,0.6945313384075583,0.10258866535311278,0.8158429443749864,1.0,0.9543766426821771,0.30241801497173265,0.0,0.12513722794643345,0.12136321642329267,0.09084642218145567,0.0764679894819545,0.048287841680457515,0.0691222614512419,0.024017081731178724,0.08344468612757905,0.2726491753080064,0.28683654824494714,0.027592313785441316,0.5343314607973964,0.14065330826205338,Frontend Developer
0.43721399815472967,0.643602386726968,0.6559421340596628,0.3780789045895002,0.4873165320092595,0.6894580062867711,0.49059805131914785,0.5714472606712296,0.4190042231367923,0.5577970556507651,0.5192307411932682,0.7055082452596474,0.19369578205006885,0.8253075724776711,0.961849126713491,1.0,0.30978774866859343,0.017121835773536077,0.01548577913994071,0.13803374397360946,0.02867854853808151,0.03345670705372988,0.03154116992917784,0.1098052085412023,0.06912929544486196,0.0767454334075036,0.2870650042330833,0.33407819263471666,0.13477705512678267,0.6063652344697871,0.2133971148038258,Frontend Developer
0.3494164407577423,0.6603058580443361,0.6264630816746689,0.35392418519455504,0.39990500634246956,0.5759957546071213,0.3512487670192652,0.5189563571390033,0.36843645297952454,0.5549798038172254,0.45394101285993654,0.7151142905428868,0.1268027685941278,0.7319215273995263,0.9992590583879079,1.0,0.35721568382428875,0.05968128258424802,0.0,0.10918373477130316,0.05697634994244351,0.07419655308734274,0.1554778734631736,0.0785371725642185,0.0,0.06876303967491935,0.3785781029618793,0.30739739741938277,0.08629433192335696,0.6060610522055014,0.24675431553662436,Frontend Developer
0.33924842871829636,0.6570725336892486,0.642234525395741,0.3263459453618781,0.5024622550930605,0.6098491841082894,0.43987515946503863,0.6314759523994634,0.4089591560861209,0.5341912849706647,0.5228078822209276,0.6754218155061792,0.1385048713098655,0.8061800295608015,0.9942264509392076,0.9838860607065929,0.2576072880898983,0.08975936362179199,0.057599057650993046,0.1509522142112384,0.0,0.02920772687392942,0.020372481490862637,0.08984211006097229,0.0,0.0,0.3324457415156793,0.2568273505187798,0.12222635567428167,0.5195343222580582,0.10955965683394954,Frontend Developer
0.37964901067260637,0.7224073350787592,0.6153778066520906,0.27361710195888295,0.49707090456733916,0.6263108709589518,0.38387495939630334,0.5093162960547307,0.37246326894842136,0.5342271496366504,0.5305144193772211,0.6879686340549802,0.11958044234594017,0.7770219331626197,1.0,1.0,0.3164235351258382,0.04756585269031976,0.0660409519866424,0.0,0.05809787246512489,0.12691526778852158,0.02678574498714506,0.060575816658887886,0.01930478019123601,0.015542467329309535,0.2685902970787502,0.2911558816768484,0.13297993557407548,0.5776288969118712,0.12914771728022229,Frontend Developer
0.3432315711955566,0.7099431059160572,0.6662961384791459,0.30597929634565213,0.4113674707205432,0.6595768561442196,0.49629889158881435,0.614152270432204,0.47937660472949556,0.5251445489281439,0.5412559120767949,0.7401721833651416,0.1055150547708454,0.7806110460662719,0.9615557236229704,0.9963597042845183,0.22032780066880572,0.11757851591994964,0.0,0.11687293144696999,0.0,0.1318103450028884,0.09997749122984283,0.036248184392424776,0.03720182745462186,0.04033783598185678,0.3117564302411656,0.3059682183984307,0.06797687812588671,0.564522090047172,0.10261971096982428,Frontend Developer
0.37332741409879117,0.6147382689700841,0.6922317907094095,0.2557070455691537,0.45887276996141463,0.6617451448454745,0.4983660044284795,0.6401338589108303,0.4557561009593556,0.5493584215438339,0.5446261948666731,0.6996744519777355,0.13944767810530367,0.7888276650282955,1.0,0.9678851989302656,0.23773935584399725,0.06630582622235527,0.0,0.10470238777798963,0.11538527339638348,0.06660346631417753,0.051264769812170756,0.06640036252705844,0.0,0.08454232982898022,0.3066751673878384,0.3055367119583018,0.012313443039974531,0.5959463639310493,0.25443118197492265,Frontend Developer
0.4236522349936914,0.7089663730606421,0.5982210984648445,0.31917186561675487,0.4532635213202207,0.6087755360709092,0.4070298694622829,0.6531426361823698,0.3613710963737187,0.5328449664694507,0.5224443099493719,0.7758727164111026,0.11295822018228578,0.741681988085689,0.9145366845998326,1.0,0.2041818374974635,0.05303908835523408,0.0,0.06845096195607904,0.024069781351821296,0.0,0.09876126687327033,0.11723032020570118,0.00791811078672609,0.027006030197079103,0.34909527368531956,0.2841550131446326,0.18342683812097527,0.5487617280456151,0.19202316462315847,Frontend Developer
0.3207436486864279,0.6797700760104795,0.6815003620975031,0.36145275892728235,0.5207525211086941,0.6464024074373105,0.47323043527756226,0.594155493250223,0.38347891337109363,0.4894367188305564,0.49074144669924186,0.6428247228279662,0.16718376257151277,0.8580904383160962,0.9593789786149826,1.0,0.2333433652900664,0.10778513786521962,0.04353346261924665,0.11835062084679712,0.10797435886733897,0.07387574814006417,0.044656413323985435,0.1349866998910841,0.0,0.0,0.3513966641279252,0.22804958534394723,0.13687401481715322,0.5723159771655013,0.17442011070967908,Frontend Developer
0.3321997033420784,0.679088526115953,0.6405441629328342,0.3222429204669699,0.41097806493056355,0.6583448832709505,0.45608698729250385,0.5885554519459527,0.38245279565548884,0.5843785766100611,0.5248423764122945,0.6104710606646406,0.13345268117702178,0.8909626233966469,1.0,1.0,0.25251066708639225,0.055025649445900784,0.042674556019310236,0.09991059399554132,0.029428027686229614,0.0005884130643665775,0.05257336163264493,0.06877449510250963,0.04844094976220544,0.04877249522463596,0.22846773806521714,0.335828730077269,0.11741281521412018,0.5483481375323481,0.16154454174391011,Frontend Developer
0.3208751863970324,0.6946032860336652,0.6672472053341181,0.3840966985109886,0.443553048653486,0.6305589309279209,0.4715007992015968,0.5228474189965032,0.4058246455506071,0.5197498607549201,0.5052464880483675,0.7261062532139905,0.058913313863076716,0.8580828626058284,1.0,1.0,0.3343955421445165,0.018373319987215253,0.0,0.059022974898808936,0.07130825617408298,0.03020148365926872,0.015058588310126568,0.06090589064673241,0.03199029843527754,0.048898432082907506,0.24880387574401086,0.22513877421150733,0.0789248977616193,0.6033903834353757,0.1579642703154038,Frontend Developer
0.31094070781215033,0.693635225674604,0.6415219802487564,0.25489777303244576,0.3983883223846313,0.6583575353409457,0.3745828882701116,0.6006433089876301,0.33813070048452165,0.4896235361129304,0.500925861998769,0.658450836592616,0.10360859824412882,0.8197025745124269,0.9774342196473127,0.962074312916483,0.30017570469198007,0.0572284462378308,0.05173020960766928,0.09927425078584359,0.01792260304902607,0.009583024543055103,0.03621076101514592,0.06858576035174721,0.024500957975534095,0.034334356381848855,0.30627590856411796,0.2768397749988683,0.17061078677579786,0.5112188096510887,0.16750610907008487,Frontend Developer
0.32569176404891687,0.6777771638609027,0.6073197597014436,0.3398589756711049,0.38814352014687364,0.6598323024034769,0.444987564326006,0.6514166296258054,0.47212049775067666,0.5180831364518472,0.5494743722638968,0.6756619423001401,0.13717826646293563,0.8824400148430448,0.9696713704776568,1.0,0.20265911108934703,0.08551730179193649,0.13410599476207397,0.12293025486314861,0.10472461672198849,0.09567802440840442,0.021735933331153298,0.11296805581454927,0.04475615615333706,0.003343553920192699,0.3633420316210705,0.2603677646266661,0.09132709031624739,0.5561208954768901,0.17649933721766056,Frontend Developer
0.4871871074504116,0.6728385799734817,0.5781656412085608,0.32084423638471155,0.41257976609557934,0.6122552037712992,0.44859336155512375,0.5256979091835665,0.38543583164446077,0.5617189152880867,0.468866103614355,0.6870535700826117,0.13669674189740455,0.8089835750017592,1.0,1.0,0.2536259596302379,0.0,0.008577465938263008,0.05207320155945023,0.09929815631911273,0.0,0.07512393054189771,0.07261756360093119,0.06641519846080643,0.033117321939632294,0.3067945766183167,0.3012505907227359,0.15017027138720587,0.5438625620561305,0.15034222897649965,Frontend Developer
0.39045471725449926,0.6336198803320738,0.5712984924999644,0.3289787809329308,0.473868699477341,0.6419528161765311,0.4198931625007972,0.547662096190131,0.4635023556702382,0.6187075125312017,0.5043045985954304,0.6612871157944953,0.08463564714537909,0.8308837804377818,0.9508605024939566,0.9517865442672075,0.26118554673802513,0.0702874235350469,0.10874924793283605,0.11003203262584213,0.0698649324787779,0.0893060098844953,0.08557654241655935,0.07792234934304267,0.05984726114361963,0.09127186645940094,0.3179843924889246,0.28601461987203575,0.12397778099307583,0.5864668964968327,0.10047984209876627,Frontend Developer
0.3871537819365011,0.7442641548053593,0.6795469919829928,0.3293859935450115,0.45302208550341594,0.6127249714866579,0.4192196347012789,0.5982940843832674,0.41538244405666985,0.5861496374782963,0.4792281989894028,0.7319805556046227,0.10026216249114839,0.8217476383715945,0.9775240867917775,0.9960622476772044,0.3619075575383327,0.07037423722138106,0.059007515902736146,0.15647848023798644,0.0,0.04364763502523973,0.030011726060558474,0.06569820643589268,0.0,0.0412365200715311,0.3332958034531185,0.2746803887117448,0.13195631395171079,0.5695264803649678,0.221646804193286,Frontend Developer
0.3498881283064445,0.622193142159133,0.5767859420825769,0.294389717479296,0.4118940389338643,0.6049799607614456,0.4693477643128135,0.5091561131985186,0.4603254299508862,0.5177688218016678,0.45023959938655544,0.6831015500283006,0.18496070597168626,0.7851446397445623,0.9759611741029397,0.9786339257046572,0.3265568014971558,0.03215308639517919,0.06784892610313162,0.10482353040672916,0.04560011564629314,0.03005342066550808,0.1287592684319666,0.21168239499137295,0.0,0.0071433248015388695,0.3071867021869573,0.1896351988798605,0.10193196775741528,0.6469541153461043,0.15104392257422328,Frontend Developer
0.4132186464028494,0.7558737895392212,0.6055365341154719,0.3214314170117444,0.4612630721512548,0.6577553772317921,0.4558713112829037,0.6140999918743772,0.36871503684046325,0.5569609108649741,0.5592965460376288,0.7522561932753786,0.13400361316683304,0.7923714798528102,1.0,1.0,0.3011410085182232,0.0810308959840373,0.011971462373019742,0.13388524614092576,0.05618107113806767,0.09565991340535848,0.05081872720034821,0.12333663938414735,0.04329374456873834,0.028162191477423576,0.2694861542335292,0.31282236185395135,0.0657253352106948,0.5532238722978194,0.16034798140429485,Frontend Developer
0.38468468177689474,0.7241299060338235,0.5777361937875591,0.2852942427807063,0.4162116534812964,0.619478731348384,0.3441106083386153,0.6145519967878175,0.4024158938364389,0.5446283627208065,0.5301989329788318,0.7093377014668638,0.14526958770830223,0.8130109916581302,1.0,1.0,0.3018374909012914,0.11913103330514217,0.05560551214440154,0.12602784363564926,0.04508046169848994,0.06294840607201804,0.06503215976921711,0.08224408050798004,0.0,0.07564644491550608,0.3237318923697067,0.33925862833770826,0.10018169519119945,0.5268889698135802,0.17546102304407424,Frontend Developer
0.400780202051786,0.6122393068284071,0.6397530810288007,0.34095531423510234,0.45649077470770666,0.6142664488033874,0.3756924172319044,0.5687232925944953,0.3510279914302209,0.5769237489679714,0.5024500298861746,0.7484355241785282,0.04686701076579253,0.8000376234419996,1.0,1.0,0.31151045575206476,0.011876888468018758,0.03075191017771191,0.010569601442109222,0.051817071478471116,0.0965312523630009,0.0502810348537188,0.12306752087126237,0.047001865372682625,0.03732574347431723,0.2082814779571588,0.33419153963431125,0.11728000922111405,0.516637375130625,0.18983511613822682,Frontend Developer
0.3780024733226502,0.7495435337660931,0.6588831632230532,0.33332642245672994,0.45507315422779254,0.5978111107651246,0.45070980777147474,0.5681832686151701,0.3618885457906609,0.5236384391489315,0.45455371963013214,0.7310236409885442,0.2041514436966553,0.859842831565444,1.0,0.9973818551888312,0.268918153101603,0.01054816156521983,0.1278715530396538,0.05863906762703482,0.016021199431580195,0.042179940962700266,0.045483209113013116,0.12408157319783727,0.0,0.0,0.2962986021246913,0.2739932672271753,0.09018901324938329,0.5563236583838338,0.160975039577931,Frontend Developer
0.3170248712359804,0.7555880033618584,0.6962242409782933,0.37011702024800264,0.3996777953144712,0.6447523410279397,0.4068861720646894,0.5501117591126169,0.36285423378139303,0.6526224888081742,0.49005042538208987,0.6517566075499657,0.1305270905924824,0.8441617973023928,0.994346602968068,1.0,0.32063061092647777,0.011816152972029259,0.05711165087084662,0.07443919113349766,0.01902650842259378,0.12007893561859705,0.04642442552242069,0.05752307333452621,0.020538667064785847,0.001620620580414088,0.29685800689702135,0.2534162027164409,0.12043776364901901,0.644149736145953,0.16800297350841376,Frontend Developer
0.34436344206423225,0.7007401758217101,0.6996519055036601,0.33495324260397874,0.4414580621526355,0.5459442297310446,0.42170696209005215,0.6002619418771467,0.43830088513650234,0.6024336712213205,0.47302025176007784,0.6725144606842168,0.12019167386366814,0.842021449317838,0.9894746917328917,1.0,0.2651808085704238,0.021766347618332196,0.09438913901738145,0.11249443490500213,0.07986572310066631,0.041748268160405305,0.08216507893815639,0.05749319636652454,0.0,0.08768421881476243,0.30274595351643213,0.2706935773583447,0.06321863262048817,0.5988454899858318,0.24961596806770864,Frontend Developer
0.3943048219423448,0.6791346874293773,0.6954717456330604,0.32867573681871176,0.4297804497445074,0.6796272898010018,0.41658360579245113,0.5114926844770938,0.38729532346498685,0.5712832957066256,0.4712936737774951,0.61374319056299,0.18379302475698162,0.9333925663537503,0.9809811871592325,0.9748069840188267,0.22667188516730155,0.017152343572327658,0.0,0.04780104676459054,0.05008984428125012,0.0,0.0,0.10828082037563318,0.00030125308010154825,0.06426693768207713,0.29187533189296916,0.2731332194169137,0.1312042526039633,0.54471905027467,0.203388041453438,Frontend Developer
0.3532060913970805,0.6642703254519515,0.5970392486006375,0.24803304140984728,0.39748309930142994,0.5576603258464553,0.3840196153930529,0.602040234397302,0.3996674315012801,0.5344849664668165,0.47234841026363716,0.68538627153636,0.12620834436312384,0.7690341350739158,1.0,0.9869746771429447,0.29242812463215817,0.048719456996146,0.0,0.15203398159190445,0.04954178813113273,0.0352921021087801,0.07330223840552373,0.05370686923735377,0.0,0.072263519988109,0.3514182290076771,0.2920121797339891,0.13223135320899473,0.5160198920863976,0.16062903546543728,Frontend Developer
0.47390203088248395,0.9002270185939001,0.3772814427434507,0.305872397830324,0.28392782678837103,0.8037142814689302,0.46546881387024575,0.6760761671771671,0.7103550698796451,0.6283739042530635,0.5727970114420342,0.984871954295723,0.7790160839213472,1.0,0.8168573294111532,0.8358680986692265,0.5653092816640903,0.3665010435000557,0.4862715500157526,0.30844184269121033,0.08897412887909353,0.2670576999281208,0.22453611324492756,0.10783855154324407,0.28837731904266944,0.22911437824891698,0.17031753374454692,0.1801945746302167,0.1861657382293648,0.3739514866645854,0.7665508357289949,Full Stack Developer
0.4928160582578242,0.8607602394567482,0.2870594720600879,0.2365433592633509,0.2453802809655125,0.7521971950558173,0.4363826230180395,0.7608873045800985,0.7199562934060281,0.6405844291596007,0.4790223931911789,1.0,0.7635937909872716,0.9624243114846966,0.8554995872635534,0.735128154400791,0.4840910073242334,0.3696688867724038,0.4585949446841968,0.3355841254301368,0.10849733282737778,0.19111421422739272,0.2508161173842277,0.09433304531825439,0.12917593951546508,0.23071493600966012,0.2294125756235967,0.16213229692085432,0.1846499771356887,0.39827026235861607,0.7972014780414188,Full Stack Developer
0.4435252247666475,0.8004395509385838,0.39659295335096073,0.23754611647323273,0.29852170769150094,0.786867229715816,0.4762655209968262,0.7123940651135701,0.7934778061726526,0.617456491097073,0.44898898500934914,1.0,0.7303773463519592,0.937581274243133,0.9441077544702977,0.7724415869115208,0.49729650190940733,0.5883064908672205,0.41449886494310006,0.4220026947373662,0.17311530631324137,0.14345925272166077,0.2884455588107185,0.12166644828350351,0.18358661747998867,0.29867345926016775,0.18755576201764804,0.18297071221742434,0.18436615458495695,0.30715745034867226,0.7971124135819331,Full Stack Developer
0.5895499987302403,0.8810553483246761,0.2964428415850926,0.26175681683962515,0.24461620670216905,0.8417313084678364,0.4567122782176201,0.674405064964714,0.8162713548066757,0.5668036333937019,0.5161317393670821,1.0,0.7120672449445384,0.9935366351575644,0.9943243355176503,0.9110007492498959,0.5435924521817366,0.5378396995443444,0.4295310804812093,0.4949207794096698,0.09865788661632297,0.19979594115614305,0.322679882600014,0.13155841135243862,0.1726931877796852,0.27460263892811543,0.284171047762683,0.16780228695550578,0.19997566545931622,0.3558422107638422,0.7650954039752885,Full Stack Developer
0.45433926424154414,0.8811485483143373,0.3400614312424694,0.21714636497517012,0.2825079604708878,0.78895053933797,0.4762263156340559,0.7388459524366678,0.8053721932920291,0.5994280407755989,0.4298612647868477,0.9398743713605398,0.7953930618482495,1.0,0.8264111046432885,0.8046593004194837,0.4731830161157598,0.4700242167302144,0.3471023084972219,0.4038293176329328,0.1414952762983713,0.19578212529725098,0.2581731358014962,0.11063055930484651,0.20020242044245326,0.2346044260169503,0.18539541505579585,0.18536417338954103,0.09048469462573877,0.32483409520886103,0.793772295922455,Full Stack Developer
0.5823786606583662,0.8733934216658447,0.40219056127806807,0.22712429667199474,0.23693403361747323,0.8700382592810074,0.4517080438381876,0.6989774796312653,0.8008521126307345,0.6076232726045314,0.5493579935237136,0.9678911106661474,0.7531413391503479,1.0,1.0,1.0,0.5404838220764825,0.5536688783777154,0.4340447671647074,0.5454962276945085,0.20338999712155503,0.1767035013250679,0.2653191176983962,0.014702156113858472,0.12818673020770494,0.19627198476669333,0.1783328694017094,0.2009497489749759,0.23233618194177066,0.3249937556904456,0.8129326985547657,Full Stack Developer
0.5085102979516428,0.9081452436747189,0.3093929454695596,0.2460334601336451,0.2747471359878392,0.7720118465638762,0.4015452356229289,0.7455780206970045,0.8901144925844541,0.6045070743157066,0.5298944538793446,0.9864570932064071,0.7394449448312959,0.9434168460027927,0.7943211453406216,0.8119099526450917,0.53051318489086,0.4628978706400585,0.4482351300339787,0.48391572036448927,0.1424789447980198,0.0767735081895073,0.33776734625388644,0.10458046593633259,0.28015091655524826,0.2540979882723437,0.17400813228092699,0.18918522468948124,0.21269718795920506,0.39837167311481014,0.8514090973410766,Full Stack Developer
0.5431201043319055,0.8796472487468375,0.34182544321274627,0.2354085376740661,0.31014482888336603,0.7859869707072192,0.4514851999187263,0.7340448744881005,0.7749621991031981,0.5821059074967815,0.5000946399941263,0.9968391888443799,0.7817302570372235,0.9388849216829368,1.0,0.918227439692779,0.5260858664285057,0.43440467326955573,0.43518500336072635,0.46776346110914147,0.13982279606869932,0.14844798338501616,0.25533590907225423,0.10810222574091015,0.28151089713594757,0.23707325079842448,0.31561730782307895,0.2784243834869816,0.26556117644833943,0.36570647641408605,0.8138530757927707,Full Stack Developer
0.5764435712643905,0.9487875406719498,0.3430650180653916,0.26928071175467727,0.29794806797476986,0.7988565267755157,0.5202940093020956,0.6820326561897269,0.813796988203837,0.5524961100835283,0.4984465342675197,0.9705509351721975,0.7212676328508445,0.9329568017700451,0.8614570346822146,0.7721082515604986,0.5824976123278887,0.5273168364689688,0.49864027557442075,0.42838726394506693,0.19953042623064343,0.25185723064411103,0.23695576273413477,0.13243753931414076,0.1652392771929066,0.23450877561853592,0.126096154189786,0.20155430879127922,0.1763562653385653,0.35489047250853273,0.812184476161924,Full Stack Developer
0.5060682963730869,0.8954026828979913,0.38108426049617583,0.24183762324652425,0.3111150453802659,0.7938361954675814,0.3515516562198078,0.7399362554513471,0.7740845629062713,0.5846712222015452,0.41928762300295097,1.0,0.6959177063228871,0.9790790795552846,1.0,0.853211380227804,0.5548713410301932,0.5451532933355916,0.4744966149386029,0.49123115133479783,0.20286878500501687,0.17269869647727115,0.23742456659350597,0.0820630287466078,0.2140730468882368,0.14668336703655555,0.17998484749580698,0.22282543197752758,0.18435223788199356,0.3572916411469081,0.8349028850928274,Full Stack Developer
0.5641603759599023,0.8515812804549335,0.3284842265584059,0.2709651145604557,0.23527275936610115,0.7748611835835706,0.5012323846950786,0.7034890911599023,0.8204210225652858,0.6158941144949917,0.49961513268071545,1.0,0.7507775524889669,1.0,0.7998958326294106,0.7484794674587161,0.5360370517218702,0.5436501285928617,0.4762701616017799,0.5157812625093765,0.12915417681203728,0.10142006218436697,0.28805191898375915,0.1089235529363277,0.20953354038505428,0.272297555365811,0.13465690427267912,0.10573335626509558,0.11994134293454004,0.296619055807788,0.8488682242589703,Full Stack Developer
0.4563737681341948,0.8658492601232537,0.3507974280940551,0.32048292925833427,0.23261812945796714,0.7668165690384162,0.5026016022217801,0.6884086132896988,0.8483786248108118,0.6142761279664332,0.4293766798704457,1.0,0.7415677134840428,0.9903167925164515,0.9624573120587002,1.0,0.4420523454772008,0.46899214202782175,0.4438588239020233,0.4663409073348552,0.16740124800136316,0.13923804838115142,0.28869783585890973,0.030498063982734802,0.22953945353025504,0.22799980136102968,0.2268419867027666,0.1947446730232688,0.23047231270240656,0.3005723761790028,0.7705296657446176,Full Stack Developer
0.5234778087603249,0.8059873935316535,0.42721065008398956,0.3229117117297119,0.2048442060088301,0.8120242457982131,0.5084892677289035,0.7156000946729555,0.7700025438966965,0.6472260409393447,0.5541164186196723,0.9355179586127376,0.7281955157061236,0.9951710221349235,0.7671610374378461,0.7232366171479991,0.5031646529380349,0.5301301697648737,0.5166618174973534,0.33573697332287533,0.172245896296274,0.12940055412435045,0.28874954628021077,0.1407261661429101,0.25692164289048947,0.2360971458373079,0.1865678474638183,0.22831589165598137,0.18675409717735836,0.32724196590416155,0.7815129697022029,Full Stack Developer
0.5291064274281528,0.8096319101343693,0.32685832216487287,0.2622885805979781,0.308455375983052,0.7960282610377877,0.36304191153806475,0.7076823611893756,0.858359139351506,0.6062836639509314,0.4710331971715803,0.959642437603968,0.7384421040555746,0.9725131093686687,0.9885937065458382,0.90684696285922,0.5043086350258517,0.5140760042310497,0.4600825791183237,0.44477047352452354,0.15636595049273508,0.21139732883056822,0.2511616249181809,0.1575891454447156,0.20852811645853428,0.21352872557146227,0.21186592174122051,0.20492857478816603,0.16729741230140008,0.2676259238655257,0.8398621003111781,Full Stack Developer
0.5692879012184772,0.8858083269837487,0.30878493527099304,0.2525342496556572,0.21915352885288944,0.844100274132471,0.46995166875808325,0.749263223590985,0.8051863243519158,0.600149092809227,0.5083565692210789,0.999980322143501,0.7701932810902966,0.9438941829970715,0.8028265589475533,0.772990750295511,0.5325884457529759,0.5695744903038181,0.4104791095445429,0.46869886912937064,0.1619378846436964,0.20162300984311157,0.28326606914469193,0.09490119704568432,0.17524340238238403,0.25369885541476594,0.18416124541195183,0.17070751557304842,0.2313052710017807,0.38402672094932355,0.7347701503515071,Full Stack Developer
0.54716897296915,0.9162397303993461,0.33201754167237707,0.2124775158547787,0.2814789529667399,0.7955865429028004,0.6016878358787564,0.744665072016641,0.7806193436363161,0.5412171916470202,0.4611140170630511,1.0,0.6541607289536474,0.9320144843564694,1.0,0.9224833457621973,0.5293625033755649,0.5526446310709124,0.4554241324753803,0.3831999979699214,0.14109903130090445,0.1862604795957779,0.2701714191343251,0.15996720297990613,0.23147127746693044,0.20555418243492823,0.256253466482067,0.2339373666109713,0.17183507352735428,0.3475111593456148,0.8266520809239154,Full Stack Developer
0.5292909942989815,0.8092077717637473,0.45813334035189923,0.24149078944511598,0.2815020307579211,0.8396560872652385,0.44466774889858335,0.7808987242647841,0.799967115468845,0.5745896399029564,0.4429015311860219,0.9849013445360529,0.7380204677053305,0.9873887986330392,0.8636844217326154,0.8537165162142422,0.527859412411937,0.5752708092939941,0.4721604115123913,0.4592851068542352,0.167955885155552,0.18326658550171374,0.23475576490937122,0.07083797031822103,0.19097822114157553,0.17001648598984692,0.15155414537912118,0.17133651541292982,0.1770050226926135,0.32316528381585263,0.8250314079504784,Full Stack Developer
0.5256395382681587,0.8599135145177924,0.2647214025000479,0.2605857924729408,0.24004393228301668,0.8306024438573256,0.42931217681398554,0.6855106020589568,0.8568077636518906,0.5278710650545029,0.5675881290900248,1.0,0.7100399018734729,0.9826982317737895,1.0,0.9461974669634836,0.5469574701897316,0.5268731049975915,0.44656589133683533,0.49700339833218743,0.14850441969115305,0.11618071853945713,0.2797287380393974,0.04275525888279309,0.2739598926014679,0.25644847856435227,0.11533859875170475,0.19023434217174243,0.18507206402095455,0.37597543643965353,0.7943804924516612,Full Stack Developer
0.5109796229629933,0.8482902800009033,0.3267747056501843,0.17527271634453634,0.24433241388858803,0.7627419089925077,0.4444160360777232,0.7749946900841549,0.8647503423861936,0.6083644524976873,0.4758938718567606,0.9433831273552262,0.7038509571955459,0.9500755935632852,0.8285298134625153,0.785138579906581,0.5474760823816042,0.5335356854688735,0.38794238593013525,0.40860250473169374,0.12985353825676463,0.14962750180419424,0.27157511024934605,0.06922077022218695,0.3414280845374482,0.2891270815347928,0.1585269289468077,0.22811789122642595,0.2665919077247165,0.2749736560058169,0.752610902830932,Full Stack Developer
0.5206929434850722,0.906711386209437,0.35167563603900576,0.18969366520585065,0.23534492416505853,0.7793658796314412,0.4948153848086215,0.6744912263187712,0.7495943183831882,0.6023795159320365,0.4998492374017546,1.0,0.6985972853552822,1.0,1.0,0.9333699825035283,0.5184446105092566,0.5969744898726281,0.4836948106164574,0.4354687897942975,0.12869092842020236,0.21959333190769362,0.24166490112420702,0.07847908109461461,0.18476017506642337,0.22493874682049408,0.2160082448035126,0.15447630179264157,0.19607288983095245,0.29678202661406833,0.8195241298947717,Full Stack Developer
0.5116694671961917,0.8150410209805022,0.3335951088422676,0.2679227243901814,0.2505915995529921,0.719764019644197,0.5112771850320452,0.6910464878467579,0.8246453985718215,0.584819943080159,0.49616932995362223,0.9920601362264841,0.7636203607528743,1.0,0.8432912333791277,0.7387796419366998,0.5999109762568238,0.46870143737767517,0.517031320446948,0.37395097329944976,0.23998829727812115,0.18399609341794776,0.24687958026744605,0.04466882732422846,0.2143605514940783,0.2583500025919235,0.20229516720619034,0.15871104091938038,0.1709145318477622,0.37225238629789087,0.7872141967647215,Full Stack Developer
0.5305083299281238,0.8861596630049768,0.2889367870592723,0.2545457420006078,0.31962898719044514,0.8145246877982308,0.4790280693983239,0.7143395723776108,0.8435097624447457,0.6780784687672704,0.46896471315267,1.0,0.668447852384764,1.0,1.0,0.8917344446193658,0.577022080049334,0.4896561411039366,0.5423123257404329,0.4527444544507755,0.1613338619781694,0.14080668524521245,0.29181594862641597,0.11364607622121095,0.22069563614696777,0.2099875979139191,0.18928668780015714,0.14549051755369824,0.1314062457025299,0.31940888854544985,0.7554528249042827,Full Stack Developer
0.5964403305315165,0.9393826382776846,0.3527202860120096,0.1853907211719636,0.2854110068451476,0.7941727482821669,0.5057830176120353,0.7720563576792294,0.7697291568227101,0.5853913161373694,0.4824619038579161,0.9833117286545969,0.6601414747513652,1.0,0.8407542783664838,0.7744390917705717,0.5509809369695775,0.5425555464808709,0.5116288074606202,0.4828317977671242,0.20877496862951445,0.13158430860585268,0.22265866621543226,0.13805248349547142,0.2833260232017375,0.2739366913220255,0.21319433881952707,0.17527572626849894,0.3144270105182959,0.3583169037446969,0.792004021224221,Full Stack Developer
0.5950532235708856,0.933185753064311,0.2812807641045183,0.20949938033044346,0.2588528158292572,0.8539314925608261,0.4380114300593018,0.6905058774036241,0.832562106135175,0.5228127350693397,0.4859492918322026,0.9570471452131906,0.7231707104760816,0.9620920809788612,0.9814305282068199,0.9543603209630933,0.545190670377321,0.5080097180099599,0.4513248704031523,0.537182058406947,0.20281341023394492,0.15822429839294577,0.2746329313198429,0.11806025486451271,0.1845231607255946,0.24008632941053445,0.15706581275976697,0.13525157266625543,0.2350175219757363,0.3652232823078364,0.8461342270132576,Full Stack Developer
0.512837765114218,0.8445654779136013,0.3390252089538071,0.18697984007172602,0.32261543369189283,0.6945387377508113,0.5001225950854318,0.6917215384245108,0.7996762551819475,0.5659551335179447,0.46656551641284827,0.9023817704812541,0.6727076920294927,1.0,0.7885084053882674,0.736809848359775,0.5356776646414279,0.436364767032891,0.4509686948336974,0.4573389370342291,0.18233938692637877,0.12600370165522845,0.31581656267633373,0.140850025735695,0.14589491389625614,0.26857662983622904,0.206063473773153,0.19539735998416255,0.17535032924560257,0.27328260119789094,0.7940515603811684,Full Stack Developer
0.5308296743063753,0.8801621759068315,0.35230167978668403,0.21558310506267542,0.321923528735194,0.850609698593089,0.4710655619393083,0.693178418494951,0.8105020792358726,0.582886594983397,0.48590944466111,1.0,0.7067357001176101,1.0,1.0,0.9778137879863832,0.5041406314613881,0.5048113970962679,0.41525265055593463,0.4998101111404442,0.2826753460000548,0.18831882323572924,0.2778622409883114,0.08092025484438153,0.2796718804023646,0.2382086627635209,0.1740898536467383,0.11594430827878896,0.15820954872152848,0.3278099479491341,0.7266785666259319,Full Stack Developer
0.4666464020653155,0.9308303841226133,0.3717757225805408,0.2455911632852676,0.3048215656800807,0.7722983300041377,0.4923795121787573,0.7167830826177752,0.878772090199018,0.5544950644773573,0.5612124010705678,0.994882004612027,0.6483692724525072,1.0,0.8654562545727749,0.8474701959603828,0.5704555191565308,0.4922941561838063,0.5065300704894085,0.44916109583454145,0.10425120219357085,0.16412393641425888,0.2204312761893229,0.09441074415955558,0.24413956352457858,0.19493847955038407,0.21176944172722056,0.21833231858425306,0.1750022603319031,0.3136296571354229,0.842736296132361,Full Stack Developer
0.5602593021940682,0.8179587831836097,0.2969743126244662,0.290212166154914,0.2578571163596148,0.7966948656416584,0.39090202287026893,0.7128471328614471,0.7934620460089636,0.6289230440691478,0.4850962054809987,1.0,0.7166074149900111,1.0,0.9869246016270573,0.9168753964134597,0.5107562887180901,0.4880043511248744,0.47754773741970447,0.5254034978987416,0.1989267845263231,0.18400781799247212,0.21821443903566357,0.05276545650789045,0.25301692378404045,0.2584402223730249,0.17458732829335477,0.1063841788689173,0.19205920921562886,0.2890499584621383,0.778865122558867,Full Stack Developer
0.46434982247706896,0.8965581727472132,0.3141863640972485,0.2790472063825712,0.28256392129079777,0.7796292119964818,0.453793118202873,0.8016902239412499,0.7588324244978352,0.566396897863067,0.4159989422574056,0.9941201683317283,0.6396288613053522,0.9804864204291777,0.7651623089670596,0.8165493185965412,0.5332681793462086,0.39622340970902015,0.42628887867431253,0.42792950791549267,0.18857367528548352,0.20225273639722877,0.2832874282931269,0.11210994919073522,0.231560853158659,0.2659315409199929,0.2004568050705205,0.1663436441574238,0.20737364383066814,0.37160995734413976,0.705947102674798,Full Stack Developer
0.4239319567291808,0.8867073969764023,0.3026850058088833,0.26139198338367386,0.2658417618347503,0.8894085016668482,0.488217223369182,0.7714865524397915,0.787578644870376,0.5677814367813563,0.46614319519966574,1.0,0.7444792537647692,1.0,1.0,0.9319322248360284,0.5091728800518587,0.5158094095732992,0.5079989096679745,0.3921547585257078,0.16559279848789496,0.23188669155866376,0.28374774751065024,0.09211841734354403,0.2920392166073138,0.2539598824116219,0.135552833460747,0.1681128750831595,0.24862617087515515,0.33171494197636386,0.8621068375427234,Full Stack Developer
0.4727513935088835,0.8608527072772881,0.3528472708489115,0.20880954863904294,0.2668629299458551,0.8198912949913719,0.4106260720398812,0.6720468278756322,0.8475110272258914,0.6046365055738424,0.40622682205377497,0.9728241701836632,0.7266694592767233,0.9090131828327709,0.8006310014561375,0.774694518017847,0.527202272154915,0.4873099516980571,0.45936152476297293,0.43077903829578484,0.1597363932732753,0.1798692512337427,0.19308202203155536,0.12855719042932603,0.23607786339216774,0.2593604654127468,0.1928453349437088,0.16700544870130837,0.19505610020940503,0.3279668621129826,0.8316736308712751,Full Stack Developer
0.5459256580300633,0.8530163128209527,0.36215749815208365,0.2781397898187001,0.2948085330355627,0.7874941473920728,0.5125651098698963,0.7636217123426068,0.7564301514876798,0.5679480994569799,0.5607932051223848,0.9257846383384357,0.72246995246855,1.0,1.0,0.9785260741324242,0.49231736692233624,0.5613139954799267,0.5263491839112062,0.43460968745878487,0.16762256905095432,0.2079989764504221,0.25886974538396545,0.039394708784104844,0.10593489837140752,0.25262255869578526,0.1798446048323943,0.06496511250594761,0.16806923803547605,0.30944081486143127,0.7806165413639076,Full Stack Developer
0.5609004005421183,0.8906289061018202,0.33279373611312335,0.2076368217280974,0.295346438612487,0.8616856223901164,0.5304688175937362,0.7203743958320641,0.8236828049527658,0.5741811687728245,0.4670011717024486,1.0,0.6734465107160523,0.9806148405142597,0.8834224516323477,0.7674622019934547,0.498676699144858,0.6092450762379588,0.48757213427321566,0.3814311055312752,0.1809223187541367,0.1626730335117597,0.2999464890821544,0.12010044181032324,0.21323545629495758,0.25057967601550934,0.21272478148607804,0.19102177289394523,0.18496290057020554,0.26738420274027574,0.791139459159312,Full Stack Developer
0.49743953109965067,0.861888522308952,0.3827281039946802,0.31681129104897454,0.29584690428840343,0.8353952582259733,0.45751352389028654,0.7158553243946599,0.8294360988755353,0.6389103316860718,0.5383766687619518,0.9943225793634535,0.726834134055233,1.0,0.890443087905763,0.9767233267749145,0.5263820494818093,0.5158917106921251,0.4535806236554013,0.37294289171259287,0.15910561197255374,0.2186743741905508,0.25574721455293,0.09375447810824372,0.17939215258226082,0.24087077304036977,0.0976396112177364,0.14327205472763638,0.215479044182025,0.27193206433036893,0.7504838002699578,Full Stack Developer
0.49702663076704306,0.8842048170374303,0.37905024957918637,0.2586479582860361,0.2545529249252901,0.8191115004513022,0.45226877391354664,0.7606938663167447,0.8594069914746637,0.5936911408567207,0.4544257639794786,0.9976716596139128,0.8040825632004609,1.0,0.7982171019250234,0.7889358681921903,0.5370850280049156,0.49625729780540845,0.5154535474767848,0.47171390874989044,0.21388336456239715,0.043814434507143535,0.27870154741406616,0.10312903302764194,0.1756798777443147,0.25751110569004076,0.1614045232783586,0.11074430195486719,0.2290539828438095,0.31880090043516973,0.7344803200233612,Full Stack Developer
0.5731654528715568,0.8667087366792376,0.3064370812188864,0.1933126219421455,0.22293766951649752,0.7375407811341396,0.5297171250651728,0.8112929140501518,0.8490529083118442,0.5336013777752889,0.5216353237228593,1.0,0.6913930762278725,0.9963760916293636,1.0,0.9514341393178475,0.5667218655797907,0.5021204933597212,0.4064872060409092,0.4662673573115893,0.14769751730010616,0.14128460470074627,0.235652156836928,0.13307305065270097,0.23414893370217632,0.31657802333959945,0.2462771264628791,0.1811482757705853,0.20417589870901828,0.36739682993314576,0.8059934868097628,Full Stack Developer
0.5654422749722305,0.8715162817295556,0.36537952312511857,0.3188539279575805,0.20480516229594758,0.8592733437217882,0.5201681401434687,0.7222316560209054,0.8048899148976696,0.5879398099747563,0.47793236645015036,1.0,0.667719911193507,1.0,0.7864570287754372,0.7672614496124224,0.4959330919161458,0.5339340474420536,0.48697654971147436,0.4949845519929954,0.16767881195812057,0.24662005267451992,0.2505640926755845,0.13156306341512736,0.2709703430128894,0.22702422481632475,0.22398212494598338,0.07566378871963608,0.24604902446585575,0.29273644689750344,0.8627919340722346,Full Stack Developer
0.5147438874168503,0.9035501507620077,0.3152565505167984,0.3858268051602454,0.2751048783796932,0.8972793086373835,0.4617794443683602,0.7183587762545223,0.8276366936922863,0.6493503984373138,0.5372936777582221,1.0,0.725916962453015,1.0,1.0,0.9323367699721284,0.5341774669320816,0.5877074515575649,0.41284007091260677,0.4826097002683268,0.19880796203847417,0.25731992438333756,0.1407042464811228,0.038629272547593144,0.1797344808471658,0.21484470873279188,0.23810166041603048,0.12199924408217305,0.18861218293241844,0.29758575530266257,0.7885219822101921,Full Stack Developer
0.5716950949644867,0.8873235699615046,0.3141537447605152,0.20336741522730378,0.2886275128436294,0.7767977377791416,0.45050046942117056,0.7215031996655695,0.8444582828300148,0.5860883861123127,0.48360113361564133,0.9635152126287608,0.6931784792902814,1.0,0.8377992607849072,0.7796989407370316,0.48703308803663903,0.4881360295796199,0.48644417919518057,0.4383355791051679,0.15880112081863076,0.18176751943594724,0.29329675928456855,0.1277601742167394,0.20371617277255538,0.23527045734793778,0.22108663803124162,0.08556083132070903,0.20658435798873134,0.35348010298173915,0.7722894134446869,Full Stack Developer
0.4646720768590005,0.9214435707527979,0.30698407057282423,0.2569242007553954,0.2795409246766585,0.7665110372700216,0.3981922474987472,0.7425487594278378,0.7443356230474297,0.6269814153669386,0.49402001085711617,1.0,0.7292153644586501,0.971419988867848,1.0,0.9805134814362402,0.48620444655108364,0.5467797193919275,0.4787863128478142,0.485710866594068,0.12649080840632254,0.19633715438045735,0.284010684370821,0.09033750212348628,0.3219068977503957,0.19249288185246213,0.19030158307653544,0.13919329295527744,0.2135347643831443,0.393256379796045,0.8572991860718792,Full Stack Developer
0.4105839689798856,0.9274687657929405,0.3186054576521878,0.23063113760674916,0.2730750970929055,0.7914730224246449,0.44770344128890505,0.7019290507002582,0.8128380155561963,0.648712761831542,0.5058340327046446,0.9960302808034088,0.7482535237773467,1.0,0.8426130493152767,0.7810994570477492,0.5653224994866007,0.5020294213734887,0.38288255108473124,0.4714609391358273,0.15075614288548453,0.1463472964495627,0.19141362669618905,0.07010006933247054,0.20087409286508162,0.29761464058942033,0.2701336986878408,0.16774744724875532,0.22192777841978184,0.27909967377603045,0.8049932605961704,Full Stack Developer
0.49927088760116756,0.8011608060643018,0.38386550334803593,0.26655878694805757,0.29482910213936314,0.787268066953583,0.368765220505006,0.6742433641877399,0.8365351049919247,0.5902001351134614,0.5243843833797702,0.9830109072636142,0.7272297869545226,1.0,0.9505904949093199,0.94791791290258,0.6017304587863871,0.5098085890745074,0.3985380599569444,0.4757955953240273,0.1126581332787571,0.12812227295485215,0.2565485202512244,0.1252479650125777,0.23439570823176384,0.22717372563569607,0.1472757063363585,0.2823043858483608,0.2073407138574421,0.35780130887944406,0.8193588183504805,Full Stack Developer
0.575868414226733,0.8218420392738195,0.35319833148343627,0.2457928208898736,0.22372107039119346,0.855006462727325,0.4234555106348572,0.7506150240645186,0.8674476326854212,0.666588060723334,0.46309579524308586,1.0,0.7471209744342542,0.9528071202328077,0.7632672145571855,0.7877520176096476,0.5883636779907665,0.6458964229050458,0.44076872772648773,0.45428395326216875,0.1259150596314357,0.23097993640153117,0.2803611970257334,0.1175938964163693,0.22018708044611465,0.2065810973942191,0.23643940638736005,0.2161359134995342,0.2512646420553907,0.36737222657713475,0.76188584644568,Full Stack Developer
0.5078811988160384,0.8815870306218535,0.31345421939694024,0.21288452929891158,0.25586705660199555,0.8090194743409241,0.5949221514752917,0.7831342637653763,0.7713657659871481,0.5708060084105983,0.45725264388633236,1.0,0.7082317243912262,0.9946110212353582,0.9683538450708501,1.0,0.5921099505677291,0.489680306000657,0.4193303443999032,0.49533114613950185,0.1293799870346954,0.22008987831917143,0.296609427133235,0.06318770260387686,0.24115636152296702,0.25630634958834586,0.13675332405887605,0.175223154215591,0.18578651839667262,0.33971870212975697,0.7933709135783478,Full Stack Developer
0.5307383267646822,0.839585556971641,0.33386568879976786,0.20579207827316767,0.25101881185429537,0.786037106269643,0.40368153663854944,0.7337455827781264,0.8647987492256319,0.5716000129773514,0.5466140941923886,1.0,0.6450325184190767,1.0,0.8009362926924749,0.7884052561371064,0.5553495534287751,0.5281404741172061,0.497726992336748,0.4960552376159098,0.1313785716468518,0.1585932035812754,0.2405683136373654,0.0728196654995297,0.21946539255186773,0.2798118390614173,0.13531295966978757,0.16894357285964487,0.16614991202161378,0.3501758959943503,0.8214153968112752,Full Stack Developer
0.5549406028682318,0.8141328369274218,0.35242572936901756,0.2554606873206264,0.200620450020275,0.7422047481020995,0.4428966392245249,0.7313604694322672,0.8484222917484278,0.5879099364625432,0.5146374999143325,1.0,0.6863788094542026,0.9808757741705861,0.9885119787232511,0.8879265396960686,0.5630315994520976,0.5873330376809169,0.5290770970234101,0.4746058868831979,0.18104445537376698,0.09318345699617872,0.2269095846891807,0.044931098356128525,0.19593669468715064,0.27066523856694735,0.21054878157882972,0.18993555030391682,0.2188926611374368,0.2951139318318091,0.7909631665031499,Full Stack Developer
0.5241948542617728,0.9088472319196881,0.3333604933447024,0.24924986982048677,0.21175499295644426,0.7703471037968761,0.47031488132484245,0.7245199652667551,0.7413196915425148,0.5405478553424734,0.4571410656578995,0.988733394480325,0.7624705149093448,1.0,0.7990845086950104,0.7590746823224352,0.5593527238723721,0.5430581402856077,0.4375252663242882,0.3547702570157055,0.179749731204216,0.15384684440867397,0.33680213195541214,0.08631790166436387,0.21401455727567337,0.23149295023121616,0.217498176641817,0.1908523313504223,0.15527215626519947,0.2717762582239481,0.8441115297905086,Full Stack Developer
0.4969287030250006,0.8861745615081292,0.32484098146178403,0.18388792212532076,0.3229527813145665,0.83449174849561,0.4829860185936853,0.6932403572219608,0.8285315475863662,0.6109749061211893,0.4714511667961796,0.9891952809457172,0.720635437306084,0.976479638445136,1.0,0.9720197905532343,0.5215698689765421,0.52520734957439,0.4605435189002998,0.48022322513900717,0.17485000382665586,0.20871983998722327,0.24126265615913128,0.09956717028406421,0.23804324574341976,0.26813649152574986,0.1849287065928624,0.1736603780414882,0.16717155931066494,0.24775340586696548,0.787492355311206,Full Stack Developer
0.5033550214268374,0.8475001204835239,0.295372090368497,0.28114390473262446,0.2947016054030933,0.8003305748849286,0.4287303593976809,0.7081801576310444,0.7988318495476868,0.6340323264193313,0.44693077387435687,0.9777981470285958,0.7294216336916466,1.0,0.7846996720511866,0.7580077982241038,0.4470166635975613,0.5818735690626855,0.42069403925126214,0.4668472205464889,0.22466928786933954,0.2236756654180787,0.19533484095137849,0.14059123917654115,0.24759563102046478,0.278431092030354,0.1117412741779851,0.1512654325106949,0.13202964821950106,0.30587332915703674,0.8323166356665543,Full Stack Developer
0.5938669164564764,0.8984093417792162,0.3546976822748224,0.23811159512894148,0.24494702076713945,0.8197149236458181,0.45665999592406115,0.7542644298380834,0.7946578655977736,0.6583902848802459,0.5399932202255636,0.9660378533249997,0.7540709491796977,1.0,0.9585696664163086,1.0,0.5521804484046549,0.5436011291402609,0.49660376922608745,0.4697477715500783,0.20674386623961172,0.11851073147238386,0.3236718608085333,0.11573643739039975,0.22483312490396798,0.2101709401649509,0.16391619666527674,0.13796330990538294,0.18070670001969455,0.32737153129298313,0.7459373603911263,Full Stack Developer
0.5863275824672076,0.8843853405437903,0.2965202101083994,0.2976970559983149,0.24676576584342436,0.7719858658986323,0.5130605782413943,0.7050448014931854,0.8020311678093874,0.6363735226936436,0.5472404546916666,1.0,0.6543784807473711,0.9573286813435168,1.0,1.0,0.5662422461366696,0.3505544478073137,0.4247356064667816,0.24027496277672702,0.29637481926351494,0.3326379860163457,0.4755732836657257,0.0958433878828392,0.21397018654640793,0.27741981293548457,0.1806364600998291,0.16911201227655415,0.20331420175064613,0.3042091472612117,0.8195276470073444,Full Stack Developer
0.5207583922912082,0.8720581395023372,0.2990009160680285,0.2912595745119688,0.33445067902130293,0.8325245195676895,0.43112994759075207,0.6686376904524436,0.7951285977134859,0.6236603948551235,0.4727617394731745,0.9871973654075638,0.9183938050858037,0.9364847692990901,1.0,0.8950002366249616,0.5739897509309368,0.41006239271295614,0.46341903142617574,0.30871280983608806,0.2810782912346744,0.3511774536279974,0.4334511840998635,0.09800617002268004,0.1838058446854299,0.2437938963760417,0.18502678300186848,0.20668432225306452,0.2656925919781974,0.35147697954924034,0.7858502126798532,Full Stack Developer
0.57387012738108,0.8482285131243725,0.35005616907065756,0.24197343556438694,0.26799264099897896,0.7335812130943583,0.413155937038106,0.7287982287440329,0.8117098599022765,0.594482121394908,0.5347183611879991,0.9150366321789705,0.8925023226981175,1.0,1.0,0.9640188642533899,0.579798905025794,0.33113370398191366,0.4164486027128402,0.2844519470392337,0.31337063956706374,0.3249057888051775,0.3692934532072223,0.08953777104942917,0.253515416760458,0.22573091903446316,0.1360883994150362,0.11192905797494701,0.23975671977612467,0.38410672741506724,0.7689998594389287,Full Stack Developer
0.5500041597112021,0.8894983626292201,0.28156960721055474,0.2786537541908274,0.29487005166151753,0.7913340316653604,0.4450115758026817,0.7404843566877297,0.7687625513430743,0.6467829242202736,0.49940864570894156,0.9826691226854868,0.8676956744643665,1.0,0.9816525931019762,0.9194521687632291,0.47651837811653697,0.3863546396964681,0.45362957790987474,0.24919143108998446,0.3348366382544782,0.27388255039268516,0.3917550496633703,0.11873839740606727,0.23351307451954026,0.2431523546203675,0.18915858584248152,0.15590913883264307,0.16499881504737834,0.3135357114905565,0.8423992709957914,Full Stack Developer
0.4714425491599126,0.7609954007821721,0.3088082799568707,0.31963365443283087,0.25110169581955144,0.8034633033878563,0.4643218608668158,0.7039385407444276,0.8540079545258102,0.5905019199369426,0.5429924555271575,1.0,0.877163936244446,0.9586832598871041,1.0,0.930155714397255,0.5455100384112136,0.44746247579651866,0.47597906010795776,0.30412939485243184,0.35676252608228254,0.3441265566413123,0.3990542035835558,0.07697313182523426,0.23281213624592528,0.2179460966959334,0.20180269608010834,0.12483379735988853,0.26739354653200054,0.2997489219288598,0.8238891930228215,Full Stack Developer
0.5409453941343179,0.9340019767828641,0.35135550402562826,0.24281569697422836,0.2655554719896274,0.7681681646974717,0.5141006979851811,0.7186126121873023,0.8703235964375861,0.5737857207056436,0.6029879265378714,0.972703473193166,0.844115367237878,0.9744261513890818,0.9607831290112238,0.9523495568854996,0.5070752873330721,0.33353862702887765,0.4287173629812462,0.3780224182198466,0.27231873820830466,0.3250004479643769,0.3808151556376471,0.11841712918867296,0.2213421771034587,0.306524116542212,0.18235034703175176,0.19204982644387789,0.24179884916296196,0.3102415809956522,0.8084478170856331,Full Stack Developer
0.45551691961441093,0.8821304150888234,0.3458788486711076,0.228214541134903,0.2176916825438373,0.7919021809257978,0.4136169181613181,0.7352421021861848,0.8247893504907216,0.5298296657440734,0.4663945460845556,1.0,0.89791561566432,0.9432864026947072,0.9678554848371975,0.8651355227047677,0.5857558025788527,0.3788748480748254,0.4702417252205145,0.3447125744338079,0.3082923093583922,0.3284597331039049,0.4610505879007982,0.06729838862795014,0.16511963836258503,0.31175015497361264,0.17042759495013768,0.08054989842136724,0.17115383573498083,0.2979491815229731,0.8807853735961519,Full Stack Developer
0.5377057388690711,0.8558005210243841,0.3110040184444334,0.28591957954425584,0.309170718362824,0.822785733640707,0.4980389788395596,0.7933066743164542,0.8037532420850751,0.5797019363417495,0.4828181827146024,1.0,0.9026875483331406,1.0,0.9658549350078744,0.9051625993113894,0.5400250716454591,0.33955799751618354,0.455897257809589,0.3447245772580308,0.31226804610650616,0.3079822960114405,0.42320438169860713,0.13864526834537091,0.28712778952966467,0.19370846689770208,0.24811916002072099,0.20705867713508272,0.15063135510461725,0.28592035655715625,0.8382703656053369,Full Stack Developer
0.5378621520697584,0.7949441728207928,0.30536109834962777,0.27992921947058025,0.3042405320479309,0.8188424859194974,0.3771239728464177,0.7024780340625951,0.7608615296297626,0.6276850274366684,0.48134091609756213,1.0,0.8803666656498293,0.9532393446554327,1.0,0.9840872241669574,0.577352228682519,0.3881648939274374,0.46125741216906013,0.2725527957566161,0.3681362984387613,0.3822328241573241,0.3911472458804848,0.056454484543221446,0.17329772383550923,0.20148974352116542,0.21317147599858477,0.12232302427144862,0.17759353073519285,0.303719720593459,0.8069477968890444,Full Stack Developer
0.507493377977323,0.8822112347378318,0.3339749325015646,0.26662009658243635,0.3443975487759088,0.8083607896670066,0.47194537771839024,0.8281750948396467,0.793994022636706,0.6587312141082565,0.5491750402201092,0.9624706360204739,0.8794346877332696,1.0,1.0,0.9059413907331635,0.5083172699237624,0.4150950891069507,0.42455333447019433,0.2840038892004443,0.260466455685425,0.2842680598384466,0.40772948360898015,0.0943952371319052,0.22071295905017782,0.23473244489796694,0.23631224777147591,0.22482131617317674,0.1720843486821134,0.25803986058329476,0.8167581568573542,Full Stack Developer
0.5565585272317224,0.8332533752245027,0.32633551688843626,0.29738971499889133,0.31144355223664594,0.8216831878861404,0.4627022249266983,0.7119064842761015,0.8088957372510535,0.6034633014743086,0.5265442836496166,1.0,0.81822335051407,0.994302258202916,1.0,0.8414960130226343,0.4861678845992886,0.33933687877274243,0.4915201957151175,0.27703612360904684,0.32217063108961624,0.3372681650230059,0.43701159450457594,0.07352862816185467,0.202379521375365,0.23203903299109244,0.26621730082686273,0.16649294133726736,0.22467467592129045,0.3536325597322945,0.8438193019342946,Full Stack Developer
0.5509882404198567,0.8665584842180316,0.3583612762600178,0.3582424909252823,0.23756316694492874,0.7827069384081693,0.415198616460099,0.7387719829677212,0.7814728441760881,0.5575953421455808,0.5003017840531643,0.9452968672650197,0.9238030446662396,1.0,1.0,1.0,0.47485833480272277,0.3730586142587909,0.516696413459319,0.34777910191819084,0.3518950100692448,0.2756236969746176,0.42871081794426713,0.1423773417105607,0.2012182725528315,0.2094860117795963,0.1889836879875151,0.15234000153184782,0.21089047557998603,0.2675749724649101,0.8656643212032233,Full Stack Developer
0.49315506027046374,0.8237603901636832,0.322519655449199,0.2693985916276283,0.2048378643960024,0.7799764206437557,0.4586868205217106,0.7043416689919997,0.761530797751811,0.6378991448580645,0.5370656899606763,1.0,0.8961562385633102,0.9524439109194011,0.9865594609598892,0.9916924983045058,0.4915380577033819,0.34007140207998815,0.47579112848304006,0.3274169829978647,0.34474456355782185,0.3303601973035444,0.3773806465500048,0.11961346130988887,0.19022556074119795,0.25363552946030093,0.195119089108022,0.162408322687527,0.29321245323947204,0.27760403576494863,0.7705066157892634,Full Stack Developer
0.5584447077346137,0.933980187553105,0.3653707884706748,0.24949517104672492,0.23548309892617167,0.8373989678776333,0.4608833242242629,0.7104168932856965,0.8428037390623067,0.5939988444174776,0.447475518653083,1.0,0.8596559437688612,0.9601254037238258,0.999773339236381,0.9555853135946423,0.439208437592929,0.4231536292063869,0.5051912614600447,0.29238147231316663,0.28589222343997645,0.3391474435968378,0.4176030935407923,0.07872179762963744,0.19459691428932363,0.24710055122996513,0.25310928647713893,0.12237869404055252,0.21242116625429316,0.2895037294037162,0.8127238231066495,Full Stack Developer
0.5387399952782322,0.8149278066279348,0.3614899268629078,0.26893829693360183,0.3192613893218781,0.8037814796525801,0.47262761728681635,0.7484024521559766,0.8567556944275915,0.5273167507414892,0.4377905490684901,0.9958933951015876,0.8880317007963205,0.9337678568489453,0.984986216774617,0.9073529445514373,0.48826688932646445,0.3725639345171937,0.4934769964912634,0.37100730754637246,0.4020795093532573,0.3672895609554558,0.43043594611168284,0.09566962764104327,0.2209650911610709,0.24592473876467166,0.2447638771115202,0.2389907290019551,0.15341456319899932,0.313110790854495,0.8383011720284972,Full Stack Developer
0.5106264023089836,0.8477908982189436,0.38496418757170486,0.2382560190793589,0.2934062025919285,0.7901886026859675,0.549870976708184,0.7813624870425403,0.7867887076245101,0.6110993200714506,0.5234737068054164,0.9832509691285157,0.8608862599311896,1.0,0.9872811721209871,0.8812884667300631,0.5625807681822633,0.4180695249474362,0.4519310093852635,0.26607850421910956,0.3706391372424963,0.32367122715645685,0.4143075078041399,0.09671852528510395,0.2732073163075622,0.250479101324453,0.21771294586196685,0.1687554004362109,0.20060638948250312,0.31232415774027367,0.8195784335281961,Full Stack Developer
0.4712658189218027,0.8736490817992685,0.3239527613321587,0.2380517992239174,0.2849493185987085,0.8029251378921012,0.421469503572817,0.6959066486637476,0.8080339552195793,0.5686968171715364,0.43371308905564065,1.0,0.8239880037684219,0.9857473066106628,0.9508470309851472,0.8997905549470047,0.5536056861022766,0.35327848611832857,0.4560647115075629,0.22452914075226538,0.38748986504600186,0.3318256333873133,0.47335374400101826,0.15110151509590944,0.2625036108341688,0.2300948915582571,0.20183419761032362,0.13514470667790923,0.20351858937443057,0.275227388173127,0.8565048508172787,Full Stack Developer
0.5515714553731896,0.889214177744212,0.3161438005446768,0.30532430042058756,0.20386445761248895,0.7986770274608433,0.4673257722330858,0.7964638158864518,0.7481623583371058,0.6542339199106233,0.5463012176122446,1.0,0.8505628436513414,1.0,1.0,0.9492671883619369,0.5542743819779944,0.3989429588151915,0.4395017661656357,0.27087197510916156,0.34855233850633666,0.2934252949401214,0.43077024115527957,0.04873331663195264,0.20645220505280523,0.3002556731336112,0.20869134334124817,0.2226875698072171,0.26729741070263824,0.3612120862562705,0.8175421906088272,Full Stack Developer
0.5116290490020587,0.8557729026673996,0.3257613361362374,0.30265335083194556,0.27583128961005476,0.8372130219709667,0.5271522069039697,0.8086293801089399,0.8279905276184497,0.6278131716908967,0.49200297453749403,1.0,0.8395958989379995,1.0,0.9468369901072788,0.8858665381414392,0.5528881451369067,0.3404002963057449,0.44355519134194316,0.314446215200099,0.35579400943515205,0.3964276609796119,0.34197636923921393,0.06560516055790697,0.1397247389849551,0.18927612440463829,0.22098631293608728,0.17383714806139763,0.13592379911258934,0.33826790733485684,0.8618695722466659,Full Stack Developer
0.47360432478013875,0.8811692707525943,0.4025225134641669,0.2232943307417276,0.2637670788014782,0.7440767636378591,0.5153407833428126,0.7480006695063547,0.775661027871782,0.5925645876333858,0.53747790868837,0.9360262401033544,0.8407509918405507,1.0,1.0,0.9557500290621369,0.48212830353428415,0.4194439652045243,0.5122131310335145,0.33720288186382585,0.3183129777669258,0.2947266312757267,0.4752730728713381,0.081292783647674,0.22040407307305107,0.27703313054794465,0.25077849515247086,0.1461775386785251,0.25209104979461305,0.30329248623716926,0.8320889068867393,Full Stack Developer
0.5421674124573117,0.8671021289313615,0.2839455449486066,0.21827537904141453,0.3068391589289883,0.8213622693362715,0.48354324177314795,0.7201465786462674,0.7849716530056646,0.6188125422276097,0.4869458913363484,1.0,0.8265449087828461,1.0,0.9586624002925092,0.9466773904111131,0.4963899873664967,0.4314890747050033,0.39996403811941006,0.33913029073359036,0.30494793158146966,0.34241817633667454,0.4360766618724267,0.0791843210662285,0.19852524145185807,0.281973727875507,0.20645476231530027,0.1640890786302304,0.1840350893860023,0.3156708100973015,0.8662537204408584,Full Stack Developer
0.5758769650753631,0.9321562114829722,0.40462384671283896,0.23046875196810984,0.26992431642443926,0.7790020385466238,0.49699763618540277,0.7249780118567152,0.7830263856653191,0.5842989046399366,0.4705346195966612,1.0,0.8948319846897507,0.9717869606632933,1.0,0.9506758615417145,0.501712002461912,0.33774215965725995,0.4282226700448914,0.333699654458968,0.3767344263730783,0.20685819387533502,0.36975781313055817,0.15190477557521545,0.2035289790313194,0.2820850829463756,0.2032392991851468,0.18751665237937087,0.24392619732706225,0.32392205122736256,0.7662617793283294,Full Stack Developer
0.5386664873346042,0.8481365303091285,0.42970184817219437,0.2523839828978409,0.28823266000385406,0.8398798657171288,0.5095790430160322,0.7783534604900683,0.8470239088037058,0.596192367944068,0.5317953300105744,0.9246805373014833,0.8994897405943957,1.0,1.0,0.9730572039849932,0.5760987844853618,0.3660636361926046,0.4552400798665813,0.32505178800275863,0.24707370846934462,0.259231280325396,0.3941518549596419,0.08375221538119844,0.22700877481492152,0.32401113261548165,0.18216880427640583,0.1937427999269074,0.13520982958403693,0.3074503057308763,0.8284595028878962,Full Stack Developer
0.5007091319165237,0.8403156990233801,0.2558816103877253,0.228516659737153,0.31262626044807235,0.7857900482479696,0.46489663003073317,0.701605661336321,0.788232256030498,0.6479670628154411,0.48232693434639196,0.9708136752498852,0.9224860835057509,0.9988459492586378,0.9755053973737268,0.9446605435575285,0.5825432429789611,0.3847737450186873,0.437300220117275,0.3019094943993544,0.25486732399820244,0.2809452842180337,0.430915692813565,0.10120139043624501,0.23086901676702598,0.2572162874969996,0.23296828934774585,0.17942439325977788,0.24050996358608429,0.34339137683584114,0.8206141002314662,Full Stack Developer
0.4823141897878401,0.8356562077044075,0.31759950011645643,0.3346848130009909,0.3218875282635894,0.7675049397569126,0.4603919312802869,0.6993711917959031,0.7691933970302615,0.6403760880744305,0.44126452705147906,1.0,0.8710013085054783,1.0,0.9952171288234295,0.997352435758627,0.54152490335899,0.41764162067361726,0.4737393735073655,0.29996029545302255,0.3661328209093019,0.3207101150138,0.424422330081343,0.0721454034321439,0.2165193332165339,0.132783992201246,0.182573287764192,0.1882833796381219,0.19415906947047834,0.31630394806178186,0.8227507928962716,Full Stack Developer
0.5784066760496688,0.8483040020356034,0.3732119326937833,0.2578313538675589,0.2880823326491326,0.8832754586645405,0.4984208403321626,0.7815738993435255,0.7838165105119593,0.5964649330706869,0.4568741571894264,0.9757128341103959,0.8816018344690856,0.9722149729696428,0.9968207958204606,0.9192899774424065,0.5458500441009593,0.4063482971380431,0.48872040177866216,0.313734651117156,0.37052609668252623,0.24327251685522097,0.41629878327949843,0.1311116742322052,0.13295304799780544,0.30912703826099625,0.18796681429031123,0.14793385705055415,0.23070384201431895,0.29404702009072936,0.8539929301051075,Full Stack Developer
0.5165170584324964,0.9210292142679056,0.38787481377405403,0.2634838916356691,0.2398780412539191,0.8724318851855557,0.4005499324081934,0.7177369590161438,0.8347027645411698,0.5413518425249874,0.45114975547669794,0.9927112790609257,0.8845920151448572,0.9245160415649452,1.0,0.9314231828620596,0.5683019242139787,0.3496364731141067,0.4496787711156603,0.30910328371130974,0.32378918376431604,0.3444551485602381,0.4464283319056238,0.05365482734563385,0.22259874901878693,0.2333597570339453,0.2158381325517587,0.16221153042182004,0.20209884507019116,0.4029093286875216,0.7527754583356872,Full Stack Developer
0.49771508456334207,0.7707838911893292,0.31707607861681514,0.21434239447309583,0.3449941553822341,0.7898316042952555,0.44502018494923923,0.7572122448666868,0.7571377792748856,0.6307506652592257,0.5293964932639253,1.0,0.8953978196491198,0.9264124622377918,1.0,1.0,0.5388490543630984,0.37954000834072354,0.445460045690584,0.23160583322810874,0.33217938261214414,0.29553984121461246,0.43084098944774896,0.11456331373886383,0.290961876447724,0.22392218834879196,0.15030953683613524,0.18637031875109356,0.1960791620554385,0.3998539163116901,0.8332938527464113,Full Stack Developer
0.5104060105676708,0.9051469182186473,0.38320628898518455,0.22095027324018113,0.28512240987846116,0.8916751589299123,0.4017497353519034,0.7012283880274346,0.7918878312992763,0.6206494506200241,0.5130510219148721,1.0,0.8655433107925922,1.0,1.0,1.0,0.5833624085052056,0.42806246342116594,0.46849209556736326,0.4016799293336376,0.2598762911840833,0.32768604581669375,0.4477791039818255,0.1029747911570146,0.25956573403521993,0.23373575390389079,0.2516248544538547,0.180054602421144,0.18477767731214326,0.3047768061731506,0.8115950280013411,Full Stack Developer
0.4920701742128342,0.750055537744029,0.26351435165777004,0.23896521365370782,0.2534067246261857,0.853115363076388,0.47535526204977446,0.736756000245115,0.7705999245134971,0.7143460153964422,0.5007015263099561,1.0,0.8745457811412456,1.0,0.9306407788123328,0.953189405702438,0.5440231275985047,0.3841553513373715,0.5088239255429947,0.23359725408878707,0.298710961271961,0.23481880054153448,0.4069915512104067,0.14392722174645636,0.2545946440182719,0.23122636662466914,0.20833252817685546,0.16039764696401443,0.20180178620070352,0.3694749095298416,0.8685720541248528,Full Stack Developer
0.544459282834221,0.8616367639443777,0.4087163836197544,0.28206605036644505,0.2564263398406972,0.797500615592696,0.44418830444070445,0.7609641802849049,0.8126300629047967,0.6086446731711177,0.476844341654019,1.0,0.8680144431348319,1.0,0.9474503530505977,0.9590024803852508,0.5150356674608596,0.4013205367253395,0.43288073364356816,0.24989909661505133,0.27920705988744393,0.25452792633611193,0.38865096166834684,0.13229820748652987,0.18469692586441472,0.21421943658512185,0.21316632443266434,0.09869870606966909,0.2271715551218058,0.32226936017261315,0.8171594636724437,Full Stack Developer
0.5116486496058399,0.8532395403669841,0.3750957424602028,0.25750118646398745,0.2915799572596444,0.8429784015681258,0.413489580438866,0.7034491978446988,0.7668063680171616,0.586140711729634,0.5066243024229179,0.9644034400935317,0.8411799286034316,0.9858798610397782,1.0,0.9167188163761311,0.5437792583489705,0.36755861906772547,0.460559198587788,0.2703891161047293,0.21991845592796794,0.2917921412643471,0.42650067931084745,0.10261063579519596,0.2428202075194667,0.18102373220443546,0.2148788615623707,0.15295714393657175,0.16928160409372697,0.3458892414401373,0.831673550170186,Full Stack Developer
0.5615817985231241,0.8864411714478889,0.33443480797908276,0.19979647526984834,0.3167639856917397,0.8119964644706817,0.4242497168635351,0.739857663805523,0.7414485327872219,0.6540773798270635,0.48411238252854005,0.9558923005932757,0.9250863952399948,0.9471827336445658,0.9864415101422527,0.9428366003216729,0.4877338895034374,0.36337362545981955,0.38939310329541804,0.2797251001228226,0.24278095746861822,0.3531408549209199,0.392364253855459,0.05167678005659901,0.22325373665947268,0.16975594567723803,0.17040690562651437,0.20402179284975577,0.14383632126839357,0.31373961886084617,0.7665393275096639,Full Stack Developer
0.4322620511839857,0.817700317708861,0.3104030606158466,0.2680701379433342,0.32207031051753765,0.8019704143242639,0.4654445682408389,0.7614214994317877,0.8169014473175873,0.5731345667222779,0.4768038871949342,1.0,0.8932246590738364,1.0,0.9624477134178031,1.0,0.5078871385571917,0.37512831932077517,0.521258124624985,0.30185376358119803,0.3150402501965205,0.32918844118516544,0.39177560119994526,0.09626572808590109,0.2445372070031053,0.2775075991548252,0.2638273569694174,0.14539314008392906,0.2527116028277717,0.34910794264543776,0.8432659746252409,Full Stack Developer
0.4623823640898096,0.834219916329424,0.34782737636776195,0.2868331125322363,0.24993072675335795,0.7880230407489401,0.41872348120093705,0.711262341793675,0.7846986978014332,0.5849426453729902,0.46399294179731027,1.0,0.9143283439432563,1.0,1.0,0.9606443051425949,0.6293971703968096,0.3472964325776241,0.3736778114339323,0.261586794382856,0.24256429677998254,0.268247117535268,0.39309193361745953,0.09428973447596252,0.25773554807560073,0.3068127751770586,0.2118173505384005,0.1262236144834677,0.17971437252441846,0.31325679897281405,0.7829095200692203,Full Stack Developer
0.46186933658951146,0.9156634813182698,0.27689161072872737,0.23736592376131135,0.272529820074457,0.8097746897027782,0.4449509032502199,0.7435580406524244,0.7574352529527527,0.5959846906530455,0.4480662407128996,0.9648091711059549,0.9125247125163739,0.9907665709152306,0.9800262088393854,0.9178325093911492,0.5130654968091508,0.38038103012047403,0.554535622231241,0.24043225370385315,0.2783052628246938,0.27973751270470204,0.32847735896150576,0.09514329594405957,0.20622721153988258,0.21467972442302558,0.22599758928621966,0.15676107745641518,0.19313851868921744,0.3314788644190521,0.7854850039005128,Full Stack Developer
0.5836286680446493,0.8483457719046307,0.36461305478995043,0.25563984162080033,0.26602291028521424,0.8377272962318437,0.44874866273311365,0.7291454101528587,0.8099337641378008,0.5763732163033249,0.5197395476182515,1.0,0.8393128946065014,0.9743523465079071,0.9458143042236513,1.0,0.5641424968760901,0.3280004411376654,0.4051711241516555,0.3222049023077641,0.4107781989045351,0.31504506712690583,0.35829979287276076,0.03438604935016512,0.20068129041502464,0.1839770254929531,0.18984765550484983,0.19563055122428336,0.21060963345529127,0.3426357238475216,0.8100617918085676,Full Stack Developer
0.5448034728715099,0.8541798199475135,0.3426325075584475,0.31066474432279295,0.298815424653834,0.7524561112840688,0.42899836988909756,0.6802895294048561,0.7919303812745568,0.46840737932934706,0.5236072298086002,0.9621347232195739,0.8020726346950247,1.0,0.9586677059049088,0.8684125822194626,0.516945604576603,0.44242807634152315,0.33113192161057314,0.33677342325729265,0.2466425384220654,0.3362419731331968,0.3726927406150228,0.10119048404526322,0.19483161594106826,0.25251255655300886,0.2228981524188216,0.1950437064254875,0.1707177505297265,0.3357636465307723,0.837053803506584,Full Stack Developer
0.5061634653419207,0.8709811432938005,0.2932609292691149,0.26998667092911144,0.24141769006592348,0.7945413927987839,0.4606057363575187,0.739173474171242,0.7833796209770749,0.6662419689859643,0.4613128018228675,0.936198226681388,0.8226861331098132,0.9590669368202196,0.9876225058453649,1.0,0.5551516194863669,0.36880557505668393,0.4367655896815365,0.34334967533146277,0.27327520359057267,0.2537103518068648,0.38173169165468146,0.07811432746252939,0.23795502013950692,0.2717904263934137,0.22060545878876542,0.08534635964032915,0.1999186160979482,0.3264477139893837,0.8157285668370081,Full Stack Developer
0.45451241817612065,0.8469332756135038,0.320128679001304,0.2939445206428245,0.2677351386977696,0.7748002110314502,0.38743220608419815,0.6763488662888548,0.8222665644115371,0.5105245711171794,0.4209189029159766,1.0,0.8984959079735576,0.9448949550112098,0.9756771410361338,0.9948209825004058,0.5409931443374268,0.3930290340349894,0.5238965219343646,0.36922619466565676,0.31758650407049066,0.3740787936431163,0.4521186265248954,0.08020390854021339,0.2295611434281034,0.16747458528320383,0.22237930233239792,0.15286618340591207,0.16691866444051603,0.3651643957240845,0.7581187705947969,Full Stack Developer
0.5296246580271682,0.9006228605259875,0.31933826235662016,0.26469937801591803,0.235677352104965,0.7648770715573149,0.45116825923106063,0.8570222039208706,0.8712620319939179,0.5780390179129556,0.4939791362067321,0.9827996473098047,0.8205827008125663,0.969484871394644,0.9674745161799749,0.8378193466925585,0.5273120870601319,0.40764808811692255,0.5418269136138361,0.31772009750062213,0.2810358743098424,0.2773918934671149,0.41390786113626027,0.10132834889818784,0.20994030152027338,0.2862836215361569,0.21713533726830342,0.1940266496514655,0.21322696991203663,0.2974149864949829,0.7340510545967371,Full Stack Developer
0.5103861132165182,0.8380413591285213,0.3641351310041945,0.23516267293225862,0.31348538464795217,0.828632107644759,0.5278117689904991,0.7942023933594397,0.8294025976791511,0.5541573335719501,0.48228960363597045,0.9718705781690407,0.8779155648078438,1.0,0.9749113038270478,0.9613718726618097,0.5136566666727488,0.28759892815316207,0.4737552963960583,0.2858730430618837,0.3225156409293088,0.34872307520090706,0.40825395156719546,0.05119448550202018,0.19134172536248245,0.29663977771657823,0.21754359706102008,0.22157162068462014,0.1806987605740845,0.35438008390421405,0.8386772703809214,Full Stack Developer
0.45425186599875533,0.8760959852986576,0.34648093442713496,0.21167315759589972,0.22051435343172232,0.8845455077254273,0.4680375901569263,0.7818515996813376,0.8295485894490077,0.6020807836053571,0.45946458093675424,1.0,0.8738657126252025,1.0,0.9984499440954522,0.9516948676496091,0.5617825056025558,0.3432319960293736,0.4931277207952421,0.3263777227685003,0.3257790833197086,0.3416649401122249,0.4752211057236082,0.13390145344074952,0.169107949663928,0.21846011788703718,0.19242278286204628,0.15140984954947895,0.14448940290043083,0.3626480382512889,0.768371818833029,Full Stack Developer
0.564728971672387,0.7996210631712348,0.36973864044297083,0.29282176987483893,0.27635782580251406,0.7926630824465465,0.4607366280457936,0.7320351564994623,0.8184709062764183,0.5928095456959439,0.49870545157547125,1.0,0.8745166673368775,0.9644810906688988,0.9560572640271655,0.9344610843539884,0.47086321299153877,0.3737377730717,0.47185516752335105,0.2933438900346449,0.3357811663488267,0.32559726085725454,0.45163791081822624,0.10634594684474455,0.29237661564135947,0.2412244087861245,0.23047756922595977,0.1675931800174092,0.2014461078039176,0.28714801968220993,0.795954409775173,Full Stack Developer
0.48251905129210004,0.9102251787414587,0.345873895115276,0.28140352779313516,0.19727563242561041,0.7379190220664003,0.44852232760263916,0.6744945792716199,0.6870614092247862,0.6320285822297679,0.5129676603472901,0.9681598861859246,0.8784292685215008,1.0,0.9503548591188942,0.974030831759714,0.5217876642494813,0.3548141315315751,0.41484567031074054,0.3026950323059967,0.3497447789300464,0.32992169802305027,0.40882617455402015,0.07409747587402249,0.2842153244916575,0.21765832422542025,0.17735322430118447,0.11248405170011995,0.27006480240350056,0.2572234772397203,0.8380143282018719,Full Stack Developer
0.539668944260608,0.8450763460976694,0.3477039250051673,0.2772305028660927,0.35779896862389426,0.8733011221096205,0.49073013341359106,0.7414232710975328,0.8266662778046251,0.609406413250234,0.5142363747510326,0.9739896472599527,0.8707871585676888,1.0,0.9897035970373634,0.957118408024119,0.5193845968295128,0.37763021549350606,0.4155647038999174,0.32866475428801134,0.2472832599918683,0.3367124291206648,0.36278367231842557,0.06206412254894496,0.17569393628285623,0.27437762959627376,0.15156073308891188,0.1675840713355849,0.18329616137450214,0.3147729466439327,0.8299220542168332,Full Stack Developer
0.5105922829540633,0.8585714629884387,0.30211506798460336,0.22049835905029866,0.2110253936596977,0.7886877442665983,0.5205998335453224,0.7384919090521225,0.8022905987316915,0.5377440554868159,0.5445871740526683,1.0,0.840032250542987,0.9609477971674159,1.0,0.952991381193958,0.6087543889501534,0.42663920439246134,0.3880982648880831,0.36063384159445233,0.32271889761907374,0.3184178878528279,0.4188076869264007,0.09687330095199269,0.15419531308147758,0.29540567049259747,0.17785685168378237,0.16253572281450082,0.22310307995907758,0.3949865283092048,0.7966532998532371,Full Stack Developer
0.5236914050033931,0.9203517361401846,0.36124907857299116,0.2773632738238839,0.15133368958417404,0.7909913940263698,0.46794158589259616,0.7376298143547111,0.8366444768268699,0.5510713909467819,0.459073068974662,1.0,0.9170780870829411,0.9586349768564781,0.9982658311020127,0.927740103394127,0.5142299396909009,0.3315182769661596,0.429127767142392,0.2641361857776573,0.3795679124017125,0.33731291078691455,0.4288660141900747,0.05520090131931358,0.26799002656989607,0.2977187850227228,0.2098110264272313,0.18031110060237288,0.20541679920155861,0.3546161140092745,0.7415595787093544,Full Stack Developer
0.47311064320437,0.8322962438244542,0.31980390716417983,0.27081330994532204,0.3078085789750382,0.8401237507150412,0.3983374251558126,0.8069465057743758,0.8884313995505165,0.6656971896831536,0.4724143022010883,0.9802999345168875,0.8104935009384664,1.0,0.9983861053290957,0.922940571604834,0.5034596217703963,0.3883956021794822,0.4582337454122741,0.3125790447727555,0.37996803542008073,0.3442695034798145,0.4272009038481667,0.10792030948949087,0.17348215764192387,0.2379273620182255,0.21245111257109028,0.21189364517559087,0.2268221509285009,0.31465882211623114,0.8549663840692658,Full Stack Developer
0.43773047396288434,0.8870407570565707,0.3003953607562972,0.31987385738387614,0.3067328589434091,0.7440790650677576,0.4210353555152797,0.6619969799727139,0.8303240922123337,0.6180977294809522,0.5363055798495036,0.8933754954254126,0.840694264892752,1.0,1.0,0.9235703573045531,0.5514978669405871,0.4108013884683263,0.5268227688447068,0.23477924338347794,0.3090049141591357,0.25660935772418386,0.4358924994912599,0.04209793526578865,0.21498297400737756,0.24466437051384432,0.1676153511204258,0.21506855911888706,0.2093844462096246,0.326876207025449,0.7722845812515989,Full Stack Developer
0.340422510022287,0.9850775981438906,0.42408738883977715,0.2830822072926453,0.2739124445307593,0.8102396720452498,0.4457177587174284,0.6536317337320482,0.32019955938946704,0.43406915275445046,0.46690757863750176,0.26183050085618453,0.8660276525219003,0.2846803660730396,0.09681131997372434,0.06479236322004672,0.06892755063868464,0.22093354624433517,0.0,0.3274118489310047,0.9948627492824538,0.9907890261756834,1.0,0.05701005276921637,0.058408800924202246,0.06567686337356568,0.1199759039394146,0.06654364811015166,0.15433748403311315,0.2576638125116643,0.08467655430839648,Data Scientist
0.24458706960327734,1.0,0.42314031968253096,0.2165823801212006,0.24665045540946798,0.7422609727069946,0.4053595978313592,0.6301875551758126,0.25504586671668544,0.46889053091788363,0.46172304723394775,0.30053154443475805,0.7837449802149451,0.25108831316338065,0.14097589205988156,0.04809693082805853,0.0755490284936349,0.25854009385462884,0.10501241036902044,0.35435160866904075,1.0,1.0,0.9667424809252926,0.04318454768681923,0.05657904108503942,0.0,0.0,0.035039448770525124,0.15879304754586837,0.2921730668152587,0.03277442408871767,Data Scientist
0.3578144829278807,0.9734169272266899,0.2817739585515624,0.1883590928424838,0.22192899918258083,0.7382196223680473,0.39131337726961907,0.6853009939572753,0.31167436578402974,0.4447079867073995,0.5383448206621513,0.28381262267984425,0.8963738339098546,0.3314176154228971,0.0,0.0,0.035408034945394434,0.23865536844100818,0.08956174017233484,0.2577039283892309,1.0,1.0,0.9323583098957549,0.003954333113557678,0.08005591197461932,0.018378155615641614,0.04391530034938397,0.06264972139170766,0.11639570356470677,0.2841133294431447,0.0,Data Scientist
0.3147041609031111,1.0,0.36493530164038185,0.1964462896212686,0.2729736884759831,0.7545951857912981,0.3685826460300111,0.7132221825185483,0.28053454659171956,0.45977639514793395,0.5429274733055958,0.24497505252667104,0.708611919686495,0.3088898317997258,0.0,0.08085896761288228,0.044070587960144195,0.22942953141817413,0.0517935364889758,0.3135926401413666,1.0,0.9658877031796055,0.9273385754092168,0.0,0.034169983831065495,0.0,0.0,0.09316221486033077,0.1845684484643223,0.25584659963405787,0.10239163194878867,Data Scientist
0.2560633212176885,0.9956297285453426,0.3966867953220886,0.3077975548131419,0.24776788504117075,0.7234172086867635,0.397167491788434,0.682352729986333,0.3978237454242521,0.5405775857347529,0.5282492769534863,0.21666510437012906,0.8813541319399463,0.2426980881480779,0.015703535135744184,0.09596600092538969,0.11014380975937765,0.24693811818237796,0.030440153885069324,0.23111457402966223,0.9956507228349354,0.9577699764463209,0.9142377735694309,0.049852034709714284,0.14589912061280752,0.04585718637307233,0.0830313222412827,0.03353499991840305,0.09143429934130284,0.29546315760414765,0.0,Data Scientist
0.2685204213797257,1.0,0.4402941167056052,0.2537298576812,0.21566720225712774,0.7201931591124089,0.38630978931401927,0.6671021094847408,0.2680335771673015,0.4815074280517059,0.4468839806243837,0.21212105669280862,0.7103881952147965,0.377723767437201,0.08600965776540652,0.06811768652382719,0.10625880910255822,0.23410307497523924,0.06068784414625504,0.2916778154988265,1.0,1.0,0.9313740094625959,0.0636683174941117,0.04202212749064606,0.04874578595753763,0.06682416941424638,0.1390160777476056,0.12023236263738567,0.30957041566563376,0.0,Data Scientist
0.3053578915578652,1.0,0.4307168798876113,0.2633383036077049,0.24194393806401768,0.7622666145192565,0.301629115537114,0.6486612315725824,0.30314780545662373,0.36714341858642474,0.5133782412024054,0.2917917485418044,0.9291796927717964,0.2599844841217411,0.11288798365803587,0.04424532314996506,0.03762220055449256,0.20813412720531418,0.0518524078844951,0.2112646020701868,1.0,0.9234271769422978,0.9416121958467297,0.06651365771315215,0.04914541082706201,0.07065617859551158,0.12623791159043374,0.10785515118341737,0.13551798479601496,0.4106891803997467,0.017881750335976977,Data Scientist
0.32634653788451007,1.0,0.3016428408058281,0.21260616964117868,0.20239804745378728,0.7719680019174027,0.38073337063110196,0.7530978302385418,0.34440605668615476,0.46218386104067805,0.49823958444971794,0.15068815437231953,0.6560426477479673,0.30746967104488326,0.058230738744322136,0.0,0.09972581039171349,0.20837680185645022,0.005625429809150616,0.3094172360479475,1.0,0.9730977982799452,0.9754362754830951,0.0,0.028635841631246346,0.0,0.08845944011696588,0.008889361410002503,0.08539404912637599,0.2794998967173174,0.11902530312331801,Data Scientist
0.28771235254943145,1.0,0.3124916160509559,0.25660946018462505,0.2782527505165915,0.7666998034150531,0.4390434752584173,0.6612248626258801,0.3027695356943696,0.339785343097425,0.4797827646146239,0.1948229603988019,0.9122941186333082,0.3230463616635733,0.09716151131191554,0.0,0.08233991356048959,0.23832624511319822,0.0,0.2418866580843771,1.0,1.0,0.9357478980807992,0.0689472145458813,0.0015547900331027917,0.060542465497551406,0.1040627641436661,0.018331492857773017,0.08753336916618215,0.2986620207293738,0.1220791132150401,Data Scientist
0.37588370164055807,1.0,0.403236643105811,0.23947739037703406,0.3577978337618969,0.7798079495731624,0.41963287655146814,0.7221629113668684,0.263360471964641,0.49089717269801514,0.4657446935211539,0.2788712266790654,0.7679374182384185,0.3162791696371358,0.05923016214836928,0.1089317568269647,0.015601939052397422,0.2049804261332422,0.015748084988887343,0.29310973218576397,0.9944477556759526,0.99294306203041,1.0,0.004329464991534998,0.044503620813887396,0.12748641303181585,0.1098168145426669,0.09083947723077383,0.1841952773308533,0.26042819371559256,0.12373145793110282,Data Scientist
0.3665894844696523,1.0,0.3965649029639524,0.22094119914425775,0.2920171869189744,0.7205563290468838,0.4266270077785246,0.6941321596473731,0.3131452222011574,0.4478074979157456,0.5643464286282326,0.26319883702999686,0.911862198416728,0.294415292285258,0.09698937043583736,0.036674765833567505,0.029186689003469754,0.20506380202295338,0.02615046511629145,0.2093870375632332,1.0,0.9459386269929968,0.9389188908525056,0.026809593549600625,0.023472446899992366,0.05653465343242746,0.06802029717046687,0.03473534390742568,0.09638110451920412,0.3269320254152038,0.09352049109971994,Data Scientist
0.4096209190861412,0.9689985006454991,0.3643288324145062,0.20852209427166227,0.20214709173588097,0.7408059328883624,0.36177622177703295,0.6816544809191608,0.27514369727601523,0.4301123570228863,0.47485804755650013,0.21423458854222066,0.7163308784109755,0.3829703495579305,0.06665335415173164,0.07560681456333179,0.0,0.2245349343372649,0.02126109020527831,0.31344130208252086,1.0,1.0,0.9440897688352339,0.021326943574673497,0.03859805336048952,0.0,0.06513732698422059,0.03421756767398013,0.03078814141107386,0.3084123280341129,0.010304201977418631,Data Scientist
0.31395446569489815,0.9676750883050264,0.3201482485513877,0.2661390963214547,0.2673403144241295,0.7901196441523503,0.3766816525932415,0.6320061827379884,0.27597305425577023,0.4433621550640798,0.4445990656092748,0.25576530824420635,0.9345540630053011,0.2752849802187901,0.04892066797968683,0.12477766151314405,0.10220551208670543,0.235894418395484,0.026662485307607807,0.34082126629784965,1.0,1.0,0.8444960592158227,0.06678296185670345,0.05589922597400501,0.0242238434265082,0.11012550773471835,0.09054876229696344,0.1629282769679802,0.27094799803711456,0.05361439350738674,Data Scientist
0.29244189323206665,0.963001302331281,0.3616841989966856,0.2673110364418696,0.21350958231093306,0.7827384138980563,0.3125135956469922,0.6913236745134752,0.31683764196070935,0.43080445442759113,0.4770589024368851,0.2773657388635824,0.6799573827107322,0.3553844087890922,0.04644022534535053,0.02754767766436993,0.006204515734911181,0.25096930166563786,0.05323642953276759,0.3250299585228851,1.0,0.9696750656186406,0.9330341689205309,0.0,0.0202446730492893,0.09202076126169251,0.10719194441647872,0.07957568031748323,0.14729783594976428,0.3715938200826433,0.059546526056453525,Data Scientist
0.34349325717761575,1.0,0.342094025271588,0.2325952735303711,0.21808559732754182,0.8304575692016233,0.3507338120065147,0.5910974594231471,0.23727545508548964,0.42766895773154334,0.5110532837543602,0.18063311896473352,0.8848988710333431,0.3045109610712815,0.034816311382467005,0.04318970602754621,0.09528339257965147,0.23605090344566904,0.055143355766978916,0.2208827860342416,0.9757213159840957,0.9539445491590521,0.9744286068728715,0.006218556697326225,0.10807342753125762,0.09808161294446693,0.12873106504731155,0.06010746161621597,0.09937969651309446,0.2856636783482834,0.11286954639504754,Data Scientist
0.35696728157739177,0.9866133835911609,0.41824698260837384,0.2276326172848326,0.2522230189374549,0.752146186170719,0.47628916494441487,0.7494507129793576,0.3315583404930015,0.44035169527427287,0.431460298882478,0.24260209426353613,0.7481497875254475,0.23332459295827296,0.12002429182732827,0.10657880456406937,0.038730735795555804,0.23082686067992506,0.05898073049395264,0.29838190464021214,1.0,0.9748385040952827,0.9451765394572184,0.031353553217678964,0.02514090125622122,0.07911363943085188,0.07589307149028686,0.05515324115036786,0.0888378985967939,0.3251622106709572,0.0787507943664306,Data Scientist
0.2798599947399543,0.9845279573757607,0.35887062142848414,0.270903226753273,0.30564737642002265,0.7641510427193958,0.41100498244212613,0.6997093481301336,0.2539522424796054,0.45203909440159584,0.5179967525154135,0.26081863649988013,0.8645425671908916,0.23797777391330013,0.06999166917659232,0.059566083052398355,0.1082668587526546,0.14133868540124328,0.05132281802946322,0.2869298045441572,0.9804783533686254,0.951039934587836,0.9108363074939582,0.03052929893389635,0.020429191932479197,0.011094417373637637,0.07254622432704594,0.04230860020598618,0.12219343173230438,0.29579754704634265,0.08252727997727378,Data Scientist
0.27248216083332566,1.0,0.40294427346520095,0.23533263388947942,0.2572956761329957,0.7873204010959103,0.4185034464569951,0.694609343989112,0.3183453750184628,0.4612162853646134,0.5150018437978324,0.15400886400339905,0.6795755849243752,0.31200758190941924,0.007278888180802731,0.050370840506504894,0.04228217868801087,0.2340776169113356,0.0,0.3111563246650536,0.9939364387266767,0.9611974175882729,0.9858593889395544,0.09231881214735516,0.0,0.023330344626201722,0.014211778164049262,0.004190309936767084,0.12879034021975802,0.2568783538921374,0.03185568264155226,Data Scientist
0.2794695816691027,0.9941039869620675,0.4172038429144243,0.24993910536659608,0.25616491932224783,0.7362870687620865,0.4313426580988692,0.717268613783281,0.33493478969864404,0.4195075434484373,0.5317246324611132,0.28848116204870305,0.9079024492220813,0.28274294779784537,0.016335229407620062,0.0573964099320126,0.0545250810545075,0.10626197228163094,0.023966234630863864,0.3103558949952078,1.0,1.0,1.0,0.0439206080556581,0.01743801423686875,0.054242387372188144,0.05775332982941542,0.0,0.2317004004147149,0.2555997381627817,0.0007780876078854609,Data Scientist
0.23466573038848162,0.9884961321411345,0.41278108163033767,0.20846588151835266,0.26539666621416363,0.7841335646967955,0.38338185827876264,0.6329056283050294,0.3337840646815224,0.4562493127147209,0.4998567757432591,0.2897540159947959,0.736843482735581,0.25906982793343725,0.09085877018176805,0.10366144966870927,0.09057411359890945,0.21663644671981955,0.11837758671363773,0.36223060166437415,1.0,0.9460573438628922,0.9220779068658724,0.11778039264154175,0.024163196694423503,0.09685111712939198,0.03213581209526675,0.046931245239681424,0.10367713209145904,0.3220451631838955,0.08567563514393593,Data Scientist
0.41755155006217815,0.9284161273371832,0.30116199263789545,0.21294204449729848,0.25660885941264766,0.7857910413109861,0.39266763630434054,0.6343788882916019,0.2944372584496342,0.41154546030199823,0.49851700902475515,0.27600750023618004,0.786344839224883,0.3342098609978883,0.0,0.004533269420361204,0.17728298037223672,0.20149375270357958,0.08927036848303016,0.35618393655285485,1.0,0.9326850453129762,0.9375691745626631,0.0,0.06412831195000727,0.023266736802139577,0.12235458625312301,0.0996524652567383,0.10230516212650384,0.2974098899588417,0.09072863274038781,Data Scientist
0.3058175960194108,0.960967378209173,0.3592128004771163,0.21545682380849168,0.16350609469608046,0.8030001702806346,0.36928751374652335,0.6504683050072494,0.3290493587547437,0.4596849796544973,0.48610187950440165,0.24563377520974145,0.7049704791981666,0.24777541734200992,0.03584087958760813,0.03473240454697138,0.043269228183178736,0.16854739443890498,0.0494299378405481,0.20101408881672855,0.9997920532106236,0.9839727995830718,0.943526259350572,0.028824431833635592,0.07520712022048653,0.024275782932687038,0.05649126883555547,0.07823499243638127,0.08321601004690328,0.26420687070224225,0.08514577062229817,Data Scientist
0.2967426421178038,0.9548355815512264,0.3118637617237703,0.2319668830489728,0.2623997155023397,0.7975094658147535,0.3401220364084695,0.690164271566994,0.2575563851206965,0.5184035891908576,0.4877563827198528,0.1904253660056795,0.8870818717052728,0.28668399866181143,0.07831645965041459,0.05870957847322252,0.14168515986819483,0.20960028653066207,0.08451503813171926,0.27355676124990164,1.0,0.9805386141821899,0.9940353166923612,0.06316478337447481,0.07041895234529451,0.06372500369987315,0.1027389816079362,0.11313504685869444,0.1291742628648023,0.32197619694925583,0.13708499218832745,Data Scientist
0.3022564476984988,1.0,0.3569716588429996,0.29116951477255126,0.23452194920173924,0.7904212723832699,0.4811615865313876,0.7147745375615789,0.2901299294536817,0.482967286840956,0.5174501374939809,0.178093138208438,0.6785186418186536,0.27756780452176644,0.06415609106450733,0.02605274363368847,0.07624146293620107,0.20400487942695378,0.013874376421918834,0.2823712064360865,1.0,1.0,0.9361002517967073,0.08420881792841492,0.022047577305216795,0.060127242529316935,0.05850773081769044,0.04147064754560316,0.08919873667253427,0.29627833372925566,0.013740670748266702,Data Scientist
0.32529712830297286,1.0,0.3983654975574938,0.3040008039422251,0.2573043634460187,0.7280919504932118,0.3793803115056611,0.6755157154738023,0.29074220413174756,0.41203868495245294,0.4725101244777204,0.25617480894655664,0.9013639489423794,0.2724567805059425,0.059444678329898804,0.0,0.03236238151560865,0.2224275565802483,0.0,0.30726963128322,0.9430651533842972,1.0,1.0,0.08133008902628909,0.012632909691274202,0.08231475066803515,0.050432566161949195,0.0,0.09486094434831914,0.3361027543115315,0.08685489368042618,Data Scientist
0.2866335535739556,0.9890878471542844,0.34892325074849573,0.23097772085623436,0.29915668078056046,0.7548009662064428,0.46889739662170427,0.6337547475659567,0.3217771693866033,0.4879697203360647,0.4463743077129761,0.252348659982862,0.6717115911918378,0.3638930854884408,0.10204418822047673,0.07638845047246495,0.07594686677659628,0.20421048180329968,0.023623028907029088,0.3579769160691668,1.0,1.0,1.0,0.020960507653240847,0.04281163613116603,0.039537432112305176,0.04151499737450723,0.07048777697272461,0.12349702471511968,0.32634017185141667,0.07060888076959027,Data Scientist
0.34106072410988447,1.0,0.4020053576448935,0.2431916367233479,0.2641056980787955,0.779355212388923,0.3352673377490886,0.6578113261033566,0.26399626741404125,0.5101302953943926,0.5376586129144518,0.2497867161877373,0.8902559772937945,0.3467144137045237,0.029247662735116694,0.09956894023014717,0.14669784650428977,0.22792185560814507,0.018614247196851813,0.2926410948880472,1.0,1.0,0.9614157014932272,0.0,0.05288646150192882,0.06316282173736658,0.05717972340265992,0.05897186167637518,0.15544774144463014,0.32466746000046764,0.07726966053952962,Data Scientist
0.3026046991829597,0.9933206662507158,0.41482143142195915,0.26089664779882077,0.25241598273806837,0.8362724493371271,0.3698314037596186,0.6295887042187188,0.20591640340789652,0.47204935193795095,0.5624035067992436,0.29938110694529285,0.7013252450730861,0.2586544647619537,0.0,0.023431992259973417,0.031175001294343543,0.2751535528002554,0.056836045553568595,0.30271408187246235,0.9717427667913355,0.9458961439113545,0.8984258900271221,0.0,0.081498842452077,0.0,0.09662708401226874,0.19505516329771078,0.1083401637810881,0.3141673729111262,0.0770337747322529,Data Scientist
0.25857201569466004,0.954820693877547,0.3539419863063259,0.23548309046885257,0.32283210694028175,0.7439575397428155,0.3632856409118872,0.6375581924551477,0.34788980472332665,0.4271692299788647,0.5667751024554173,0.25327752937524106,0.9386306540133584,0.2928936509460651,0.04277507041767437,0.05938200017320684,0.1294599713203125,0.23597064435198492,0.07155558020757986,0.3036164032764243,0.9923570039978417,1.0,0.9598679465348101,0.034745999561046785,0.001528742867615951,0.02924552009036568,0.07699519147626248,0.022259631999076247,0.15465558089014916,0.25328418512304324,0.044745170633210915,Data Scientist
0.32447429387122145,0.9423120490291911,0.4003052768932206,0.188660318123406,0.26088269300460365,0.7507604442920812,0.4017277676444881,0.6646309565836235,0.26996826597412693,0.35695004324189367,0.45031201653784125,0.17218828628968055,0.7001967681897207,0.31544567963682313,0.11497690342645749,0.09547094009508178,0.1069281433456124,0.28993796101659663,0.09663052244187034,0.37368158240414817,1.0,1.0,0.8973253839507753,0.0,0.08070606277827823,0.0056779882072345925,0.0767587363776131,0.14541825620289123,0.12454227738634237,0.3206159268405164,0.06361872645821552,Data Scientist
0.3499305858537271,1.0,0.40101774250610966,0.2690461489097055,0.22455994514086083,0.8737336506333259,0.38733412592696076,0.664689473740602,0.26727202639131953,0.45017692543084437,0.5085591103674715,0.23256362883066545,0.9276530601638454,0.3017501849863167,0.08663763992529194,0.0,0.06529413507858091,0.24766897479511762,0.00996975011716593,0.26275670074206947,0.9998147200066708,0.9990503195342695,0.9281970075360693,0.016160071415258038,0.0872893721107291,0.03401249022822983,0.02271606627236556,0.07344643225757277,0.1054122209317924,0.34031873435116156,0.1376253984917712,Data Scientist
0.2678925891741824,1.0,0.2839089548145854,0.2653369984749079,0.25979572328752026,0.7749258523251834,0.39569252946879163,0.6354985887482411,0.26666664134823004,0.4115257532747783,0.50998645990628,0.1797759403934447,0.6618504589689375,0.34852222815480793,0.05767009997992157,0.0,0.11342749963810153,0.19009597175420642,0.02458606191753184,0.3002272107797098,0.9461443867056661,1.0,0.9259347175512012,0.0,0.06430210495693321,0.10346343201255351,0.12522643682504458,0.023925539483916312,0.14455171442253878,0.2813500461056099,0.08584715114392294,Data Scientist
0.25466889487593347,0.9720562050375795,0.3305654525890599,0.16206520589219153,0.20043183362750402,0.7729223679343116,0.3428981241881568,0.674794715148781,0.3262588846864553,0.49656237642413353,0.5699060348736954,0.26986443299247975,0.8272618416995059,0.3107049114593072,0.0865271050688946,0.012897857646986997,0.1189412768129556,0.20141831972679186,0.0515062082574667,0.34437118971992753,0.9801955081776139,0.9883142800007215,0.9875065298499155,0.045327344391914534,0.0,0.0,0.06451255878230308,0.06183812505982644,0.0923422250400174,0.38404907124013954,0.11852337447218733,Data Scientist
0.2086726892061338,1.0,0.33254760802899336,0.23154630259488324,0.18148960681418277,0.8179374166498463,0.40424115003404715,0.7290728034503571,0.3111776766434848,0.4324131276489494,0.46882229163904965,0.17362779725617772,0.7119231571351229,0.29915915695474926,0.0,0.08225202226641914,0.078363926366739,0.21050879778465467,0.006089033254239748,0.2528245820958513,0.9932849908290474,0.9936919291285066,0.8657546114301533,0.11614487010585192,0.008794464403287856,0.09674636540807033,0.05579404610180881,0.095437705307777,0.11350769853488066,0.2823402470116695,0.07935130334101478,Data Scientist
0.28983202315580003,1.0,0.3152738558861393,0.22931512397245024,0.21355822584919062,0.7953621374534707,0.30783817204922215,0.7205545885225778,0.2569476423512157,0.4721527254033596,0.41193993802878565,0.21549170636127118,0.8545271353995808,0.2915910345904577,0.06835869462687445,0.13533053021093316,0.05137992242403007,0.24956523923740653,0.028900540050991262,0.3109239178043146,0.9353333945340024,1.0,0.908944577820936,0.0,0.044384985752622286,0.05307466234156448,0.06059014998463916,0.09008023318237347,0.19521378740503978,0.26121238179831346,0.10652220092735758,Data Scientist
0.28043179589980166,1.0,0.36875095373087113,0.2978678677698721,0.24105629041835394,0.769401079378296,0.43734053543229456,0.69366660810082,0.32470193600190883,0.5001298892969077,0.5083623942435038,0.3004294811221279,0.6652858965075352,0.28169001338815186,0.04777339480084214,0.017158748531217557,0.10268713996376042,0.23440737649450516,0.0,0.3482493416701592,1.0,1.0,0.9640324687304186,0.0,0.01233996945862613,0.0,0.046372855614147904,0.07024947935305148,0.14607459448082966,0.24984019447005193,0.11301373407067164,Data Scientist
0.31350610120002903,1.0,0.40643306435429055,0.24251876174814588,0.2592792774706793,0.7443058372586014,0.393536944786807,0.6819900478516155,0.33346861847562154,0.45233313486254967,0.5803031108821486,0.24363377806853717,0.775565105479243,0.2716500938259172,0.012493771412510464,0.035888278269599796,0.028697923168526943,0.15583763888159308,0.018155693375283187,0.315448370894984,1.0,0.9667595295963827,0.9794669526663833,0.0012073939302382104,0.020848617481175623,0.03225094753559679,0.0,0.0640046545358445,0.059965377705229334,0.27658522542851455,0.04301481576554174,Data Scientist
0.345517616789833,0.9596842080845065,0.46217082787311137,0.20494182401592084,0.22380016130819935,0.7780437302472579,0.36973390583690996,0.7107213494574631,0.21520398111324915,0.45511699840713643,0.4712654594762753,0.26892962933159914,0.7211385910619631,0.30792991307653556,0.08652536197789945,0.10464939566302933,0.08880384706602701,0.2905703449247049,0.003443038609198583,0.28311471217643297,0.9713166385087145,1.0,0.9560789904129001,0.0013483792760319302,0.09271479074135947,0.0,0.11674825440336048,0.04895008953103605,0.14026861046140207,0.24702743361086799,0.08213090833597392,Data Scientist
0.31769457672629636,1.0,0.40815078477992545,0.17964981621731702,0.24096818554446855,0.8048440788252931,0.3706132368139809,0.6014260787134253,0.3002934196269405,0.3923475326747842,0.4738631972620697,0.20134020709927947,0.8628885655823284,0.3329390546093323,0.07214429342128131,0.09575905192376269,0.09331522726122504,0.22992006045899432,0.10020791675698137,0.24063207212264867,1.0,1.0,0.9850705247123909,0.0013613262515867475,0.0163332509987741,0.050791097666422286,0.026882859632146844,0.05603610819140793,0.1084519819693242,0.28007719164086303,0.04610510864892404,Data Scientist
0.24491686250743866,1.0,0.38008760419840953,0.18975707478440884,0.2584472659070155,0.7575327787509731,0.3597243540121503,0.6976616025265796,0.29970866860408646,0.5037392894718369,0.4705013533088428,0.25717574908009605,0.7863681144911044,0.2939646507295108,0.007006189061435554,0.028801750175294984,0.1299431189044192,0.2781877840339275,0.029143602207684433,0.26900902742275534,1.0,0.9657119461297247,0.952471783147953,0.0,0.111243131553226,0.05829371758202653,0.05697887075755474,0.08946369324033618,0.15095794651108854,0.2301083905817327,0.041557759905832374,Data Scientist
0.29455449349899204,0.9420313680428103,0.3549922235447095,0.2196013349134647,0.21246513495942437,0.7467148241167635,0.3846203966123615,0.6055716806024176,0.3312754832985248,0.4668830219708591,0.4826869120049092,0.23977313429607125,0.8725311291599682,0.3649519196033889,0.021510690141615323,0.06119941442169274,0.0,0.23637609446916458,0.03181304936537056,0.31213488223620317,1.0,0.9985075402887488,0.956237053124629,0.05635180468701337,0.04050338264178234,0.036426578207393104,0.11430730144100734,0.08078515099947123,0.09482187984598983,0.3174598477487621,0.06511621544789337,Data Scientist
0.25555146322858924,1.0,0.3567260842493099,0.16297618966937955,0.19206264771436143,0.7949475180052941,0.4055352804638495,0.6676262293094969,0.3180599530876891,0.47337044795533817,0.5309770340137759,0.2703850195294228,0.7008156849963684,0.19609793398580766,0.027451734439348296,0.14662671408366768,0.10523236774736636,0.2080013232205257,0.03194596688384539,0.34974080647287026,0.9537083722935971,1.0,0.8927222296122531,0.06998261117618412,0.04698948981502849,0.0884598381476496,0.057043796449617615,0.15447467044376983,0.13538303987617173,0.32285572404660673,0.12031168945775723,Data Scientist
0.37978740217425805,0.9871111846953473,0.37896892719238057,0.2523382376720248,0.29380745825606824,0.8059125044300307,0.3243938207226023,0.6190803332852834,0.32906670107281655,0.5177861241497201,0.48072648760254777,0.2633726042525812,0.8559367394237107,0.29585588426420567,0.019539232246857198,0.02846308169353801,0.06919911879334624,0.23523369184079904,0.11035459911878309,0.26726926574914367,1.0,1.0,0.9242664477027102,0.0,0.0016066336036300172,0.01741626549552308,0.014580883280837821,0.0751596292029232,0.10769745608321216,0.27109935838280236,0.12338671998976589,Data Scientist
0.31592828479367896,1.0,0.41402105412032564,0.1906985303121508,0.23677392095243172,0.8130176630685896,0.3383696093097442,0.6872447210156113,0.359086737763889,0.3769042838172363,0.5592318653953959,0.2710860266727739,0.73251878333433,0.3359644417258772,0.06486001185065154,0.010974927558011646,0.0581495194410941,0.22162594985799275,0.07441844304723472,0.2712391594119656,1.0,1.0,0.9565503101707611,0.05442624601348947,0.03220475488076826,0.012479419996610008,0.0680783355769558,0.01232097799343701,0.14583460612191346,0.3194573879766125,0.08289616519333227,Data Scientist
0.258214165409998,0.9589354165869899,0.43815135820818313,0.2268369100298544,0.2738148620358273,0.8749785396589153,0.38427364843395967,0.6944979126206197,0.2968821747448693,0.47624868483908817,0.5207754915414221,0.260831899558818,0.9347317343287314,0.260966984964994,0.05780373748411658,0.04795472007998148,0.03351988438650323,0.23199510497157513,0.09592044848470424,0.24192669172940576,1.0,1.0,0.9869083508435602,0.026417138249181446,0.1699565233770883,0.06701224780844375,0.08377783034985735,0.0787416564218593,0.09447005088625832,0.2891347339535405,0.05768334642518594,Data Scientist
0.3341187700968222,1.0,0.41735551762732426,0.2223322139837626,0.19059056180194034,0.8003400686886655,0.36278365809481306,0.7226945835886932,0.32176527618025585,0.4744045626757097,0.4742859475825758,0.22757714723041947,0.7062732203592702,0.33431785368344963,0.012135073181013721,0.08785508993650593,0.11128002382291957,0.2191806334814334,0.12154757193620726,0.3216619094908467,0.9165518579871903,1.0,0.9104247777351393,0.009347414936377925,0.09320437210008085,0.018578003169851573,0.11472038250011132,0.0749126890398274,0.11641217637459464,0.25048151288349074,0.03276765299619738,Data Scientist
0.3473909437072616,0.9767418838782524,0.3608650147141948,0.2350570107885064,0.2630729458893607,0.8417937158617079,0.4214404612467517,0.7830638035911676,0.3252953894029198,0.4030092402317643,0.5051476046681637,0.3353946214056653,0.9479411823478365,0.33827442221741405,0.0,0.1093711542052513,0.054501253960920766,0.2364672486168899,0.050560700052374466,0.28938024733857715,0.9988134309528138,0.9859706669650059,0.8716503132171247,0.0,0.07534065700571443,0.10331660744257642,0.08118082853741129,0.10444627747596599,0.11468698267162175,0.2897133856964316,0.05296253921972536,Data Scientist
0.25163356235103335,1.0,0.36415055644467764,0.2812131935181855,0.26732910229043255,0.7917581719270896,0.39648856670969657,0.6221212404151144,0.25729810385346413,0.43564752451234123,0.5393190004498235,0.2681445463374978,0.82737415454453,0.24417592741713626,0.08573151920047858,0.010408586736669466,0.11366153491755387,0.23349007759216903,0.0,0.2956635341032348,1.0,1.0,0.9653617713374404,0.05608810992080382,0.031427553898204674,0.11240343301950151,0.08922063350900601,0.12536150750821085,0.1398049572936771,0.30322869808482655,0.0494899932855869,Data Scientist
0.34229682565302355,0.9809991880701555,0.3569391814022954,0.14871489430908158,0.20821488921430045,0.7415235668971669,0.39312392680966507,0.6980376778125866,0.2765290654868642,0.4266060481581698,0.5564852366857094,0.2765129847120713,0.8645798297805946,0.27033389383066975,0.006184271933695043,0.06690848880352887,0.13472898357294083,0.20634217206754857,0.055017447082879055,0.31606479592819414,0.9734342230105048,0.9560187764089444,0.899808269184606,0.07372213352331183,0.03802546640844679,0.09492672010187146,0.08220488189203402,0.15195284237495846,0.07326771728668047,0.33985986816140723,0.06230447493021521,Data Scientist
0.24953482050435938,0.9752043331833822,0.26357106750412396,0.16557071839411985,0.2706854494139348,0.76700622574718,0.41901003794752195,0.6881599524096849,0.2989912766726194,0.48841745868310116,0.44383073099781734,0.2785858008715654,0.7171847159717749,0.2924047833957972,0.10681415668131455,0.0,0.09875357877125446,0.18328826176823304,0.10665538667994784,0.3730440164943028,1.0,1.0,0.8667541338108069,0.0,0.05004996514640747,0.06365047348856194,0.05639777959200226,0.05606402860280531,0.09460829056767803,0.30138794105570454,0.03903512819829309,Data Scientist
0.23223928818771417,0.8844000936914936,0.39316104050726924,0.24116445494382532,0.24379164153205732,0.808811571955264,0.33321871236400236,0.6690225512982267,0.3570391196597056,0.43446974014278233,0.49167914194467843,0.2791647635930297,0.7148848976228571,0.2175733854842234,0.0441682905681733,0.023249546740117463,0.025502618232809388,0.2793141018592847,0.05828454222588559,0.33884445838851635,0.9380541519783137,0.9870446262198771,0.9864975738726318,0.04391495850792436,0.09970126630632486,0.03178287508631021,0.07957939694611574,0.08281947827297945,0.13630572476748148,0.30407228515103385,0.057955463987395345,Data Scientist
0.34155515242562534,1.0,0.3825448374182383,0.20874235357001497,0.2331109463960247,0.7084760090179817,0.3775227452250707,0.6756453778952034,0.3382340232724198,0.4242323379213892,0.48156135455112575,0.27713444628722,0.7746264067649187,0.2812788956030192,0.07585529958450761,0.016506347308581526,0.08218152213386105,0.2236336094815231,0.007141070819185684,0.3123953082960752,0.981623050508977,1.0,0.9256862663929665,0.0,0.052672703139682454,0.07837904257508896,0.06374109811184461,0.09279237262247826,0.15637270457431654,0.2861782571321808,0.17908918029127413,Data Scientist
0.3000273182945146,1.0,0.4113730286332711,0.3041579681812421,0.27498936654280237,0.7881787999022897,0.3657575007794208,0.6575344122258389,0.26263510359356784,0.46487186813498677,0.5457186640638051,0.24880983038306972,0.751117299205819,0.33944551784006416,0.02745541147694762,0.0790988552747769,0.12709785023621903,0.26213319181015676,0.11028593788220009,0.3520234849697643,0.9641027549692801,0.9851539658306454,0.9707458810620693,0.029489484480948014,0.0,0.0,0.0,0.11356468035860488,0.14025196719375746,0.289278441027065,0.05172367930467709,Data Scientist
0.34300506347385795,1.0,0.31162194877507376,0.19936592784643764,0.2297427812184311,0.7494513305872431,0.3841349389084419,0.6500436747793946,0.26794805752189743,0.4652139713498847,0.5127621910786185,0.16036941204283278,0.6985489836125979,0.21431682630821614,0.11184689031657427,0.04929567766617178,0.05974101714384976,0.24201923866711184,0.09367838785432198,0.22406490319880887,0.9665002885900387,0.9999504774264772,0.9024925018827806,0.0,0.0,0.013417420477132978,0.04224867548848311,0.13992834206326357,0.1502103948954559,0.24553955396529115,0.053175758479273,Data Scientist
0.32264061142437744,0.9656926459667585,0.34606884912147284,0.30233342218052695,0.19514574731437603,0.8532225249941117,0.3464321841757434,0.5901386940213028,0.3650683697800995,0.46192022721234133,0.49377597483954805,0.25546130901581854,0.667285220923528,0.26773284018990007,0.08815560181687868,0.02253280109449624,0.046826222762587716,0.27102111335414214,0.047853755297536646,0.3141086223529939,0.9430924959474225,1.0,1.0,0.0,0.010920055850738852,0.09859609487179039,0.09036526300866041,0.04258138164874504,0.12135949083066934,0.2879346826452154,0.0,Data Scientist
0.312443020423099,0.9347438305933783,0.38380254920420753,0.17338939219707433,0.2787933147935357,0.7659862245077964,0.3483806682050547,0.6274234600098657,0.2720672094207327,0.44592769556970957,0.48768939767396374,0.2502499160911399,0.7321739969026957,0.3268775931526528,0.13440578460591152,0.04028195447881375,0.06786500485795524,0.2401975900355092,0.018508611097061076,0.2443816426995761,0.9676482299512706,0.9989941837330547,0.9592942066274951,0.10506124854338969,0.0,0.060381134747765186,0.061604935590141685,0.11975486575798511,0.07586480279584115,0.32878160917689425,0.051977634680998336,Data Scientist
0.34635739687917744,0.9936399370289295,0.40517487762460763,0.2501164806635535,0.20276101368553448,0.6868553182867037,0.45613487020577165,0.6622388571771127,0.35020871131185916,0.44668889297232034,0.5389975762864279,0.20072052409720484,0.7314193410010882,0.41434433092911527,0.010542025824097849,0.07436852379749033,0.07313542933736782,0.24109413671583968,0.05242182213129307,0.22800143058096356,1.0,1.0,1.0,0.0,0.06130846685752395,0.003203373322974573,0.115904441564906,0.103962906950259,0.11472519696304441,0.2468351573267631,0.07506913427657909,Data Scientist
0.3312613968938028,1.0,0.32029862162079625,0.196665965252583,0.20184222109941732,0.7607732171526222,0.3718428815107767,0.7086304657216139,0.32177671884312836,0.4807738491427775,0.5492502980203269,0.18004207238848563,0.7208180453535745,0.29435446731497716,0.015833685496175545,0.047891662626121684,0.09183872341640255,0.2035547264582275,0.051619843126969954,0.28591604911866025,1.0,1.0,0.9708937203542718,0.0839081358113941,0.0,0.033355975745835764,0.029914825203190207,0.13705574626251796,0.07454051555509533,0.3567116051644471,0.06229285337947228,Data Scientist
0.2810065254006854,1.0,0.4509236535939032,0.20158610201108992,0.2543756200644503,0.784284470425261,0.3560373118021741,0.6486547038130722,0.27793284454318057,0.45416660118103297,0.4422635061595524,0.24129240824457002,0.6785380296869419,0.28180530834554696,0.003820449023791417,0.10280426712238074,0.08559645168431375,0.19299345447497307,0.11740946408140128,0.23875610568885242,0.9988889392515756,1.0,0.9377352949706218,0.01904302640780969,0.02200669606528463,0.015257447650638668,0.10961306438671345,0.07863323047647955,0.13735102813564576,0.3260656881336565,0.04991123078237382,Data Scientist
0.28186538447006587,0.9675029875638056,0.3747319798410816,0.3146378375687427,0.24583837628600638,0.6482211023796468,0.4072365152412511,0.6893311247024902,0.3394332033078015,0.501411536692939,0.6147436327059342,0.23751628481430212,0.734549962521649,0.3034430176645709,0.0361748647105026,0.040597180187762066,0.046150854203257846,0.20880680769839777,0.04497260235975492,0.3194834950542803,1.0,0.9550652394735639,0.8961879844402972,0.005582658247024318,0.1130445612759864,0.06594525645903676,0.08090845729682643,0.10444648150276122,0.07576653040881962,0.3291404376452505,0.05149548736883708,Data Scientist
0.24566519712249585,0.989667848000974,0.41528945841963344,0.24473623780772158,0.23956049070950136,0.7395316018516265,0.389782685818993,0.7608936751909068,0.3310372330283695,0.4511351751486585,0.4620288760576786,0.15994997684688633,0.6755032919478619,0.276368403899772,0.010614242433092586,0.0,0.06860901718750598,0.16782153217746437,0.06556164023289762,0.3334082053344804,1.0,0.9570505698520165,0.9245984549694821,0.0,0.08807603985207862,0.013908948418851153,0.05563758052397412,0.07445968545230806,0.08367243020825135,0.3504495755272107,0.025577664538773984,Data Scientist
0.3157832768173388,0.9572197040321857,0.3524382082103253,0.23789069387978512,0.20636586059235743,0.628669843948439,0.44022810646426047,0.5979852139451803,0.27954545283539295,0.4508968124884679,0.4988004515917331,0.24490753383521416,0.7155264364803122,0.2951794390138971,0.06499244465510327,0.10422243769524125,0.0520303891979782,0.27536990301025804,0.038738358652980434,0.3231343522327208,1.0,0.9609480127927785,0.8901743318531651,0.041817791991751195,0.0039015949974688935,0.010487958065833601,0.06125199556830237,0.11807714940821237,0.17874385407183707,0.2444566015819905,0.0,Data Scientist
0.3033043139440309,0.9697188495767052,0.4385228811834846,0.26613424288733334,0.21094442540755784,0.7158234363173989,0.41465322049100795,0.6491266149232433,0.2660235005525912,0.4619307337341712,0.4576068299241465,0.24940145246259104,0.7415702055863116,0.23598872404219456,0.06621200744214084,0.04894954106658699,0.0,0.23370422437196015,0.022311909368183072,0.2855875383423413,1.0,0.9837913407167977,1.0,0.0,0.05558803076162158,0.01715861321526766,0.04792976436150974,0.03330673351526713,0.14969025566279154,0.24708215716437357,0.13842889773691422,Data Scientist
0.3405811064695753,0.9693566568948077,0.3549664724029819,0.2710526434462772,0.2517546367514709,0.8218568283337251,0.3878244882810578,0.7135810806071967,0.327585525063678,0.4775117095153871,0.4941738038638067,0.2594534444852272,0.7067609343727863,0.26025620406431066,0.05687262440105939,0.0769605270376072,0.07617476942802302,0.17051127537161312,0.038222079632458716,0.31050413470983307,1.0,1.0,0.9941777792966482,0.0,0.12203248857049186,0.06926432954733158,0.02851784026933711,0.025366169785421097,0.09842881922148182,0.2659915851517583,0.08602874206311487,Data Scientist
0.2833097182730993,1.0,0.36660782496211075,0.2773994914590082,0.24070834683630374,0.7041789736560405,0.3524863140855587,0.6971907140086103,0.35940103004128093,0.46689694238020374,0.5831217916425127,0.16058570567959446,0.7310694167738825,0.22855630899018337,0.07534263552190573,0.1021319075048425,0.017380561483653113,0.26733590549533787,0.12500522356967397,0.26511860911436447,1.0,0.9664925356323293,0.9578117336324766,0.12875319614887126,0.030374680352146275,0.03836106500037784,0.07312552648329679,0.058706816876062336,0.19857740598441975,0.3063115673363569,0.14966646063112016,Data Scientist
0.35011716299298057,0.9512534484157469,0.40996903539836776,0.23224677966887153,0.24712151401548657,0.8457406558832692,0.3767089685001328,0.6725979139752583,0.36634646865762316,0.44429376093699857,0.5126378506309581,0.22769321978177648,0.7138443247453345,0.2645527189083088,0.0,0.024396145086119914,0.0886428535836514,0.18636769263226372,0.04044065445932567,0.34120396498491584,1.0,1.0,0.9752389179397862,0.0,0.010623430998993662,0.0,0.06649858213200949,0.1304488235853685,0.13425006536297918,0.2708389198245416,0.14079563301196962,Data Scientist
0.27553749652462217,1.0,0.34318550692437316,0.25460727267539474,0.22561450656511922,0.7239500592559592,0.3320908099697913,0.6944156795989667,0.33486606030814664,0.47265331787630294,0.5013122153865819,0.17480960441136745,0.72913868087985,0.29548192548925417,0.13060455847259345,0.03164316150480603,0.059363231647648604,0.2344304360750109,0.04709592632352025,0.296241493549786,0.9534076784568406,1.0,0.9434923829250673,0.0,0.02663665875806774,0.0017440073222759755,0.07196510433294889,0.13211378087134729,0.09537950135773574,0.29656679361427934,0.07569738533911718,Data Scientist
0.36472257749290915,0.9967360759331236,0.3249727980206893,0.338779778867611,0.2854813764532003,0.6745869652166596,0.40728737644606905,0.717419559963891,0.3017460744134616,0.4651446877564288,0.49859687297787064,0.2216452701767317,0.6745405119448143,0.27348574081760413,0.0,0.1214900619763743,0.07596042140383062,0.17323348488729806,0.0514029032407362,0.3506908410648677,1.0,0.9582154651754728,0.9354773480257724,0.05967756501656642,0.020979564880477513,0.06502375952621649,0.052744962361484654,0.07174524530811884,0.17067456470146647,0.2746237286085865,0.008176231679020998,Data Scientist
0.40053609523080785,0.9846755678055786,0.3862843388770024,0.3214610101099381,0.2664079297268046,0.7667365958780524,0.39768510660850226,0.7521013122545271,0.33595406060865374,0.4309813952744504,0.5366971443238868,0.2171919848082612,0.7360143243927701,0.31805439981417544,0.021540135981701767,0.0315586857929208,0.0537760247049179,0.17660394553368824,0.05271330909864269,0.29727595247669847,1.0,1.0,0.929471496792188,0.058333111521219325,0.05497550377610816,0.0,0.08856207633583191,0.048705125299568025,0.01740003615220169,0.37229569657146805,0.0,Data Scientist
0.2726035179329407,0.9863689581909909,0.3786493006519399,0.24455243950550487,0.23022024119679763,0.7047246934219836,0.41377690303059333,0.6322471874931184,0.32196659989904486,0.4735642506625576,0.5021194995882187,0.1973782173041106,0.7063298282141169,0.362871090162615,0.04411321325821593,0.0,0.10223315856154813,0.19677773699972603,0.09729674142024208,0.20568445040527625,1.0,1.0,0.9807522771787262,0.052446100145369136,0.01781977203486248,0.008987077541782566,0.05563927957909935,0.09730380223825097,0.11515509980549342,0.23610385781890897,0.10238028109143621,Data Scientist
0.3122915751877198,1.0,0.3579883107266439,0.2397908543370964,0.2669369539651866,0.7523840857451817,0.35935534960417703,0.6194039733156022,0.297798988052885,0.45758408427892366,0.5338905128822266,0.2692887926582623,0.7242608239630746,0.297808031307406,0.11897659780114142,0.07570214533207859,0.08523457076935864,0.18560119785773155,0.0307049413609466,0.23740105747585014,1.0,0.9698034252791141,0.908280506396293,0.03853529211816616,0.09227874196909724,0.023028151410726602,0.06136782086223573,0.06263513922981948,0.18141523117720104,0.25331413948056536,0.0,Data Scientist
0.32614942422737314,0.8925743127001229,0.3316559981599315,0.31521015019875004,0.2412233496232918,0.7842051148208108,0.4314362094709781,0.6151315475889376,0.3105232258316023,0.37817710311824715,0.46897063385545096,0.23679553530316186,0.6870425340676873,0.28490012796044584,0.08331590587592694,0.01650435510908023,0.09584068423808578,0.18447014815650772,0.09614153486026722,0.3282105051206679,1.0,1.0,1.0,0.03436928174820358,0.013767833321954602,0.07439383050269506,0.08231565106584071,0.08372795942571229,0.13756484108741276,0.2326031652094829,0.03806865601708627,Data Scientist
0.2534677800899334,1.0,0.45091775611191387,0.333495428741869,0.31412350817786217,0.7662513509997213,0.35077424671442736,0.6779230845610086,0.3747253570392779,0.4620074421404992,0.5032893284895329,0.2460260138438144,0.7281518181599349,0.28841893053835393,0.035608154354569016,0.10407979221009245,0.03671855099441592,0.23155709912776812,0.03320487018595848,0.2549709248969427,0.9766582168545724,0.9638193976668188,0.9014121637861783,0.03761694700543795,0.10778719731599021,0.011429633967971378,0.05495528758180118,0.06435630105953044,0.13452933572899559,0.31115987959322644,0.10037596232764105,Data Scientist
0.26288585933042913,0.9321330680767702,0.33618778366336927,0.2097047670539142,0.22560124639081555,0.7266371187305232,0.39521152337234056,0.6882459473005277,0.3329951469818345,0.4174097537124263,0.5029618271689492,0.27940506885412086,0.6566667348518181,0.2645085917646983,0.0,0.061604243176597726,0.1477554100636419,0.19783605594114081,0.10276799326897931,0.3402190190455201,1.0,0.9840728926336937,0.9291439737460345,0.09287635759171065,0.02039847362042902,0.06773904319567733,0.04353022284720913,0.010679762736894347,0.09165160883689465,0.3610930357659641,0.12564559842142944,Data Scientist
0.2904274836669599,1.0,0.42966821671742406,0.2093675826016667,0.23378972284442426,0.7595417579108774,0.3693140425201539,0.6973705678345894,0.31281488282922176,0.4711897185190754,0.5222072725143905,0.2531438182560704,0.6889692056874275,0.28368551078181065,0.04914227880470437,0.04217528569590874,0.10345116888796153,0.22458244187688076,0.10945021092089463,0.2935450768940504,1.0,0.9928226237782132,0.9604507301400582,0.03672812719913801,0.0,0.0,0.08435829875509715,0.027791639350167582,0.14550320887676282,0.36220329584994626,0.04087150675705807,Data Scientist
0.4137795145981154,0.7559203039186666,0.18252803082467225,0.3066359249330308,0.41535905656761285,0.9436948522559566,0.6644478466409709,0.6596255733545306,0.5174982738422276,0.5918412268466441,0.6009048506367468,0.20678552119842955,0.1749371607204525,0.20248935378771019,0.01400835832215422,0.03210310326141763,0.3290330422997049,0.5095097851473898,0.23179176717623004,0.3113050868919451,0.28041064969690904,0.2461979118570527,0.2605541110270858,0.025427536111689884,0.9862366995516825,1.0,0.6046992898044365,0.4918570758489649,0.2369946855562766,0.2976188468394787,0.07364499586924139,Cybersecurity Engineer
0.5281813163782663,0.7727392930433723,0.16798262494321298,0.3536970182718977,0.38701626191199134,0.8474919275862989,0.500567541619813,0.7100232920164032,0.5293838306247447,0.5630133539878666,0.4286994677843946,0.2392386727798475,0.24217831432101958,0.1228346435555594,0.03293011730454389,0.0,0.4230343309958154,0.5017774007848944,0.21862110454725686,0.3247335102735978,0.3303780275057745,0.24626581527899516,0.256407123570585,0.04103193730996903,1.0,1.0,0.32288251083423264,0.33343364116939517,0.25720246330017305,0.28081418101356653,0.029339649816568267,Cybersecurity Engineer
0.5166823305821664,0.7920914572222806,0.16928832805673813,0.31284309686692063,0.4689084990399822,0.8896099253533714,0.5661901203694999,0.7201697931867268,0.5125828233879712,0.6470319202342385,0.5204923651169445,0.34031538032776926,0.2601326403139189,0.22157850838020907,0.018301794072212177,0.010181347999133533,0.335417699382446,0.492190438567762,0.2850426282369045,0.27200383814304757,0.2820361209282736,0.21507910737720803,0.30976928989704694,0.017742293370847522,0.9843065807793207,0.863937316141776,0.5544305965743599,0.55301413093248,0.25510251373477216,0.2151048339294198,0.06607351398765005,Cybersecurity Engineer
0.47741466645869624,0.7792502263295227,0.2062870931802094,0.31531694269147026,0.4123253058640291,0.874284436726897,0.563084014054133,0.6182087167940944,0.5451348354172045,0.652691996283618,0.5152028558277397,0.17465784091737302,0.23447601040586213,0.12089681641090698,0.036356593817017356,0.03130058071472912,0.303027356365813,0.5020068320020432,0.166616633819513,0.3526516180698688,0.34738301956922574,0.184964614015855,0.29589205270486835,0.0,0.971604264922033,1.0,0.3618754599184456,0.3753347752104152,0.2683906601096337,0.2403986444138175,0.027759831231146698,Cybersecurity Engineer
0.5321496574268806,0.6763102035574933,0.12211697132214334,0.2131134158998496,0.3542411614276336,0.8439478233607881,0.6005236283281216,0.6989269577681628,0.5377444773686748,0.5688049036150676,0.4340341437947521,0.21200228160767765,0.23519306890863215,0.2045224522426221,0.06263190164141402,0.08989687995543902,0.35187954112860215,0.5709483283514061,0.17802722752681355,0.23387988483733224,0.31093084745939215,0.2547543089184146,0.29520004887985174,0.027629742619483023,0.9537807316882886,0.7898768051676526,0.5036617263572931,0.5325025830579577,0.24090651604836533,0.1573889025951078,0.030187883222336856,Cybersecurity Engineer
0.4830485391659661,0.780659014502051,0.18631174724203278,0.2839012476373125,0.3558893713715151,0.8836278324042968,0.663314201973629,0.7802834711510971,0.5285511703059687,0.5534299322528036,0.47560079837113883,0.1637792158189429,0.20695248369689215,0.17378509561409863,0.0,0.0,0.3462017856128095,0.5620074268824203,0.21182904783004775,0.29978116136000726,0.310685514553218,0.2512765200494316,0.24393557004997274,0.06431391259842348,0.9959930775403596,0.931861461423173,0.3653809855888105,0.28857281097851506,0.2252513162336883,0.2749910095262743,0.04621568453052409,Cybersecurity Engineer
0.48041008595321816,0.7839646233665567,0.1860367489280492,0.3725047385431142,0.4740496475528757,0.8768653094395888,0.6693982508632942,0.638002934058908,0.5084132597812521,0.6014222124571268,0.5478608038677004,0.21470625536618135,0.20719519624098898,0.10227298099492946,0.0,0.003498401303026241,0.36486998948225496,0.48400886197732396,0.19901739553425618,0.30820238148442836,0.20263033420100265,0.23408914689808202,0.3258083521845886,0.0,1.0,0.8891254174342043,0.5495510287286923,0.5461721375705659,0.25997310359660086,0.26739305233953226,0.06719896706224116,Cybersecurity Engineer
0.4843732975995171,0.7783694790708426,0.20206802711826327,0.32202543512684245,0.412867730128761,0.9132708411576846,0.6483646575019516,0.7076356725320989,0.5661710713268524,0.5997932348001361,0.42420836615509105,0.17713522331324189,0.25357862804074205,0.22831370913465776,0.05626479048409596,0.0,0.31303261591040155,0.5439710566907558,0.2459964785441781,0.3312289390484868,0.3146303809140563,0.3110949573133719,0.3304461712233309,0.036443874844892574,1.0,0.9934772038729285,0.3509793473726555,0.337304495327871,0.2496092479233434,0.2545480962160103,0.19270404438832492,Cybersecurity Engineer
0.5263317975706318,0.7737294291751533,0.20145397418428906,0.30541551134670375,0.4176626933956515,0.8522596986673807,0.6034093920787004,0.7293703599238651,0.6105849344666141,0.6090889086586526,0.514032046579837,0.26538884812446745,0.19931509242907183,0.23531457725564975,0.0,0.0016739250563967238,0.3959477038270502,0.5305866700936619,0.15741228367114388,0.3772238643060246,0.3357742651634364,0.1920240537561777,0.33125710506781614,0.0,1.0,0.8991885626474926,0.5274846721662422,0.5042963448868805,0.2210933648196714,0.26019600381051133,0.0650132080056624,Cybersecurity Engineer
0.554435288467189,0.7263706237935418,0.1635054853392202,0.31707288957516794,0.41218794084623583,0.8941462037833605,0.5985846554850104,0.7712146608907405,0.5717453623899162,0.6456054922327094,0.4917996253273221,0.1976110722759472,0.21671596195899862,0.16989513989490176,0.01965813584327875,0.0,0.30258076488724506,0.4873239450392989,0.2281490700568487,0.3264515916346025,0.2720325973278815,0.28035342850196093,0.22882243075434688,0.06834393305747766,1.0,0.9693739262913605,0.3417694377991101,0.3389127685702148,0.19120771447590307,0.25542238291578856,0.01921995457771694,Cybersecurity Engineer
0.5123848032529649,0.7705191589206067,0.22000071737814827,0.27876860960446626,0.43846098314465276,0.8603432733114893,0.6235072519027892,0.7062507571439711,0.5830909265362754,0.6114211025791484,0.4885935790072582,0.24799884262062877,0.2364437818470333,0.18640226065134566,0.0,0.05699440070101307,0.36030104291817355,0.478274711451795,0.20779462768202622,0.3150514496700703,0.33646609570122615,0.22189427181445018,0.30927706993351267,0.03677115894965764,0.942390887405389,0.8160842943501483,0.5108135327593465,0.4123446869614247,0.27914108557538136,0.24919845645987074,0.11836265933724927,Cybersecurity Engineer
0.5390871993366976,0.7506123910531519,0.12011194502196987,0.19134549870564108,0.4459158721356417,0.9122016966742227,0.5835627279470217,0.7388831339750227,0.5855001922895843,0.6324932848360665,0.5257308316402539,0.19299847811028073,0.31223768250539985,0.14617303738269638,0.05283233524644587,0.0027415463845297736,0.39404464566072583,0.5000851792205298,0.2609242557480554,0.3437823915602474,0.376325933071571,0.179375815198418,0.3112575056131933,0.05027659493807707,0.951627603712215,1.0,0.30342530242835697,0.33212672088976025,0.2738785838712647,0.1589817331871265,0.08083319041307213,Cybersecurity Engineer
0.5528055478891889,0.7349394155379484,0.2277761806807031,0.3301854285006566,0.35852271790002077,0.8131106032555655,0.5867678216348002,0.6954220125195952,0.5680838427418968,0.5568717097577156,0.5161317572504516,0.2645604332217245,0.21668236640127625,0.26755062099104593,0.0,0.031761436008104924,0.34281044109435116,0.4769732313732489,0.2899243486481115,0.30753144116435643,0.2517937218973989,0.20754325021321576,0.3429690031019166,0.07781112976182977,1.0,0.8276292024853862,0.5070923112094865,0.5194636548627343,0.19767115235073607,0.2123041526292152,0.18199908089433386,Cybersecurity Engineer
0.5533595244846884,0.7483328759662088,0.157753252957291,0.3316578990665354,0.4872853233920788,0.8651251768506313,0.5914711784263232,0.7534998636302674,0.5349685430450014,0.6090771960163714,0.5051566980919024,0.17264535924434493,0.2482254613477477,0.11929671054202835,0.011972691576035473,0.0,0.3440552172749104,0.5628260341424137,0.2095905112355717,0.25868036057860816,0.32906400035179256,0.2053278147630417,0.27505983831128944,0.0799939190867757,1.0,1.0,0.36014761138995016,0.4013507455103958,0.25121195372154914,0.245870365916373,0.16845802206265276,Cybersecurity Engineer
0.5343223668792708,0.7445335164235782,0.15839401362541766,0.3693992610369271,0.38032052973267494,0.8843898519902251,0.6233882646558027,0.656970842564205,0.5220753051900706,0.6063524503880658,0.4860336870163603,0.28508780409838885,0.23645897274723252,0.10055894833254844,0.038222513649776524,0.033080509030101526,0.39686996666095753,0.46919301548580755,0.28461454015925647,0.2923398583487797,0.3134603182552702,0.2714288958167819,0.3597710995309835,0.0,1.0,0.8381809802740855,0.4948676153314759,0.4383939309707323,0.2977185628732802,0.2540136770817078,0.1623869692049229,Cybersecurity Engineer
0.4263161634728593,0.759820593740346,0.1777415172590907,0.2797156399622586,0.4018328883405969,0.8771971644826151,0.5733680805736578,0.7020879833730157,0.5276617512035708,0.6522747596692049,0.5103143391517996,0.24118185139030507,0.1716461277691897,0.19968298920663746,0.059646015222749774,0.06476818398909438,0.2886200949161738,0.5440338329080906,0.22290616380166234,0.3117078116127372,0.27885320862962126,0.25098758371134117,0.2802219725752135,0.0,0.9575195151368735,0.9778389090280514,0.36302938459420964,0.44525006743901707,0.2764872282910947,0.2504940284592683,0.08969013425295257,Cybersecurity Engineer
0.49782161908321454,0.7850130673656535,0.1658756199048268,0.30962717952182145,0.340735762304524,0.8736958096918999,0.5511582881621853,0.6367983275734843,0.5702170799688293,0.5853125600667949,0.4907703737790024,0.17906512814748385,0.22711829893392402,0.18660595188439813,0.08045337853124257,0.05676516248490955,0.3584531311144671,0.5221900602764681,0.24183974571441655,0.2956533130054882,0.2580180413393013,0.19740787456811912,0.2531292363756746,0.0558459083459118,1.0,0.7487686421887959,0.540784000155303,0.47795754293038023,0.264227827419951,0.2577010229489133,0.13169754152619628,Cybersecurity Engineer
0.4581435175613149,0.7290890818339737,0.25420807528351397,0.36919081206629023,0.4335248652594141,0.8214617474501205,0.5721007022731978,0.6748242211887373,0.5209294204441638,0.5824737905243855,0.5150749115955735,0.3022847932973962,0.19163666971585408,0.1766649322804164,0.07322333440395806,0.029725464687398496,0.43059657783103616,0.5429628633817003,0.22746118677386518,0.34105239874772725,0.3090693229775853,0.2714762785011771,0.32205782126786686,0.020953006982130845,1.0,1.0,0.35072704800234966,0.4012429578373952,0.2401288718922236,0.1846352625263266,0.11449825700551039,Cybersecurity Engineer
0.520263476078992,0.7475888154174064,0.20739007150677646,0.24390204543581467,0.4716917628546631,0.8278905015926147,0.6473764898069485,0.7584482388888868,0.6285085006306409,0.606533538257871,0.4631055748600716,0.2522765459426198,0.21812795712410532,0.17635603698595437,0.08310663708145873,0.028273163582412428,0.34308360619687917,0.49534734707314865,0.20287204271173098,0.29221203431973786,0.26630879980799244,0.27107194025122083,0.251074524928908,0.0020551931553370525,1.0,0.9064487382165125,0.5271533945795146,0.5422073195454657,0.25202639755366624,0.26568460179674713,0.10123613478181945,Cybersecurity Engineer
0.5114883784923255,0.7115587265864382,0.17577906870278107,0.3178654217750843,0.45130214721966894,0.891577226251575,0.5524696233691174,0.7136561157642578,0.5669181581721275,0.6212499647091746,0.5074016675536669,0.15067589644787416,0.1671591333979207,0.14162745464395074,0.0,0.04468986947922171,0.26791284509897056,0.5755448526011152,0.27360554107570045,0.32832204700015855,0.2727330367628121,0.20702763230087778,0.2721476355847152,0.03854560051699415,1.0,1.0,0.34164363965743416,0.3380943227301014,0.3070939130790139,0.2229000230571266,0.0863771212726017,Cybersecurity Engineer
0.5447879129624222,0.821606647807732,0.1809241720869741,0.23696133071942155,0.5057497225937986,0.8326199244591347,0.6072890831615403,0.7238696462030221,0.540090720704009,0.5676745140980094,0.45678425455025423,0.25807802101392646,0.15623139336811143,0.1783483587462817,0.021349318254368994,0.04089431335923997,0.3412175436130824,0.5445630349571231,0.1994298218057127,0.307042012485967,0.21350030274781284,0.26191696611668497,0.3174500444607311,0.02553166854600631,1.0,0.8208540257930582,0.4261022736939327,0.49452084862178186,0.22179797813320284,0.26101055777031534,0.056665367038663074,Cybersecurity Engineer
0.5520405755138346,0.7890109515026605,0.2194178603354911,0.2948484297943306,0.4149480458324382,0.8869303391821717,0.5607095725662153,0.712028815867857,0.5038293600949724,0.6591523718652128,0.4827819380426754,0.23235821123650544,0.20065739888487952,0.13008643459995453,0.07702443057509598,0.0357214949994185,0.2577138634870747,0.4512964803624386,0.19488552672194626,0.33691683397267735,0.2745134059288731,0.26410958873127827,0.25484630571918016,0.10108970827133357,0.9901554376098849,1.0,0.31162701478625876,0.3545249302877648,0.3062995691041847,0.26728784804217176,0.05076844207885156,Cybersecurity Engineer
0.5459019533794264,0.7315607279872235,0.09152384047732987,0.30319676049941335,0.33044537468694446,0.878739444298807,0.5026023738494756,0.6677895745050282,0.6029153870519166,0.6350549269404225,0.5287030813596654,0.25194212126029814,0.2741796739059304,0.11258782641096426,0.1151151838124781,0.02904708151720123,0.3053398543334125,0.49136931069281725,0.1690040419144716,0.3699968279076767,0.31174881105487706,0.29106996965518706,0.346159542075997,0.06868521954652317,0.9999242174374751,0.8662083254492157,0.5567206205783781,0.5399665218130127,0.2491101237328119,0.26065651262647793,0.12532379046255046,Cybersecurity Engineer
0.450161389798787,0.7356436221712191,0.18553188929170386,0.3748605883953224,0.38680257563728426,0.9618458314174131,0.5378355038870648,0.697774683025489,0.6244916417625088,0.611548131390773,0.4757619797851913,0.2498218285965707,0.18984521886935457,0.18949569738857655,0.0,0.01892468156518876,0.337639549348078,0.514394871785468,0.23209794894491292,0.3319016114942033,0.2643410265853622,0.27281049995501255,0.38142426099947657,0.0,0.9772466803688034,1.0,0.31537318934015673,0.3033583908268599,0.1980756434393721,0.22608344591929816,0.1023242037400742,Cybersecurity Engineer
0.4475343728428471,0.804323661978801,0.24308188714119522,0.30015383710703764,0.38037993070013604,0.9061042449991766,0.5856455643255598,0.6744590453565782,0.5429915038652852,0.5604656770018857,0.47943809417454475,0.2632859342544122,0.26008609542065264,0.1928518001257677,0.07153685018759809,0.0528606579479447,0.3971062643216292,0.5048986548769699,0.25022015318976476,0.35707783588721265,0.31283061618596386,0.24091730233105005,0.2591351677923003,0.01099863293410743,0.9650865441288125,0.7715016971313682,0.4969674956771074,0.5167613411778026,0.25657546958626176,0.3353974004378081,0.063140001161008,Cybersecurity Engineer
0.4441977748036732,0.8041311654082699,0.25547491280319407,0.3286625682724812,0.42167896141198796,0.8814136754758388,0.5455962154282935,0.7407560381694599,0.5685220292065956,0.5611742441329536,0.44949241799698486,0.24235335446960662,0.19076330965637078,0.1746931910136943,0.04048442922972642,0.0,0.37255314162432973,0.5168772340928645,0.20812018157962484,0.2856919017620879,0.259780303284294,0.32686872108366616,0.3572940068468712,0.0,1.0,0.952813346954101,0.35054274593212736,0.30691957473216946,0.23752627053776953,0.23610630874815478,0.05846434342577211,Cybersecurity Engineer
0.4763827087534346,0.7582751891471123,0.21417710076630564,0.2847603604838827,0.4249051137402765,0.7932316035106631,0.566287728222637,0.6729762816194772,0.5561561975932258,0.6154193736085711,0.46765252628900755,0.2541110920220348,0.2527584487556292,0.19592239708989925,0.002145548386067838,0.0,0.3814887430745575,0.5205911474952573,0.20215813014835532,0.29497098317631565,0.2660824579896641,0.20712021047180462,0.3583862462010431,0.03186603712223615,1.0,0.7256349766897942,0.47862138700864393,0.5167464843284785,0.24164819953308841,0.22709852361636634,0.09969460456545419,Cybersecurity Engineer
0.48019889284115924,0.766714246011392,0.16810636633410447,0.3423176656921828,0.3851231795453678,0.8615859613393362,0.572833093730546,0.6951520862419304,0.6495167934824089,0.677956079127653,0.5430219350941073,0.24826788199645577,0.21415726917442016,0.18263906621494813,0.02735961232958787,0.0438264371869594,0.3183994393295345,0.48247774187419334,0.17451682916619457,0.2770423709262448,0.2540491295852599,0.27636969870271716,0.30143591879206355,0.02765791868186412,1.0,0.9553270797383792,0.3846063121327739,0.4185779760440855,0.2620890411264966,0.2077076775291964,0.07418747912438368,Cybersecurity Engineer
0.46770732046792857,0.7331126295793242,0.18248969300728432,0.2967151218900023,0.35739751969341743,0.8684185823820859,0.5919791390655957,0.6960318772190628,0.5992309550240011,0.5741731084286011,0.4323158618413966,0.22453837898092743,0.2646517978660041,0.09837833093951903,0.019812037069988794,0.02438039356187914,0.3225634488120718,0.4477315780753264,0.26729414595869777,0.30292538144961634,0.23887653197512987,0.2946176020639869,0.24589234676436905,0.0,0.9354835902323232,0.7936989221793107,0.4756734820905658,0.5242060472102112,0.28677930536961493,0.288886226435618,0.08516729063983752,Cybersecurity Engineer
0.5531334731714483,0.7196149080104938,0.2472996795481034,0.2981516944218424,0.4437292491117668,0.8836604561845303,0.5946621323609246,0.7339136453317154,0.5320263055814114,0.6389903769961824,0.4891585105478513,0.3456218258850581,0.17585363679940874,0.19431370918419327,0.03797799956423645,0.06072033160614876,0.3167285135226352,0.4955793365047734,0.16008826514442256,0.32887082038461796,0.3300233307325852,0.2471511867001828,0.33244024810385425,0.14138051413370323,1.0,0.8931611862659498,0.3675041670343864,0.40316665810087404,0.21063789392396293,0.22230318231593862,0.06198844180833105,Cybersecurity Engineer
0.5308045197866894,0.7445581565437971,0.2551043507613026,0.33667163136085787,0.48445877122251585,0.886190535974648,0.6298472331163253,0.7270500475915178,0.5208165115910869,0.6359582991093714,0.532199539345565,0.1875698692386138,0.14738699538629518,0.17739278143806228,0.03426902446026747,0.0,0.367348606481151,0.5240741911045479,0.21659765124528868,0.284251059042866,0.28819049421405074,0.27376514513524924,0.3511234436729375,0.0,1.0,0.8942778768848269,0.5210908070924657,0.5269912737716197,0.18712306409353532,0.23987756216191514,0.13875856441638346,Cybersecurity Engineer
0.4954279984731558,0.7483205080460804,0.19083251147375163,0.31389523225014754,0.38334398818015314,0.875023708035389,0.6075215588076476,0.6639910720850447,0.5094705951148955,0.6056197410770553,0.5012350084884099,0.19912120949540166,0.23451071111786204,0.19670082532521743,0.0,0.01408480500500669,0.35627502168508657,0.5626212291283276,0.2122628091639464,0.33670005919624235,0.2386157310941327,0.32057225941292034,0.26011928248675315,0.052862181906305455,1.0,0.9700802034871412,0.33880980567793534,0.3813902878002711,0.2143972032173007,0.23645077944554235,0.049584590576900796,Cybersecurity Engineer
0.4949969308207638,0.7950511288623738,0.19587716075580353,0.254198635166877,0.40499797406316246,0.9550322966299175,0.5366357041669881,0.7032541113421692,0.5896749312502735,0.548836837719346,0.47920449150142164,0.2707954586298348,0.18855294243325693,0.2002364305096643,0.05318199942134644,0.0,0.3501907173689866,0.602926851098499,0.1785830243020337,0.3664363913193439,0.30200522184725476,0.2538029391155526,0.3109309309324441,0.06478027500498851,0.9745803459265858,0.8360962872211856,0.41443261965637695,0.5924111118474448,0.24385644305737758,0.2778196717110808,0.12931331428723325,Cybersecurity Engineer
0.5171994952579382,0.7519483178709395,0.1435822556907342,0.24578952047722563,0.3723237788192406,0.8849846593665504,0.62403730490878,0.6829269072327979,0.5528241049654947,0.598326028535402,0.4689115880553139,0.2507423505179788,0.25968483037380785,0.06857206339054987,0.07409160696770234,0.0,0.3911797407095,0.5278855598430884,0.20858454445106794,0.29760683590503084,0.22315053793229933,0.19379350983945764,0.22043905901614336,0.030112125964256255,0.9897014371280262,1.0,0.3723216483924631,0.36125438500713436,0.22113005061311225,0.2745476058566676,0.05886748106936429,Cybersecurity Engineer
0.5039056034349252,0.8313136525455392,0.21039436981447343,0.25059992971490247,0.3933281158060167,0.8292089553444653,0.6139973107380542,0.7009379645479191,0.5969245799303325,0.6573659831245077,0.46862802449911495,0.2463327010593645,0.18958404816965416,0.2074383145148645,0.04422354109378206,0.0368997298583521,0.33856378852776714,0.5128333787729121,0.13280410081392965,0.3556528535935227,0.18752381929974998,0.3037411536288589,0.24922157018751612,0.06951025915704781,0.9836551584756632,0.8328970589683263,0.4959378504928201,0.4689378165696081,0.21613433143955835,0.33321578128709306,0.052902454207037125,Cybersecurity Engineer
0.5296818843167723,0.7435074426163151,0.22761069105544074,0.3026543033310196,0.43508288904952924,0.8863462307819214,0.5601446250142379,0.677991900600442,0.5427337688586605,0.5816033107997697,0.46111232645334577,0.2747155293478899,0.2442590964952197,0.16009303927412807,0.0,0.017615480252141442,0.29129473992246796,0.5300442937377243,0.18200850829910054,0.29165289423931406,0.3225164887830637,0.22795694156154434,0.36588004698832893,0.0,0.9618482127781577,0.9747003937624169,0.5089995654719333,0.4772413251360054,0.3110417740815996,0.26435146561090916,0.06163699954945441,Cybersecurity Engineer
0.4891694373592728,0.7842953520940551,0.18187362722503506,0.2675731118549092,0.4467381796468841,0.9417186111397098,0.5890759091549792,0.7114676873606292,0.599403498974761,0.5713275174400497,0.5713128748602923,0.17728776443239425,0.24260651361896346,0.1456756600553315,0.0,0.0,0.33386068501020116,0.4881804609306907,0.2386918804929607,0.3135261193206506,0.30228116618840317,0.277190794787574,0.2944556391679352,0.0,1.0,0.9535510385350199,0.4208327323376443,0.40000256123671263,0.2492392254297077,0.1549567871727771,0.11219995736408866,Cybersecurity Engineer
0.588307650749705,0.7630790070529111,0.16574884599022963,0.3014573150658832,0.4265906493364864,0.9055241779747459,0.582713395552124,0.661814063481276,0.6238588207806164,0.5317261146822829,0.5396576104732668,0.2501868427644348,0.26026051847740883,0.1472416661411734,0.0,0.030956364609510165,0.31622648032633716,0.4734519925282993,0.17766680808520924,0.31109699932603657,0.30441242330804624,0.2071540526990583,0.3731722651426687,0.0,1.0,1.0,0.5593692521346226,0.5005216239658564,0.23347002555326762,0.32455614581313236,0.024674489833800564,Cybersecurity Engineer
0.4852155961127004,0.7313362474394611,0.22899639322993934,0.30180084722755357,0.3458735214795239,0.8352515473264016,0.5744042299629598,0.7170918662962407,0.49168533555895455,0.6704334930056695,0.5110831615287703,0.24915600766125584,0.23781601563430854,0.20597487426694414,0.0,0.08497388820109511,0.40180491554450937,0.5327750795210386,0.2776385356105349,0.27398512391374774,0.23921015575459967,0.244985455659238,0.2715121389567908,0.029033773338945267,1.0,0.8502492194419244,0.5217219718321117,0.46463354605357887,0.24710393848113552,0.24441778510337622,0.08828797245589812,Cybersecurity Engineer
0.5535294560983886,0.7869931037156663,0.15120396333846303,0.3015442817441062,0.44461052264810336,0.8815963994324174,0.6036901541837889,0.6613615979027212,0.5874352194628581,0.5535739207239423,0.4957825888270888,0.23423733482469242,0.24951401619901453,0.17606338250729228,0.02040274660729919,0.0,0.33838740035670145,0.5493629047625203,0.22433886763734015,0.307705221287284,0.3087559256770511,0.27013202324829183,0.3874682293760033,0.00757702930018999,0.9926545422420177,0.968446955675201,0.36176226588067006,0.3319241811273212,0.2522012979800271,0.27904370183963306,0.16470001753529018,Cybersecurity Engineer
0.5291101242402227,0.839225921408946,0.1622223488373219,0.35501819385782674,0.40427737224624655,0.7861213618866063,0.5060799040688574,0.6974416199606535,0.4905793243073512,0.5990932956426714,0.5072731230744543,0.2273342916133945,0.20189967000762565,0.2713819316967969,0.03590304621487497,0.05280180304130836,0.3854199801112578,0.4529096392590233,0.23312365508403848,0.3425393343518135,0.2542876741261161,0.26907297636447336,0.3184213219577885,0.0554691243370939,1.0,0.8608751457484117,0.48298120454061905,0.49048829562476337,0.24542425681848587,0.22079112350586805,0.06147080388105728,Cybersecurity Engineer
0.5092175577706949,0.7117337539845396,0.16615462965015942,0.30873439962585886,0.44599165377573685,0.8662129495477049,0.5388733823539429,0.6924961872200662,0.5274788286147776,0.6018247500213089,0.53732370360022,0.2211735052022958,0.23249854790120006,0.20505877933298308,0.062997568956222,0.0008290002438432302,0.36912926285984676,0.5083589985639246,0.18207686800073036,0.22744624565024263,0.33034847187092786,0.36203218213487226,0.27308761732198517,0.04522234000375053,0.9829286120640536,1.0,0.36140688697033035,0.4174584330240789,0.2617230041204179,0.16801249563487725,0.00665111936945946,Cybersecurity Engineer
0.4980651217313317,0.6789941009882071,0.19719166193201207,0.3071852465396296,0.36670543896375607,0.8921373370930724,0.6019960397432266,0.7026613505120715,0.5919199977000953,0.6139111303386321,0.45977965305283486,0.21234135053198216,0.19670358189739218,0.08007785049234038,0.06447385778039652,0.07380228233088396,0.36920305607151666,0.4833923068019951,0.17029839392805712,0.3290204623808734,0.2542124961161105,0.29207218464971463,0.3779691110632405,0.012952555929552677,1.0,0.8786829164089551,0.4954357055498786,0.4841353056813187,0.26948421450335625,0.24635584252591666,0.10806912585194996,Cybersecurity Engineer
0.5742598735339582,0.7438958604268935,0.1592467720459348,0.3110809414078637,0.3976846700979435,0.8744864314816095,0.5924766503891078,0.6562893798071102,0.522978365819857,0.5920181815376427,0.4843051911573543,0.21782494378247041,0.23135525747294197,0.17006437816309766,0.0,0.01868630967880335,0.40117107945690184,0.6035479663958164,0.2557488434638495,0.24971081158984582,0.23026174677886319,0.19271412394350734,0.3507694060117993,0.07307727228233978,1.0,1.0,0.3453167611134276,0.3656839171851401,0.26084717398937884,0.1964142284455061,0.05341085616653519,Cybersecurity Engineer
0.501160764436484,0.701064731399843,0.1631870613503715,0.3512348673833317,0.39583857289968005,0.9214012856025002,0.6220104654519499,0.7152512627785753,0.6191269891730933,0.5911631000831957,0.49257022403259637,0.20913166809862965,0.2139653206255409,0.09474063252436005,0.007501302850116451,0.11105336462708901,0.3307321865504494,0.5398436182212686,0.1865169977476579,0.2743854748280297,0.29617229641918064,0.19167371034565855,0.3643977774553572,0.04411460525701265,0.9815582477929476,0.8519817187669008,0.4846557458722902,0.5001721636018326,0.29088330834955456,0.27437694458166395,0.15447429097430374,Cybersecurity Engineer
0.5386011662445965,0.7869175686428544,0.13692767328497008,0.2720142550744875,0.3943848643808183,0.7608789900072227,0.5783034145220771,0.697941469712048,0.5728505437426287,0.5365840112801598,0.46637984030901614,0.21466629859074862,0.30165416963794733,0.2268436690985296,0.002331740575534518,0.05610783970473324,0.3068980736586558,0.4546278145260539,0.17274945921948473,0.31103873669816323,0.2774984934811484,0.31141836709483905,0.24260151056000379,0.07459030918472255,1.0,1.0,0.42633906337342975,0.3398681050556937,0.2882436269673998,0.3069130024888961,0.11171416616420116,Cybersecurity Engineer
0.5021306793574899,0.7165016877831131,0.28129429299497616,0.25810432027977315,0.4623230793973972,0.8392514573843219,0.633442463902512,0.6622607049392887,0.5545105387948883,0.6229471158721747,0.5225979400014713,0.1657750034966971,0.18979822903509413,0.15405814333146725,0.049630748972708916,0.06924629414529841,0.31722511826983546,0.5003744910629434,0.11343600600263257,0.29553527705252464,0.31628879987338804,0.2660469042900249,0.2606133901001756,0.03598298356284647,0.9560146656466124,0.8062027771203336,0.568800584160016,0.5098381898554553,0.24710298866611208,0.27196995932411705,0.12275119308510395,Cybersecurity Engineer
0.5231357036657888,0.8066586574607586,0.1048403942564014,0.312467866832616,0.4477550173722047,0.8843664650188934,0.5414895414783285,0.7052966828974697,0.5689546943920861,0.590988950424651,0.5383426497849908,0.19260664348944637,0.21926997101038723,0.2212659343586319,0.005369327705897396,0.008654436244968759,0.3114213140006329,0.48940490962775285,0.184727475229398,0.3099191476558197,0.2933933781144499,0.3031379568487772,0.3041337032237587,0.05391446788587452,0.990394926891455,0.9882226243901443,0.3403330331357942,0.3469570015944696,0.2497172445687566,0.24400213793007086,0.08765796657439184,Cybersecurity Engineer
0.45370563953959997,0.7853842425920758,0.1798878033546844,0.291409619399505,0.4116452113417268,0.8986562712003062,0.554117304895838,0.6862381690155611,0.43773097856350707,0.619086905630566,0.5604891224425493,0.2607295666383617,0.18402047679804492,0.1558070931220629,0.03098731398437049,0.0,0.3292700809561346,0.5110021124519134,0.176049791022605,0.3574364173689025,0.2368279965509882,0.22241742957188995,0.36963039753145177,0.0897809435466323,1.0,0.8076811448593241,0.5006526023970899,0.44238596049580714,0.22111898615475517,0.27171517584088034,0.08404023108744149,Cybersecurity Engineer
0.5578767863003037,0.7735327098404815,0.18946170821199765,0.266108870589105,0.43742542267669154,0.8311237455137415,0.6091971006193739,0.6967242988589231,0.5668844133036585,0.6580430987733278,0.5518736004425252,0.22488662245166255,0.24159619455285855,0.2256744507061853,0.0,0.04956050610470914,0.3898167279566757,0.546781352272646,0.24337443464954164,0.3303225046367116,0.2562816968411196,0.1951080719406859,0.36358805257908566,0.06234197829625029,1.0,0.9713645109514643,0.39387621380934307,0.34790927829061513,0.23434826108143506,0.26511014465772426,0.1978168490306906,Cybersecurity Engineer
0.7660585254874781,0.7175317026340061,0.09738976821487846,0.27117031204609365,0.4029247896661179,0.9856574458629747,0.5718191194661127,0.7021860709782913,0.7177973634415993,0.7416038646565867,0.5180829960383984,0.30457862054238677,0.25656105717159644,0.31095557010144215,0.04653240606525315,0.01378518205882183,1.0,1.0,1.0,0.9842538472816746,0.3444642773319986,0.39116238660490193,0.6327905953956197,0.04329601883757141,0.15432989371434158,0.22379419417679342,0.09383659444405676,0.24434502597398147,0.4871725598548823,0.31096002455500404,0.09848371920310217,DevOps Engineer
0.6836172556132497,0.7394557693430888,0.03820582369134187,0.2685981178761634,0.5299935974947725,0.8829531915912574,0.6393165578579412,0.7185795067973492,0.7075780904420005,0.7453352145883276,0.5216921202070566,0.32348233048148367,0.2649765177999563,0.29306761414466354,0.07707101065358445,0.09639316748540688,1.0,0.9736592212447883,1.0,0.9552007472711609,0.3958509059514855,0.3594188137566145,0.6128136233179559,0.055237133912336644,0.14330492531794384,0.2673582671810673,0.11063745429828248,0.15339636646357863,0.5487740876513422,0.3178062767347376,0.09741358131616953,DevOps Engineer
0.6761331848309968,0.7340833718690155,0.14921827558114917,0.3395313095138715,0.4147193222577404,0.7896140259507531,0.5870589977487974,0.7555860788238042,0.7105509846740993,0.8363088752199517,0.5356491493945217,0.32185578366253603,0.2602155518697044,0.19359369107583108,0.04633470360158824,0.0638289081227094,1.0,0.9598311540410374,0.9593229934055393,1.0,0.3305919245792438,0.39146242900307787,0.5890472161166124,0.10106636740799932,0.18489077511837798,0.23890946101539506,0.11367789038607,0.2042292474852283,0.5715204872584678,0.3006355158256903,0.10323216700168154,DevOps Engineer
0.756293851447503,0.7603809005204066,0.13729791451737283,0.3627335772191197,0.550006683717586,0.8517000265151943,0.6524746987707802,0.7542511394684336,0.6673609559357776,0.7786134418357751,0.47546058875482206,0.2974463453077197,0.2850053021740986,0.32237897208710065,0.0,0.11591249429889637,0.9854728310551896,0.995038927336896,0.9586835786081137,0.974471705781701,0.4166436253275579,0.2952595934444845,0.5689800425472583,0.0,0.17206791790342277,0.15085711385819703,0.09865676020891975,0.14834546358579984,0.501620309236376,0.32083893382340434,0.07103150456187973,DevOps Engineer
0.7700881926626878,0.7907322292805682,0.14214888594086042,0.3386022469022675,0.5724292831774515,0.9404136528209557,0.6192524327759693,0.7887102633426318,0.6999699999225355,0.7639467761366472,0.514806682396962,0.23773997536432,0.33674339652706076,0.271269276594317,0.13705407876447664,0.0581383746630894,0.9119633474549591,0.9621053173542747,0.9526114108658056,0.9586029743313117,0.3898038722972023,0.342649719964824,0.5508868843899022,0.017932530780471898,0.21287358381943505,0.25599553430481825,0.09943154707227969,0.17563470782987317,0.5525408259560075,0.31835056425331054,0.02142116681211835,DevOps Engineer
0.6650620147626567,0.7247702565203848,0.12526998368370068,0.3288796311619853,0.5206786305965063,0.8005490097023282,0.5721086807429218,0.795970731201863,0.7047412477667719,0.7635670781733591,0.5040341650955225,0.31768128605255064,0.2248233609597587,0.19108520470798884,0.0,0.02840405892552165,0.9814300619973919,0.9561727359563019,0.9917729473848721,0.9655476826430561,0.3879798118229224,0.3417310955361709,0.6661125613058744,0.011380728272856421,0.19386161379622627,0.21628197981654962,0.12225211903588151,0.09371284891825132,0.5899095556963816,0.23952194797684567,0.08640453353523947,DevOps Engineer
0.7122486083033056,0.6392139331139686,0.13892791836444193,0.3355256854418404,0.52761132511784,0.9190508888178991,0.6460447392784602,0.6950315138999114,0.7936276026493366,0.7316702122836938,0.5628096858869654,0.2679597314403206,0.2534060874929087,0.2996373686761977,0.06962502510344476,0.03496197968180574,0.9256288714040023,1.0,0.9529114439772038,0.9930755808620203,0.35572144003187833,0.3106584096280873,0.5835069160799548,0.0,0.1959812833801969,0.24483493472236342,0.20896219279998696,0.16105619041412847,0.5363978849639587,0.41905557511280267,0.0794566723683576,DevOps Engineer
0.6330460512503108,0.7452330462286978,0.14050640187198182,0.3435853335036686,0.5588738179126181,0.873917672844013,0.6495983252009647,0.6406363980710063,0.7246220026351976,0.7608854711219927,0.4529225557152567,0.38899262606412627,0.26098946732654177,0.2528970757059079,0.024109115161035338,0.0991213170256205,0.9933096143364745,1.0,0.9860699920909726,0.998520232109084,0.3884572470476131,0.3609890180968925,0.5991072726221333,0.0,0.2322345229632149,0.2558122614248712,0.16672762778380223,0.19699239947066377,0.46476647872211085,0.4017243730184459,0.11226693124988815,DevOps Engineer
0.6677117526836787,0.8170496441355986,0.07591695321801893,0.38201774688849255,0.48832381253551543,0.9169127947446907,0.6599418881302138,0.6746346947789339,0.6718069963353704,0.7540487181778007,0.5055452576670934,0.2724117950791649,0.29115399465758296,0.1976490173378701,0.09794098948435181,0.02646068280720884,0.9972993056734637,1.0,0.9524684882911679,1.0,0.3434277268963627,0.40986271784178274,0.5943806452785494,0.019966528387723205,0.17408385268176352,0.22921351317684474,0.0596852531522495,0.2547009463379084,0.5451890257232436,0.2887068796114543,0.14080808727917293,DevOps Engineer
0.6758057371264548,0.7347798377376822,0.13837701880063347,0.3933486609751927,0.45976071819132963,0.8860803792075845,0.636295357233368,0.7608058566269945,0.7083523645512243,0.6752280646585336,0.4688797812270125,0.2773999333653351,0.28671554101557195,0.291773909519611,0.03880608155393056,0.06510681471096956,0.991053601199676,0.9847809510371685,1.0,1.0,0.3774580800524186,0.42813546632288085,0.5865033180484119,0.0,0.19427240961465142,0.25954860053323464,0.15724242061363422,0.13012625755029866,0.4637241012016357,0.34443429795418684,0.04188762422619001,DevOps Engineer
0.6900069510537827,0.7093170988146149,0.11573082983807371,0.3335306079262322,0.5349062730669816,0.8068056043641919,0.6592245038282679,0.6807360176991388,0.631923233520811,0.7430639946116036,0.534972752694159,0.28931388587735496,0.27974601559659373,0.2807314239042648,0.09670638953125532,0.0956653049327925,1.0,0.940997490374874,0.9838355868930155,1.0,0.4185506802153279,0.378998775803914,0.5244917396332553,0.0,0.14672620440269235,0.2925380153670439,0.11727071255983595,0.1471815475067894,0.44796137838109895,0.3295108252003933,0.1171660637899161,DevOps Engineer
0.7894714109074588,0.7193485166946667,0.12160429123938679,0.2597136405405393,0.4530914461628711,0.9186861831140114,0.6225107952321722,0.8216496528288373,0.6541773247224303,0.8023773668902641,0.5829741573944911,0.26494162042197833,0.2763438931841174,0.2819890737960053,0.055929863898114246,0.003481930497017824,1.0,1.0,1.0,1.0,0.34167895185568975,0.3818285461711268,0.6690076755615716,0.0,0.18495587824112375,0.26313745874028005,0.1637260967394181,0.185671436762927,0.531099283805392,0.28071529158981007,0.13984346678109882,DevOps Engineer
0.6816905922499789,0.7992645929036711,0.1939419601975163,0.2685984920266954,0.4895975698291266,0.918426543015011,0.5808386871067097,0.7412100573908378,0.6510839425243974,0.7933416853117261,0.5510420431711709,0.256677389502217,0.24455783869265205,0.18500540653691236,0.09584391823233222,0.07042536575653163,1.0,0.9967095955533466,0.983248007403917,0.9873536163797941,0.3370967023680926,0.4390601286055897,0.5546918113858276,0.0,0.2154068715018792,0.24170004757391814,0.09780984153876242,0.13523331661351656,0.556922005293661,0.20487677766744045,0.12656192671686825,DevOps Engineer
0.7019008724928928,0.7920179816852895,0.1865552409485172,0.3787954968617357,0.576244340810923,0.8137953410133814,0.561937477025202,0.7331038958091073,0.7259875698253592,0.7372405773521437,0.3945357863318819,0.25182068476526426,0.272739789806607,0.21651337115366526,0.038802185832669873,0.020663699239960386,0.9356332381611545,0.9558347712446666,1.0,1.0,0.3861237610481539,0.3344953294979379,0.5905341945601708,0.04725897051112708,0.15258642787264914,0.2831103971331731,0.10656690463811017,0.19633008777340305,0.44810326846684817,0.3962966485771249,0.1399388198377873,DevOps Engineer
0.6859563830047534,0.7793978868395995,0.17013738053248695,0.25537665900001083,0.5129144590677251,0.8303019048709126,0.6489300904317148,0.6758810767798519,0.6192635092863663,0.7162581663086687,0.4743744196305669,0.2928331301860814,0.19656150563021832,0.2515562338562287,0.03367688695026551,0.10617580148061959,0.9551304843940773,1.0,1.0,0.9860049252883796,0.4070988689968612,0.3413082732621356,0.5980560844179317,0.07744445625769242,0.23180197621010978,0.2644056869669469,0.09668770675010654,0.1528717311995824,0.5174795905033427,0.39324155057999727,0.08720559910941099,DevOps Engineer
0.7245106466593035,0.8342787185476963,0.11338672175900977,0.3501525043447271,0.4742714346526777,0.8442881394924935,0.634723654423539,0.7489773436402908,0.6424511449990259,0.7958812372184855,0.542670485272291,0.2795853855573516,0.22512961760081404,0.29007064956842293,0.09028910451675937,0.03111197811079246,0.9850910594373476,0.9833336940350471,0.9780910073878558,1.0,0.42934607743553105,0.39608155937556844,0.608130726755924,0.0,0.17377715509136532,0.29962584970540085,0.1856679906633878,0.135216891782107,0.5245398790376297,0.41278949320242825,0.08410888795256964,DevOps Engineer
0.7278215534066107,0.8239026969950297,0.17348041031778325,0.3479181467462425,0.4765803312366201,0.8703850741891802,0.5836941582753736,0.7744175723493364,0.6984832584132152,0.7378847066821086,0.5271418410819453,0.26900312980849966,0.2053601258393281,0.25157187326459046,0.1101550723650572,0.03419213008383528,0.9866510821474634,0.9307900663700011,0.979737661086285,1.0,0.43758674392028435,0.38416018494277826,0.5860048314846642,0.06575101611984706,0.1853520403400122,0.2559000804259019,0.18823299370866375,0.18268598638230454,0.5191541436312367,0.33981802953123974,0.07605740281036108,DevOps Engineer
0.7871987035573728,0.722981253567127,0.203202085595639,0.34634436522207374,0.5135210430291842,0.895147212783959,0.6569759320933988,0.7819732266239889,0.694115198735809,0.8114403472894998,0.47363011099689356,0.22320971080664342,0.32032070852166805,0.23762575469515865,0.031496098076273196,0.03610650558686418,1.0,0.9841503384082756,1.0,0.9063634896552333,0.3312950110425526,0.3376738605412207,0.5657451770296225,0.0,0.1613738858743312,0.24451231359366926,0.18462940062626024,0.1655604542845614,0.43734122286289717,0.33477364681848615,0.12057042365718665,DevOps Engineer
0.6795172601534818,0.8295419830473191,0.19542059798069922,0.2874767618973672,0.5584041487655369,0.9292295950918532,0.6166922923399133,0.7342212325572972,0.6102303775700223,0.7601927826056238,0.515346662053814,0.312235564454433,0.2561510371528926,0.2591941338503056,0.0804496181180653,0.06380892214966896,1.0,1.0,0.9647672240949479,0.8924802074917106,0.4047050129672564,0.3218056888321858,0.5303121266791279,0.02756844471299355,0.1714919736769292,0.2362105782975371,0.17479813349791282,0.27700987090223494,0.4586840064259037,0.33262555592922494,0.10703127629838315,DevOps Engineer
0.7382755983504142,0.7773011294431943,0.17586415352117019,0.34108344378792077,0.6060800684560854,0.9602892558123712,0.5616715037358009,0.7099763034821477,0.6487899647050062,0.8171383056474559,0.5146543476963589,0.277746011515189,0.26400258821174183,0.3021473311528526,0.0,0.0,1.0,0.9897418146157545,0.9908694480491477,0.9610471295406188,0.3345190377492117,0.4006607243527831,0.5631475153404233,0.0,0.14259788377782096,0.17664245058255534,0.12597485764208538,0.18462076351782725,0.5539929240234757,0.3016260723858544,0.02020427681866449,DevOps Engineer
0.7474617172127805,0.7468818017352704,0.07023565243309353,0.36483363754299647,0.4034422749359765,0.8797771743731533,0.5739230269875324,0.7273387158727554,0.6734024695583398,0.7273979276537904,0.4608248786715433,0.2600563524849252,0.34814139176168557,0.27867028194100385,0.059199698026485344,0.06381427603315298,1.0,1.0,0.9934583098576243,0.9146414469973361,0.391877127461278,0.33054139917744674,0.6205401980556957,0.01678527837325318,0.21774444286751823,0.20460150082987683,0.17016692271884,0.21475102742212604,0.5495354294779712,0.3389716753744972,0.1427386084589346,DevOps Engineer
0.7215397998843915,0.7849203192197003,0.15684245958354176,0.3043734512361456,0.5631172504729147,0.9005419020146233,0.6301058681767951,0.7743080188494876,0.7640989141294362,0.6767583389284646,0.5128143851193131,0.23907590648825283,0.3460541218682838,0.32701963745337626,0.0022205177724331365,0.057499888491718325,0.9701284596208849,0.8949125229494196,0.9422659874858874,0.9994817280417198,0.35800597571271464,0.3771254547089037,0.5768310665822552,0.03319610553070026,0.1988253671246215,0.24988957893764885,0.17400138087877998,0.2191234733029265,0.5042449078079548,0.4193265744526976,0.07834879083089805,DevOps Engineer
0.6757109506109118,0.7985882242591554,0.10472313442180672,0.32381457139699593,0.4921995148943613,0.9054813560550143,0.6356542509419797,0.7428006778625817,0.6221818310345864,0.7380813307127114,0.5265911292576805,0.27824913657929773,0.19447662649175781,0.2466758880422721,0.054550349490717,0.0,1.0,0.9932394695799857,0.9580444854737251,1.0,0.3244235315375527,0.39778175994427045,0.6033725724088604,0.0,0.17057264065460825,0.2743953460791438,0.0864742850677796,0.14126248307453398,0.4986084857881396,0.2512039963683551,0.08480326997927548,DevOps Engineer
0.740613395003105,0.7755844484341304,0.07762280240418827,0.26611010337428465,0.5798526599991038,0.8621930965526632,0.6192605333505747,0.654937909536143,0.7068467807989346,0.7562058144528659,0.4931466016712803,0.2872971026429576,0.24307375700331418,0.24874760690197342,0.050494583790706496,0.01991629504981902,1.0,1.0,1.0,0.9964595274736062,0.3446019090493311,0.36588987779242044,0.7087429250801248,0.0444667433062359,0.19101612752692165,0.2403024621258491,0.12849269540262348,0.12375757233373208,0.4623572546469779,0.30994962995821745,0.04228681181828919,DevOps Engineer
0.7334573366310206,0.7256378831233491,0.14391634546840154,0.3043715211156984,0.5004623326015069,0.824653498725328,0.6626799562462243,0.6581355206536902,0.6877586519193838,0.805129009511546,0.5682131588870886,0.2345423940016043,0.23787499508454638,0.2645051569283354,0.06793096895427998,0.0,0.9500358499681297,0.98665239520805,0.987327622477485,0.9957316057485978,0.3590823401033182,0.411158561263498,0.6641293144599275,0.0,0.20875303388755206,0.2838739413286758,0.09201930524045368,0.1870095197131479,0.5021345939807142,0.3521843880847285,0.08002175699061692,DevOps Engineer
0.6874652760851464,0.7522175929270452,0.22372846102933408,0.2719494284962228,0.5233049859633125,0.844346482752538,0.6849027864158413,0.7732684880684951,0.6996363693607894,0.7031260987119554,0.4689504294962298,0.27848012067633743,0.2830565551759204,0.3018439776897481,0.006634974223106466,0.0708363029636485,0.972336434033233,1.0,0.9927576053608315,1.0,0.3663463266055891,0.4751712830263607,0.6553543551075622,0.08928488540776336,0.18178689863819184,0.26338473885791225,0.06424061533670884,0.13305299108906157,0.5251252193587526,0.3667052633279051,0.13172798047589668,DevOps Engineer
0.7256490327751783,0.7788373643786325,0.16255924277313952,0.26523475643112254,0.4550475089192992,0.8992428984566408,0.5881879330393168,0.6873423960574935,0.7346617646695323,0.8081778157935157,0.4522474874229272,0.24893135263998284,0.25145990551918723,0.2607949944111737,0.08301484350549906,0.056173773094524815,1.0,0.9421393464920047,1.0,0.9656647369537609,0.38654312942809327,0.3530652213777235,0.6480918934040134,0.03731056942413796,0.15128662824299866,0.261589476918457,0.09236302414119507,0.13900349451189073,0.5310733719717402,0.37206380529199906,0.08265574980422835,DevOps Engineer
0.7082336204829364,0.8281828991358406,0.14571956665898683,0.3164715771803476,0.5116602921864224,0.8074035696801757,0.6640792053991225,0.7347131411495298,0.753323474472643,0.7146502478934091,0.4885832772778938,0.2651802865290811,0.2567347858157978,0.2740465912527637,0.03903813410043272,0.11023185335769516,1.0,0.9770080548679458,1.0,0.9811448932426996,0.3286851076743644,0.3538065433670936,0.555856900310549,0.027452684163856586,0.1518343106317428,0.2051729929522027,0.16601804215674185,0.12096580994594577,0.5139631471388011,0.3119710354791641,0.04702615585223104,DevOps Engineer
0.6783283491072694,0.6601768216711706,0.11165439116648028,0.3360702010480215,0.47433687661327506,0.9126544927540737,0.6664759176494665,0.7228393369714458,0.6974545993420763,0.7679910785214022,0.4738545532686749,0.24334476841577063,0.2514448924858177,0.2112138231194119,0.008238517361403734,0.10657055112463214,1.0,0.9428037394286995,1.0,1.0,0.4226868807060177,0.3667185532924396,0.6155242423752185,0.05077503490380261,0.1443295895277806,0.29141117840370145,0.08565159587679788,0.1330888264714328,0.5520613585837244,0.37045172356177325,0.16478711848702293,DevOps Engineer
0.6932140978885006,0.7604133623120021,0.16289553339267293,0.27222043459938133,0.5453443039012564,0.941151383964693,0.6728149354402629,0.6941397695934255,0.6521963389365425,0.7564852694391508,0.4900046463552894,0.20458838520535333,0.3110852460202374,0.33938924286666455,0.0648356937389717,0.07210260127534653,0.9604762773418599,1.0,1.0,0.9644365934945548,0.3721888223933809,0.3328087012849023,0.5813722849289167,0.03283154093474222,0.12609986241762317,0.20133843537930426,0.13021095956661558,0.23956003663472325,0.5293518442366955,0.34849964906538455,0.136816725536115,DevOps Engineer
0.7005241227037589,0.6982497661561273,0.16605640383440942,0.3482887627441764,0.4774190039226104,0.9503975380150734,0.5990825983132146,0.7105919191688087,0.7217329741399863,0.6931767062582106,0.5161991937820755,0.33335636299704063,0.3129369642243732,0.2793136429553768,0.02643749374424128,0.04784263052013943,1.0,1.0,1.0,0.9310980641793417,0.368146797339289,0.3949843837927534,0.6139809280396968,0.037573555942446504,0.22001235565592256,0.2966183045578969,0.07376235824914507,0.1892518652412761,0.563413754021859,0.3211490413608651,0.09557269547572761,DevOps Engineer
0.7329042596302244,0.6812161450439743,0.1316146832798244,0.2926867512807465,0.4906084998952014,0.9481518528104068,0.6654163167958038,0.6502888145467912,0.6650584355817979,0.6629782003394052,0.4917893953701155,0.26309907042501574,0.2601472477805238,0.23412948868391567,0.007913573507857437,0.024159087699712593,1.0,0.9909774178049583,0.9972744512613839,1.0,0.40253374052030544,0.37572654271407535,0.6198042668154223,0.048794269678681126,0.2031195949324577,0.24405792869136375,0.11327103831574664,0.17575384849760342,0.4856810680264429,0.3062841461817577,0.0824886888293524,DevOps Engineer
0.6866785140033034,0.7303882575760792,0.17668512667414688,0.36760800469022187,0.524566684649039,0.8665890349524519,0.6521423084336595,0.7112096635312226,0.6733373518000211,0.753437748700764,0.5242882893080364,0.29301717002806626,0.17645488560935352,0.24907144855206234,0.07272793865775856,0.017396921742217304,1.0,1.0,0.9734510295776655,0.9575109541419639,0.3838042684517932,0.41666003714538846,0.5907999680604593,0.0,0.18620338105508005,0.30094701688646514,0.1126361231259029,0.16507266372162369,0.49727073694613266,0.387836948851004,0.08431489154237357,DevOps Engineer
0.6924896009356829,0.7665084062087486,0.14902957077864853,0.3283068930494156,0.48823616350484217,0.8678987379481268,0.5940291350229744,0.6661152435356978,0.7080421517630405,0.7579485644095253,0.4859125122198331,0.2761545129012233,0.17769877179253438,0.2449683902346425,0.06007574512014635,0.1006173333506589,1.0,1.0,0.9128527605667311,0.9583329622518815,0.3772333689060717,0.38088074123374405,0.5220894924607898,0.0071025086981570465,0.13345349730752326,0.2723532665863834,0.13293202458855244,0.145597903472472,0.4871195321883174,0.29549293343823957,0.11441591534929758,DevOps Engineer
0.6954266284056969,0.7392940742347643,0.12430006085951151,0.4018304856980843,0.4796415664000882,0.8585121394389521,0.5638529203070585,0.7122648073425853,0.7315536316847521,0.7436742092676851,0.5469594375032504,0.25448587793633315,0.23078723258742867,0.329116822474426,0.0,0.08662362157099116,0.9836435786006259,0.9170842904069146,1.0,0.9678426083484377,0.35061615557458886,0.3835499425665137,0.580681888855623,0.0,0.20837065473349095,0.2234846890624649,0.23728005095560226,0.11539920790271083,0.5872801094929884,0.34308690671504466,0.14112645764250975,DevOps Engineer
0.7552798810497242,0.7606489374989079,0.13234154663843345,0.3402652813502504,0.5416728284347084,0.8648726656714759,0.6726294416101609,0.7187808371079173,0.6802285755107949,0.7870649023978058,0.5298930223831473,0.2153712454039743,0.2660408352806698,0.24615355494006816,0.0,0.09229079880642474,1.0,0.9744159569224581,1.0,0.9741194699224304,0.4859152290453201,0.3114059716681693,0.5628285456293676,0.0075761567595560644,0.20497405074981967,0.2568515742109678,0.10140332038067089,0.14463065886834492,0.4590331999545428,0.32563075764711896,0.08490494470776738,DevOps Engineer
0.683618450156059,0.8294196895062963,0.12500671357888093,0.4046895555925719,0.49954123365158487,0.8334393304510856,0.6488344997771485,0.7553388755642325,0.6774451222732514,0.7789123579744968,0.43584657872866267,0.23544006541994145,0.27841485850333525,0.3121311113442421,0.04471873978716581,0.0507732382136437,1.0,1.0,0.9896880948836708,1.0,0.3840419162021905,0.36823671243700085,0.6474516215614224,0.00210082207479308,0.19744785793968042,0.20490976362082025,0.10959011984291803,0.11339779298798536,0.5027373167823053,0.2544432274910345,0.09767055524283562,DevOps Engineer
0.755178034591124,0.7229279864107279,0.21949679062512878,0.2869550899664669,0.49714471782114844,0.9065506658183154,0.6567914305159697,0.7312761953174648,0.6696439151582225,0.7031408952783259,0.44893318801834997,0.2749929620583576,0.2779218574359279,0.2590455522051402,0.07426858081252621,0.022390908698065395,1.0,0.9965494983868167,1.0,1.0,0.452260810890482,0.42247769853783346,0.580785437594671,0.0,0.19238152536570918,0.2652686812987234,0.11977904238619702,0.16031500283414538,0.45652767302158964,0.32225322877001994,0.06893056431857103,DevOps Engineer
0.6914998303275056,0.6958386158143589,0.1345106643498493,0.31351894535435393,0.5017204479494509,0.8135224559020131,0.6488209864925122,0.6987152410044816,0.6627939965937337,0.8113408052171664,0.5558472604634211,0.2898852739290253,0.24007218571647412,0.3182524978678912,0.08585713627310657,0.07854536097892258,0.996051169203965,1.0,0.9835650247150162,0.9515704154035866,0.4505132462171787,0.36004407288013585,0.5544589999201353,0.06291948252018548,0.18176753270778478,0.2137911307816975,0.12843874689360957,0.2564135314732058,0.5672498685081938,0.3563962020473109,0.10532545760874298,DevOps Engineer
0.5918019180687049,0.8073930186171512,0.20445842959158123,0.25003520458857703,0.4903037095379236,0.8441442335874382,0.7028562006898564,0.7909075965161084,0.5954258371300637,0.8326265454169066,0.48361043794773606,0.18395482533869784,0.2553880508240095,0.26856892450645475,0.029063582920797505,0.0919344079544806,0.9818057099686163,0.948932386564782,1.0,0.9769874542272374,0.4154030720914619,0.3627971915251759,0.6160389322673546,0.006954668165150033,0.19975027229606596,0.25437332595603396,0.1633440733870368,0.20225334126214745,0.45896191434342115,0.316759791390042,0.07493660912197395,DevOps Engineer
0.7949363762093727,0.8491874048413218,0.12386292636472944,0.3218547858068831,0.48312995887138543,0.8902180982302311,0.6429939046893621,0.7554394778789304,0.7170903611539408,0.8068746803964434,0.5570950740008435,0.211692463106307,0.27031126473757666,0.24945854050351754,0.0257186634162205,0.10157095421939674,1.0,0.9640167540452564,0.9360024837599484,1.0,0.3782063094874738,0.40156524369284824,0.5727096850550575,0.07637702487029059,0.19929265908761434,0.2689199016289688,0.13480058476541124,0.12438761351088892,0.4828511731427491,0.3427608623256663,0.1151157083363539,DevOps Engineer
0.6710033540785014,0.7541041188099424,0.16245976947743992,0.3090702813858573,0.5002816897588613,0.8431885968018105,0.6229166579431809,0.7350278317713913,0.702900371141302,0.7015659375493338,0.4565862694496286,0.22267738771562257,0.24405952099222872,0.2697648783077023,0.05613638832436432,0.040202218373567675,0.9713672748552628,0.9606855276357328,1.0,1.0,0.4411864906849108,0.36793694813242944,0.6138119169726188,0.07013552922478325,0.060608054282316026,0.2678675361115009,0.12884318708753809,0.1799672262847909,0.4942912752698397,0.34542911720285774,0.100363669482112,DevOps Engineer
0.7259221572209167,0.7664207325999031,0.14303964450405968,0.38269517988417284,0.450395296889846,0.8285380259789821,0.6109650842216701,0.7387736935633856,0.7301033062939263,0.702238855532788,0.5384039722948102,0.23298963892118893,0.251071033560767,0.329262213510329,0.029424786990908485,0.06753705143708802,0.9790875432168588,1.0,1.0,1.0,0.4261598352640321,0.4539420153000894,0.60371234163579,0.056217325554637335,0.22233466320940592,0.22564350013099613,0.099877691100665,0.12891119861396552,0.5093978263957769,0.34751087883747395,0.10604473755221619,DevOps Engineer
0.7572159912140146,0.7773495573307948,0.029227254515931278,0.3064976251586196,0.5692613030890377,0.7757802013681356,0.5966758144692014,0.7041490403460426,0.7260832460347891,0.8226648643904485,0.549516639322858,0.2423873761464757,0.23229273776224177,0.22426244880789942,0.08006455647421772,0.017453579849685208,0.9668815473927524,1.0,1.0,0.9983945998620325,0.41379440254776095,0.35023587440117904,0.5337385478518744,0.0,0.17916975015640949,0.23820813686109607,0.1328379973828682,0.1843396735781182,0.49946374467922905,0.2885128935587002,0.14766385007718444,DevOps Engineer
0.7345880787451743,0.7266063836437546,0.1288064147621938,0.27322236545915984,0.5569911207239804,0.9680260863627971,0.702992750760991,0.6438153009574941,0.6528851675866371,0.7807359376761706,0.5632608551193748,0.223196316397817,0.23581723475318042,0.22603967962547866,0.0,0.025709833056684853,0.9828511785660796,1.0,0.9902448848874049,0.9938090632504185,0.44607019903980705,0.4011596011611021,0.5738892577356401,0.055426795115616635,0.08833029304646864,0.30147828610603916,0.13644451482245532,0.16171977269419074,0.5087756584234414,0.2556234417368432,0.08510345417151012,DevOps Engineer
0.7455829159666307,0.7495917803182481,0.1651701486510504,0.31076997075958246,0.5326238192458546,0.8082046730778295,0.5626357168618112,0.727628586830244,0.7186313626740009,0.7453134790392277,0.5229338378287086,0.27193013793695264,0.14763842987029735,0.27413994021932314,0.0,0.021408910041653344,1.0,0.9993358876267339,0.9526124649325738,0.9950917834401359,0.3265991032760944,0.3438775066987197,0.6403429158873736,0.061985562250188336,0.20596837650490946,0.18032578068740596,0.13675382721240933,0.15488318237732326,0.5692239240136239,0.31650110738714726,0.204364442730407,DevOps Engineer
0.7505928621158352,0.7688317090242647,0.16967833403696164,0.30774271200096043,0.48202333509851786,0.8628091214411463,0.5728660168462187,0.7174245583582248,0.733160856943242,0.7328987065101054,0.48982368750858163,0.27279465006090076,0.3333494371053672,0.2698971990354714,0.073346863661155,0.04544403106312156,0.9129042356851772,1.0,1.0,1.0,0.4020997757544726,0.35810788532412047,0.6323626067704085,0.0,0.19593465103905267,0.26132778902813486,0.1478443091656314,0.18158535895892375,0.5567528731769483,0.3517217992578191,0.11983251499601874,DevOps Engineer
0.7643169099042197,0.741810085446004,0.1727683987278228,0.2954390540435572,0.47551432754602346,0.9150814472745986,0.6420632863005505,0.7682005697970354,0.7081117946532752,0.767615245250232,0.4716299820383163,0.26128639032284157,0.2636336446292282,0.2650768745391354,0.10752381647669433,0.060054715646377606,1.0,0.9755584177618619,0.9723258169652206,1.0,0.3867533068046477,0.3529986472972129,0.6828724055190236,0.06031688129621965,0.1626315258529475,0.23919570209446706,0.048995288369979975,0.16205974954624897,0.4807651481395225,0.3218677306185736,0.07847056560146479,DevOps Engineer
0.7012035509086834,0.7574932360275513,0.12033659992772952,0.31581045835549626,0.5440524688405679,0.92269071343516,0.6434870558703284,0.7870074038200663,0.7266589542064056,0.7090329876344635,0.5316609092282812,0.2668560336807705,0.2939146982817826,0.1832545306712576,0.1907970493871024,0.010320371209381188,1.0,0.9444792048329902,0.9468155167374952,1.0,0.37419689088986413,0.31690347675021024,0.5512597919761154,0.05326382295036198,0.16165872534130601,0.3395404474329443,0.11761709872418204,0.13542914901454112,0.5390599137281767,0.2557195512823451,0.11192943320372367,DevOps Engineer
0.7149539145204353,0.7255530670695975,0.15440657407674024,0.37534059576294554,0.5163481173514144,0.9731589164717003,0.59974229927302,0.6846283501578339,0.6890727110915635,0.7533079750809536,0.4358888320745921,0.27281733245718476,0.3200503240153068,0.17650354739492014,0.10781487344010432,0.025670049204500542,0.95270911418131,1.0,0.9608536741498998,1.0,0.42810464597157205,0.3536825932735311,0.5567702840115017,0.058116611972496436,0.19793605697077332,0.2619769533536432,0.10933430066413147,0.17456099562652097,0.5567647661216008,0.3363392490613714,0.16038755843605298,DevOps Engineer
0.7041536172592817,0.6719375176266315,0.12415664885286083,0.3383637510714365,0.5786839968448219,0.9176570663336376,0.5692527970188628,0.7855806532464376,0.6795215427338391,0.7212117285681319,0.4427847197964127,0.25166292056477724,0.2127116759230824,0.29854639684272677,0.028199492361930076,0.004323495690978514,1.0,0.9606051556899614,0.9855795931967777,1.0,0.34685621527071764,0.38819354607683915,0.5527346970240499,0.007354697422868272,0.16954538643501596,0.1912163445641009,0.08733646145244589,0.1905418837685017,0.4221491208239001,0.3982663691165229,0.03715352716692823,DevOps Engineer
0.730576454841528,0.7822041148104907,0.14921507301495668,0.33765464019904995,0.5770107400412355,0.8429420806164339,0.6288120739316896,0.7261083624764184,0.6868017480533448,0.7599203962026847,0.5010407483060024,0.3346168627845354,0.2592474571571377,0.2954011570990041,0.06230573278860205,0.0,0.9979086548213173,0.972910233384684,0.9494521763309218,1.0,0.3666983341581598,0.3099399952593878,0.529786599755991,0.0,0.1751673046501581,0.26487331797296476,0.10125754295343854,0.12412987586350369,0.5349949260292767,0.32747476469113956,0.07145299786000886,DevOps Engineer
0.6637532673302509,0.7831948493833232,0.18022115629186686,0.30643427290981257,0.5403906837066029,0.8836075649187398,0.7281454484635577,0.7648322783672127,0.6577215359377337,0.7595162840853017,0.43459980566568174,0.3057379954130316,0.29696446452318853,0.35028973066746294,0.0713191588291886,0.11330991452162517,1.0,1.0,1.0,0.9936944083328932,0.33742391592943866,0.3473620094223605,0.5933525821877487,0.03522581775639995,0.16967086047663033,0.25880885869612186,0.09012762871428298,0.2519558779348364,0.5186784412978813,0.3013371775285388,0.07340370386245289,DevOps Engineer
0.6999695182374863,0.767003081793749,0.2074049751745942,0.3213606102921866,0.5255712354754429,0.8843431497662533,0.6917810017143897,0.671100877756473,0.6974183371255864,0.7522763929852676,0.5592862005783701,0.2503462350022191,0.19769112228832794,0.2384157566495687,0.04867910117844484,0.13034654044362146,1.0,0.9956524138807684,0.988669750521659,0.9786892952795528,0.40615539665647765,0.32436354588555294,0.5893826167784929,0.0,0.1126068983711679,0.18345433265022842,0.16347917745237722,0.20777559864642073,0.5184606962853237,0.32471378286505703,0.10439844683006147,DevOps Engineer
0.6655614353551841,0.7280617018972164,0.18458374980564266,0.37648225054960055,0.45925212390644976,0.8504491269878393,0.6608265596025715,0.7568942581199617,0.6895335471345062,0.8123806039534064,0.49909615956591524,0.18128592670325352,0.3128847080924391,0.2864917934827428,0.12511995320404345,0.03435601702513831,0.9502627015934413,1.0,1.0,0.9688196177688889,0.2998694345579571,0.3374158981319459,0.6598083465899307,0.0493507440064218,0.18535905331943936,0.18848753817524574,0.14941118925545271,0.12614722147208837,0.5922071072760696,0.34513041042405646,0.08054026436257866,DevOps Engineer
0.7476277624135327,0.697585811333455,0.1825989634783313,0.3314465344831802,0.5085444648711872,0.9140035651915417,0.638803114399694,0.7620640009564155,0.6929632515703534,0.8241338117418125,0.4749811736127514,0.21766455083634342,0.22002937023898958,0.2205709078003194,0.031241034950021923,0.07039667701659641,0.9562597026095879,0.9921800288563428,1.0,0.9711620228177059,0.34776228794938047,0.342973741999976,0.5685926129585822,0.07217569386341631,0.27943048807008647,0.21109539397769372,0.14587791790576388,0.17813471658256363,0.4985203865241118,0.33964797972287597,0.1261867200639203,DevOps Engineer
0.6944532217855989,0.6972860742448108,0.12050217587707304,0.29784654916225284,0.4537645842852718,0.9365917089694857,0.6465453512231719,0.7242505170090755,0.688693931613219,0.7658438988370734,0.5659734375578237,0.23167355624066424,0.2396278489979898,0.3126736242199576,0.043542455241608075,0.082252139188562,1.0,1.0,0.9325517189835397,0.9472532677363911,0.43362080631963285,0.31928998409231074,0.5499509750737634,0.0,0.05568572133979835,0.24839709628817602,0.1213139283507757,0.15121906160626308,0.6351907637186399,0.3031008162113285,0.08556967608423896,DevOps Engineer
0.745056053250567,0.7743734035491017,0.1525536089306582,0.32505461072696307,0.5425304238396329,0.8676792132389586,0.6473016583089043,0.7428493457287498,0.6388810216566745,0.7468680242409478,0.4976273160351104,0.2551173534685773,0.20361516699160698,0.19394863421541228,0.05778368586644287,0.0,0.9955038129242462,1.0,1.0,0.9858769084117214,0.4196097515679578,0.34661313623994544,0.5286460861825716,0.031084790999316127,0.19185036406360245,0.25698368211218775,0.09668495842920713,0.26466555682809995,0.5410552850901095,0.3825939476005655,0.09893443981934238,DevOps Engineer
0.7183499054345776,0.802640229087942,0.14304681415998796,0.28073084431130235,0.5122520822311274,0.880254681840455,0.6579426606381897,0.7084448098184379,0.684663932639259,0.7934641324259271,0.5358674864780221,0.18868085384680042,0.25272514725488443,0.3394883811372739,0.0680082993041726,0.08790699208445504,1.0,0.9356727675238765,0.9803408616307513,0.9162251139881531,0.4156248592711862,0.36418684561833053,0.6243181169550196,0.05639297854552217,0.2102203921364807,0.2844953560713551,0.04786416355830289,0.17021741726437464,0.47874058499271466,0.32423780039667466,0.14463631155148465,DevOps Engineer
0.7366682349655961,0.7532485193483092,0.1761425099725547,0.3317693747810025,0.507047610040163,0.867401183619039,0.58449538545243,0.761612629173608,0.7922608865682383,0.739063182398836,0.513147239643065,0.250019691461893,0.31931764726081957,0.30916831297860825,0.08593845305949163,0.0795300417120592,1.0,0.9769859056485747,1.0,0.9663422016367065,0.3755828441269125,0.38408222839061296,0.5102220451019749,0.0666880312421147,0.2145385916636916,0.2601926667288044,0.13694690455766262,0.13532952851474755,0.5458080155468424,0.2963972902344821,0.05380183835248245,DevOps Engineer
0.7360315828993167,0.7581192029118095,0.21758660360858725,0.3531174251353204,0.462519550343939,0.8895858649653998,0.6581688582455615,0.7194082459160469,0.6807529424194707,0.6916001494347566,0.5602902048703466,0.2794214995015918,0.18083297196369325,0.3406683550176196,0.0844141796351625,0.11214380610257652,1.0,1.0,1.0,0.8974961481100939,0.3964834920077464,0.34682242772429167,0.5636483435887067,0.0,0.1988521276557968,0.22063332654569195,0.16265805702475436,0.12304181708524242,0.4464961488359199,0.3954635669295522,0.15129647425468118,DevOps Engineer
0.6690926527165865,0.7296610985359254,0.14493546612267386,0.3519423701192655,0.5267525988270053,0.8702342172775274,0.6378529109018284,0.7404516978979261,0.6476381982546487,0.7392378325439032,0.506647863592421,0.26061379147770375,0.332438712732416,0.2566610012662568,0.0,0.05743678014452987,0.979610131073319,1.0,0.9353507983489635,1.0,0.42148197054006264,0.3698054119692061,0.5509285727494027,0.042048687647082375,0.1537913489457103,0.26622876959615904,0.13111857492642737,0.09428349079555215,0.5683217841579772,0.35675818765884815,0.16575526602086532,DevOps Engineer
0.6470118602187226,0.6827985906023507,0.1398300588351222,0.2696245369444659,0.4821035798895256,0.8700263142990945,0.63726661317003,0.6792075901537624,0.670524915192293,0.7491768992112057,0.4597230212292227,0.27794271706652457,0.3417461690288198,0.22828279099957272,0.05329225236261773,0.023921416024490598,0.9576028229807729,1.0,1.0,1.0,0.3567049703056943,0.37992723030226017,0.6766456369299898,0.01911351486809687,0.27097051096977465,0.21364945554389814,0.048188886605891296,0.24258882950383948,0.5336220128137407,0.30979760306520837,0.15406400269779236,DevOps Engineer
0.7642275841948687,0.7815715405841144,0.1009950823322958,0.29290286782642466,0.5050807183845644,0.955887013100382,0.6512593283179897,0.7103927164515629,0.7558996385369493,0.7067787342847888,0.46917373578322386,0.2396491455336123,0.299231277237882,0.1634132939329774,0.04298487966077434,0.04370647429067757,1.0,0.9500543915866507,0.9776452537561199,0.9926730597760846,0.2722786908179213,0.41431865977665894,0.6250767179224098,0.0,0.18558863756926255,0.28091873037328885,0.16571844224395113,0.21574506361751594,0.5477782204327194,0.368834491507343,0.12320414301243998,DevOps Engineer
0.6571782485450296,0.762230475970013,0.12973866538016757,0.3221162973596286,0.43613549390269346,0.7734980253788764,0.7154903261296582,0.743314708892416,0.7372843894579879,0.8089713502022304,0.46662335599998433,0.2723329434411463,0.24714779399504094,0.2824018114973458,0.0,0.06839297771520604,1.0,0.9882559256118363,0.9293293320426066,1.0,0.3776385913664569,0.31965340249425067,0.5336060787950572,0.06040753753117967,0.14725861895104278,0.2065669418873712,0.11500686193038936,0.19140171358879388,0.5935180217368452,0.2736894845784158,0.12755057844409298,DevOps Engineer
0.7560967557306454,0.7994795157901945,0.176853149192443,0.326545897079415,0.5994852267537232,0.904208500138559,0.6729657306867587,0.7757304591757752,0.6969510928707978,0.7291603253413347,0.4727318830919395,0.2532508158301012,0.24635673033932862,0.21764491834661845,0.011755846517069068,0.11796415032573518,1.0,1.0,1.0,1.0,0.40980544994165014,0.3268615359576843,0.545564023958423,0.008814762193374053,0.18608055860262812,0.20314169618928843,0.1057289507436223,0.16160033773734714,0.5484025727553137,0.3126901942589655,0.09706922477551126,DevOps Engineer
0.7038948568712995,0.7453924000241715,0.15657529461016315,0.3038583442644355,0.47865218053892317,0.870897666903657,0.5895616975512836,0.7644751389738832,0.7036971844633714,0.723742401161813,0.4644543004573352,0.2141691577778695,0.31553587565753444,0.29149178901377537,0.02792483460329362,0.08091541225750054,1.0,1.0,0.9623610723776653,1.0,0.3692036016759049,0.37358539614807107,0.6046196494086378,0.0,0.1280673280252498,0.2843967312502988,0.14772259840325083,0.14476897182839846,0.46721561499244735,0.30873340354228107,0.03300402108038096,DevOps Engineer
0.7698325854184347,0.805822525101241,0.16476164914595728,0.3469983760081519,0.4831553226541009,0.8292547854652629,0.5573989669588083,0.7673421309330405,0.768405572584607,0.7672860622455943,0.5290572327502812,0.2628484819530447,0.24692263997995842,0.2995708777459052,0.018413891161406994,0.044110000719117616,0.9859777252756556,0.9421941974381187,0.9779116838028494,0.9322140565270676,0.4028983612892514,0.3604313774764529,0.5118171380394989,0.0631289933410455,0.16062433619024555,0.319087744626051,0.18413583923332263,0.1509811034161612,0.5202411329512457,0.3006287572023333,0.025606394476143005,DevOps Engineer
0.7312986996451237,0.7537379486934721,0.12894593179217612,0.31092098798947704,0.4812141592554988,0.8491700525322132,0.6606478869751454,0.7815352484621532,0.7030088380593484,0.7082299137503094,0.45127582632143837,0.33305032441988924,0.2164381796676174,0.2561916337182635,0.020706288039764386,0.06142366657526212,1.0,0.9911950344511627,0.9958509583489576,0.9492331553250601,0.35339223960038374,0.39828467140526896,0.5264458202878834,0.060464352334161864,0.11915988710718174,0.30110358855500974,0.1521528271357195,0.2025375137700893,0.5195444831249243,0.3185190264189158,0.1014659689668998,DevOps Engineer
0.6710823535354313,0.7446798311886984,0.08825201036264099,0.3149098296924498,0.4726476799814867,0.9146981790353667,0.6539931670313944,0.7196368674980094,0.7240828325076035,0.7595316216993351,0.507733889913275,0.25761431179420874,0.2685380746555727,0.23725568929062502,0.0803319010971026,0.07794931853211629,1.0,1.0,1.0,1.0,0.4319225735901902,0.3538322844028901,0.5560466716536537,0.008536478474781752,0.11279191872115633,0.258079865485473,0.15452011116031666,0.16523508790418506,0.49982534312811916,0.3105536696370469,0.1407629110089938,DevOps Engineer
0.7564427570245292,0.8329837625311707,0.09525842850065053,0.29444998979646103,0.5130000990774998,0.8939114136713511,0.7189358904050358,0.7614460933031733,0.6957969774373605,0.7015199696458864,0.4910951175458742,0.24459317242376916,0.31109785650221333,0.22671007059937082,0.06107622410566637,0.00993224867563098,0.9970054520461208,0.9745585953475663,0.9998370978552922,0.9624893055797695,0.317564408381093,0.31417562548963057,0.5928466780982838,0.0797202595961112,0.20766636938378363,0.22616908197848856,0.1427347865266938,0.17577341430641594,0.572454831891666,0.3242108242917681,0.10191958495371638,DevOps Engineer
0.6912221051978922,0.8186792727447739,0.13617731459013915,0.28215740791135446,0.49868569036993476,0.8973811126097491,0.6340504844890599,0.7595057575210296,0.738373776050072,0.7323193499124147,0.48461839155454906,0.28392129769128077,0.24486292676487306,0.24251632869304035,0.04670238636476716,0.06772560303628078,1.0,0.9779912493275994,1.0,0.9955472365886611,0.4434182502356346,0.4043406727581337,0.6243810171739234,0.02367870358622884,0.22598168899548068,0.19387346788665805,0.190891211644079,0.22681096563797498,0.5298730892449501,0.28869949317678334,0.05926752382313642,DevOps Engineer
0.6810010076045746,0.7604949099787,0.11119234907372033,0.3598231638680712,0.5617320932267427,0.8380848358940487,0.6752810904928703,0.6937701079611339,0.7413786606849736,0.7620943513714598,0.4985285190429549,0.3030626220662523,0.2230805862719767,0.28592890910785623,0.07476415467069086,0.06405218114161174,0.9856737478624006,0.9345873339106393,0.895480400757406,0.9831571181284222,0.45767245962569636,0.3871786719736345,0.5909455443348361,0.0,0.1873320948420494,0.27290463435657275,0.15546284246383218,0.15544299496003472,0.5362472427239928,0.3462944417365704,0.15382834357421926,DevOps Engineer
0.6999068820596805,0.7678705291407826,0.1693130402177183,0.30343795990179484,0.4435681855244031,0.9192940490926573,0.6662112589546132,0.7196077552558549,0.7080187513028519,0.7829810560149247,0.4993944576524819,0.2837593194908686,0.22318824567093104,0.2656832870592076,0.052191547818916134,0.09048448190254178,0.9544470993106964,1.0,1.0,1.0,0.3491406257748889,0.3754219591803479,0.5452025067392372,0.004789164906769613,0.22067293879529565,0.24111111402587718,0.20069343956462038,0.20316346073036665,0.5254854275880632,0.31591010838509487,0.08421169538112087,DevOps Engineer
0.7447184643556435,0.702778016119991,0.16718128218360337,0.3659559997623058,0.43003981549928305,0.8694021122675205,0.616716225554712,0.7461720399844592,0.6311332595565478,0.7232556304694746,0.4599470974015641,0.2160801657432051,0.22898873397872974,0.28550047138793094,0.022351178049806856,0.0046681838426801125,1.0,1.0,1.0,0.9954382168638893,0.40547498386872466,0.3178613772453334,0.617284122691377,0.057123166858819976,0.18450589772023002,0.26679090852347775,0.12552292343134555,0.18190146750226802,0.5146853754332729,0.3646177982405703,0.08921166006468885,DevOps Engineer
0.7282574236092381,0.7783332451958527,0.12226100339522838,0.2958674076101457,0.5987676514979497,0.871379212764606,0.6690311545514624,0.7521532696875841,0.6982039492792538,0.7879156960674215,0.45588890038899915,0.26814404509753664,0.2003000698769696,0.24173918755026932,0.08183099763993046,0.05575113924779052,0.9950224926900277,0.9683408069916284,1.0,0.989427779685838,0.40656951597489094,0.3990055117678075,0.5577035334601842,0.07025244745780754,0.19106962126117008,0.31035079862316195,0.09683160161508263,0.2154915100712061,0.631792122678091,0.3542155416565187,0.10920218092002887,DevOps Engineer
0.7400448141208058,0.8402411971745272,0.07094587130746191,0.23893723031233882,0.49110161235371314,0.8901832752711539,0.6502472375287579,0.7580174880064741,0.7042976775905475,0.7492073002367935,0.49226311823073277,0.20517119900521458,0.27080059097446185,0.29390608532417434,0.07312187580625229,0.048282435703780074,0.9789175748797673,1.0,1.0,0.9910033446046819,0.35284725568672326,0.3655471092006708,0.6564202798357648,0.06185429740930515,0.14398240846852284,0.29771566211083905,0.08308696508146368,0.221843008223267,0.504236326312728,0.3256669595346554,0.05760414396562669,DevOps Engineer
0.7706802092609867,0.724030494659291,0.11150920465076594,0.2973556923623632,0.4793767193656595,0.9079306672271351,0.6086201556092498,0.734476999851131,0.7392226526517338,0.8108978738896746,0.5101165822703551,0.23186303118000146,0.2534041584678757,0.16991551261750593,0.036795686622139404,0.0,0.9658002097681614,0.9821699626214485,1.0,1.0,0.3652715166591092,0.3142321230438473,0.5667785964071594,0.03319181215498354,0.1727750746859075,0.2763793502179926,0.14692440500218562,0.1002690386734191,0.5293214383229881,0.4031118678139488,0.18262268708657778,DevOps Engineer
0.7269240722301726,0.7175565109006042,0.15316191376892366,0.376101088470708,0.5604636770879821,0.83374786031663,0.6064059220911884,0.7309046813085847,0.7263411564017266,0.7422435761120519,0.4946955404150468,0.24924064477840757,0.25640280165955137,0.2750109511924805,0.03730079970297189,0.04674407669619767,0.9980453843667846,0.9956556843765768,0.9786236426618159,1.0,0.35465715493702366,0.34014844829792296,0.5227192394506317,0.003183781254729165,0.1792828758575918,0.2733246338684917,0.13386238307009274,0.24334281171608851,0.5569984497456902,0.3557937962292541,0.07229722674030807,DevOps Engineer
0.7006643011162865,0.7016579754543669,0.18409396646426357,0.35603027725239567,0.5028465825649227,0.8939490324394049,0.6883330731725291,0.7227346831262407,0.6614872097969238,0.7697411693416978,0.56653812996846,0.21121631388064074,0.20653511594557822,0.3028290073967826,0.10803760683357322,0.07224000768448209,1.0,0.9874313002855176,1.0,1.0,0.3846987938661571,0.3533883882456682,0.5815650743627039,0.058181542109529874,0.16595304940905625,0.27599938623686043,0.18601027501495407,0.18256721631354883,0.5956654806651916,0.32367668674101235,0.01963121246990375,DevOps Engineer
0.7632359212750449,0.7304237500064561,0.13542384234615615,0.2674135830156437,0.4702561159709313,0.8639224446678619,0.6182505738696005,0.7459517727269108,0.7013767992840424,0.8325459823353627,0.47792025503122276,0.25300476324402615,0.3131416437022743,0.18363157629356008,0.06375465422798587,0.06012754650306831,0.9961108592407222,0.9615335707178383,1.0,0.9546083016790197,0.3555013354335009,0.3253912422496126,0.5519144585886882,0.06988300115959284,0.24071320328961163,0.2574437854570724,0.07775084449814613,0.11898825864754381,0.5490445453628326,0.29284105483155487,0.030878467141769034,DevOps Engineer
0.6689944458612691,0.7688568877781908,0.05564112582689133,0.31236759510809065,0.5798144592676887,0.8932176891336531,0.6481078418356618,0.6614312099706339,0.7359537901418626,0.848207097184816,0.47308272026649745,0.2846039030072374,0.27568088738674457,0.22632836447275745,0.0,0.03386092496075144,1.0,0.9821133632904108,1.0,1.0,0.2994519143284725,0.30063980778502764,0.6212403352629212,0.0,0.10387794329884548,0.2703024062691882,0.11156408901059348,0.20537836209707988,0.5132668151760377,0.292361170005646,0.08517346705884014,DevOps Engineer
0.7431517032301551,0.8002755932005108,0.11498696945033027,0.29109526364984173,0.4905564078873068,0.8698277528881851,0.6721331377458515,0.7327913791604505,0.6878327678016061,0.797311134466935,0.43374219446833895,0.2685946134416671,0.27619607354900033,0.18510397515258248,0.030313598722571496,0.04598591032197828,0.9250056543871888,1.0,1.0,0.9931210132514516,0.3636804535414127,0.30118536154912284,0.5846371496378673,0.025842035107690665,0.22754620228303932,0.3198147456650894,0.11142286570826325,0.1609227095903809,0.45266128243189263,0.28602004543377874,0.09473836777456084,DevOps Engineer
0.6881201808079732,0.7771150771587636,0.1929479003546989,0.2978237399569101,0.5506818994141551,0.9375309051784034,0.6172861492451868,0.7170115606833009,0.6948795406076805,0.8082133496846909,0.5274012196020853,0.2748378610627536,0.3266029603002735,0.2968795573532523,0.14189845165807885,0.036509786958596496,0.9712136679745724,0.9470033382700724,1.0,1.0,0.37257464848206884,0.3524568049243233,0.6172775554650851,0.0,0.1287585292179863,0.33587891505995604,0.06111689510398671,0.25554433343397964,0.5148459401516862,0.3699042564815758,0.09703651846093718,DevOps Engineer
0.6554430402953492,0.7752613517571524,0.09650868927790254,0.2977129778791251,0.44186320875739515,0.7892236083201962,0.5840880372118985,0.7594744200458748,0.7168897462204942,0.7445928185512977,0.4880293105178131,0.2977727474896886,0.2935882239940958,0.21950123349356707,0.07460697298325937,0.14736060096714626,0.9758089872340203,1.0,1.0,1.0,0.447832607908127,0.4094551289755993,0.5899343768093954,0.034098395584580096,0.1532158643880406,0.1978088597212488,0.04051828492534275,0.22003260845661696,0.4899042410845687,0.34575021857597,0.0941154888295336,DevOps Engineer
0.7313398609125243,0.7657474829393381,0.08882966575918794,0.2559616126130639,0.42439733913540967,0.893766338646943,0.7230964994669603,0.6955324633649544,0.753705233237702,0.6844481073857499,0.434692345819881,0.2373791258723905,0.24077341391313423,0.3043303929910795,0.04485093288312193,0.005932869720843101,0.9907829521935921,1.0,0.9682806139343939,1.0,0.3670237204956756,0.35380305522739663,0.6085681305151391,0.007271504102875019,0.09081319788229293,0.2371003086114833,0.10052272733372422,0.17045769872303235,0.5209445005514434,0.40987580614559516,0.09119326354693996,DevOps Engineer
0.7388676515858058,0.7386099956547012,0.16088697696876195,0.3073761446518618,0.47440731693579125,0.9077719300117368,0.6532303978757997,0.7868184624588417,0.6845893623420696,0.7352091493060811,0.4704464724170392,0.25126472379014014,0.26139957547837467,0.2648543265547343,0.09095023406270772,0.04047392964547099,0.9537917125313542,0.9684392134025346,0.955995678830988,0.9749635500258212,0.42072160060209307,0.32229646085450625,0.5772351529283973,0.06414172512187531,0.12928119350117565,0.2622652976623402,0.11301992215895004,0.1824736022075161,0.5072789960149112,0.2753907523957307,0.026511149030751816,DevOps Engineer
0.70741463340639,0.7464391170949517,0.13430752883573585,0.3403601950523992,0.5083358134772638,0.8294978241006543,0.6939226902235948,0.7242153984791989,0.6314426727961622,0.7482816332282886,0.4231793299991244,0.24804305247866984,0.35443262034288087,0.3234242947430353,0.045235928238752554,0.13366474027163877,1.0,1.0,1.0,1.0,0.44361191453762694,0.35321293994932745,0.6685175969760881,0.028939864941429205,0.21139479431255026,0.3066912955603393,0.07772567808537892,0.16430434353478193,0.5918334875653408,0.28486341339707255,0.13197970992520414,DevOps Engineer
0.7469401979709098,0.7000934566790831,0.04776602514165376,0.3030880275835178,0.5178898887915647,0.8304842265530148,0.6416064857072756,0.7865040330547232,0.7392432643197375,0.8489514480574152,0.4554026372973865,0.3327911138155405,0.21449720239284462,0.17630198792491814,0.06374964253360177,0.03579932113323946,1.0,1.0,1.0,0.9949091732979404,0.3939046542797934,0.42293579339578974,0.6032512197813424,0.025093265145013994,0.13505904326437715,0.2537857597516982,0.1272578315788015,0.13732731688016273,0.47451753599307933,0.33607420950971695,0.10731123193292263,DevOps Engineer
0.7765901380248343,0.7399864031734836,0.1474159213131876,0.27272126649339234,0.3903902899747991,0.8257542005673073,0.6939616626731769,0.8065806786915538,0.7211196406535075,0.7605373704282488,0.5579048345918758,0.22668560121276937,0.20605925885611734,0.2799561971369059,0.07270622212887035,0.05163628050669106,0.9899168522693809,0.9840509747225991,1.0,0.9725776615751216,0.48202761971801145,0.3889166562229396,0.5409509527815948,0.0,0.14961483076271506,0.3371418348330254,0.08144962623836546,0.208857448238107,0.5144248022559443,0.31468627033743407,0.13155700532163267,DevOps Engineer
0.7174616136761552,0.7489189003105708,0.07412833196356029,0.2868162946469586,0.49392780350319926,0.9064999495856122,0.6387152455688732,0.7008146089885805,0.688169950510199,0.8361225068161162,0.41824993517621734,0.24742466152496254,0.2999386613045396,0.25345723084987154,0.019319466473417035,0.07964995596665436,1.0,1.0,1.0,1.0,0.4142510530598074,0.3314932306837368,0.5872190720195035,0.028260008251128864,0.2155267256050712,0.2292025416671313,0.14767434287720274,0.23095802368473792,0.4649656625648993,0.25312722141003435,0.1307435303188549,DevOps Engineer
0.7051029558660025,0.8146880612487681,0.2678944383815821,0.3734126202557268,0.4401435922984534,0.9627925403571589,0.6677846843398599,0.7564754808838666,0.6490112581904737,0.731037784607509,0.5050283516314699,0.25852443602830594,0.26035522346095585,0.24202999805113506,0.09792559504378442,0.10952563249122557,0.9545706555404645,0.9668875465050618,0.9246687219886236,0.8956671178581025,0.35209272991678775,0.40499129342103185,0.5639990414094607,0.04908164118957998,0.20124079249920795,0.2505982382229275,0.10884143854874204,0.18201742177248495,0.456353199586903,0.37561400751106605,0.07867948022475127,DevOps Engineer
0.782693108227535,0.7743125010977099,0.19558722614922627,0.3183456566951139,0.4695644453619186,0.966057557153796,0.6086610288418404,0.7098280743578997,0.6587731603145013,0.7140332495258743,0.5052029131178108,0.23689426101678623,0.26784059307156605,0.2878969382370772,0.0,0.08542004364973667,0.9295730733372485,1.0,0.9970603232094718,0.9662744939335173,0.3798452860648059,0.43620280581307186,0.6467537593986419,0.10408839425250596,0.19508782414702494,0.2407374290990716,0.16114821394474482,0.21331328153708626,0.4647635908090864,0.32628092260735025,0.041800440685207385,DevOps Engineer
0.6952368133600941,0.7897020771730867,0.09573774579828141,0.4033850815028496,0.49171792971857536,0.8892110942791169,0.6563171177526775,0.7659446815099886,0.7285834856536149,0.781428631384602,0.4705234930480716,0.24903074771661166,0.2726200858627438,0.2510638827465602,0.07079379760788522,0.042728657738274424,1.0,0.9787262230512184,1.0,1.0,0.4295607793498369,0.3666166266544679,0.6259222861434445,0.026052978370367307,0.2187991640312843,0.3113881268149979,0.1095541470813039,0.22759802785677283,0.48918511534840237,0.27205853548990055,0.09052882632829294,DevOps Engineer
0.7270778409403159,0.6663812498175756,0.13485087126186857,0.3728824275505929,0.525532778833017,0.8392009596327744,0.6658269433538417,0.751346334803072,0.776872320098562,0.765126711407617,0.4629707246631493,0.24379661384196064,0.2784433403687685,0.21257402923913457,0.060245134733023724,0.056666992165469554,0.9257485787941911,0.9518382915045274,0.9822581867175797,1.0,0.42109069040524116,0.3910456328791918,0.5351018700350287,0.03948395895255743,0.16068086807584028,0.2729939252208109,0.1269281483449025,0.23861805258318508,0.47166531091334296,0.33308916965200636,0.14822598838314335,DevOps Engineer
0.7201748232523102,0.679637349865068,0.11626414292642817,0.3087240122239858,0.4248312104371417,0.8677286362603288,0.5772721754537471,0.6761926648763156,0.6995633276476656,0.767799593077395,0.5286825073613408,0.2714230040541371,0.2599866286538927,0.301062670150271,0.05101703308090305,0.0694978490328973,1.0,1.0,0.9853518705812364,0.9651816543772281,0.3759948195889247,0.38168869920811105,0.6204854396950757,0.048230294689958104,0.1792588798975794,0.2536668304194634,0.10327565324984206,0.14941702195532833,0.5175010034552561,0.313799161960874,0.07155812146415291,DevOps Engineer
0.7763590718079856,0.7326315860296547,0.15066591862112044,0.3794649318056338,0.47859220402949926,0.8444669308919979,0.6273551672033726,0.722330229506983,0.7325077280045008,0.7273835843906667,0.459764137082176,0.24881691949879195,0.28634640348743845,0.2804898604696031,0.0999502640075477,0.07362208764751772,0.9808630410046683,1.0,1.0,1.0,0.408689144181046,0.436505666521257,0.5465365630737223,0.005099062372276364,0.15282422785996086,0.21387575918835977,0.1979047155363285,0.14266918940761386,0.5353744382122981,0.3239142595711567,0.1544028313984066,DevOps Engineer
0.7533704092542491,0.6814363522762202,0.09216787012267907,0.28420369828096653,0.4759017681538679,0.8722882542339748,0.6005866768437623,0.7271498839364244,0.7847467051416717,0.8239266973694805,0.5398937847047048,0.39501469333252376,0.24720128327301433,0.2778131355313915,0.06599863091105729,0.15384087038613392,1.0,0.9827783615482217,0.9553274582695528,0.9099734545403976,0.4537354838593254,0.33606268165452663,0.617389519165883,0.013200954814832367,0.15757822964597465,0.2571587460364969,0.19285742841182496,0.18812987736984135,0.4858303205267257,0.2996038267121024,0.07705157859927764,DevOps Engineer
0.6769014506037857,0.6963351897748133,0.14366060301153238,0.35421193423747926,0.5179975976560452,0.8766004663619492,0.611289761788366,0.7187921932008321,0.7224870961177624,0.7570006649744662,0.5185705311928039,0.19690353137033872,0.2505463431064771,0.2525144189538441,0.12878682211481893,0.06516873760647487,0.9593043028968209,1.0,1.0,1.0,0.44904607994116247,0.3200589331537862,0.6456468579437594,0.0,0.22587265039987858,0.28858431700362874,0.03463990569315692,0.19332759067189828,0.50490947063688,0.41971177142525085,0.09933089658786384,DevOps Engineer
0.4883658347063615,0.8425204960942877,0.3128722289992827,0.3107299056221262,0.28707385695732357,0.8113776845690492,0.513919356226352,0.7581106966947553,0.43561690744169856,0.5177664045743587,0.5137723591591156,0.6857427783550537,0.5195229621804162,0.7637764408106172,0.333653680823704,0.2944469545325797,0.22028721015060393,0.04364432096550787,0.0682614655424828,0.06420465443059932,0.04741848817908001,0.04002547959865552,0.05357769530872318,0.9404080054348934,0.12890772517963467,0.1019698895718151,0.35096417681552017,0.3265584343355201,0.1248000920952156,0.5619475550075443,0.11091434183476373,Android Developer
0.5931457941927004,0.9278536804899681,0.31589954411307397,0.28220467267295685,0.25015065569622813,0.789113178512258,0.48012735231652043,0.7038927139900232,0.4130669269779341,0.3989717756463659,0.43693099840968563,0.8124343187499529,0.483486184840275,1.0,0.38085914232284973,0.2992631230886735,0.20414768070636083,0.07158656542727476,0.10549462058148842,0.16463302799564022,0.05404126707311231,0.07465489607550044,0.06423277885814334,1.0,0.06365323825717678,0.10405616247898587,0.2746287198063871,0.2023194783524475,0.09776927227520886,0.5327556138943128,0.08213448234145615,Android Developer
0.5086606773983465,0.8913758386909917,0.32680985794641987,0.247085842585429,0.2675493226057846,0.8296142724990188,0.4706573363193124,0.7249874714060717,0.3983564982847181,0.48393358722903324,0.4945053717159829,0.6436029252845793,0.434355867632023,0.7082348417091597,0.34421651850364376,0.3261400871697737,0.32498387148875196,0.06694717628308224,0.12439601424230785,0.14817237786638077,0.02311742535089091,0.10020439615556982,0.05924796268794856,0.940295674348042,0.03340562643316168,0.05615649743371885,0.35194700530877315,0.2891136976521188,0.14828994779749743,0.5485313776931768,0.1184259407562051,Android Developer
0.5747714114506963,0.9608219986707739,0.27529044024002,0.23920088606182235,0.25304665041520896,0.8139170369875627,0.5292483201768936,0.7620518140096971,0.47676677612705726,0.5588271098546336,0.4433262289757302,0.6692894551663761,0.4721503071034925,0.7187003610089377,0.3120962511100196,0.3233968762699208,0.2757929737987738,0.03875810314506468,0.1378117060677757,0.1418244144886806,0.08821611872523893,0.0527474429273155,0.10437603758731023,0.9735480174753476,0.020999579876724572,0.11703687682293668,0.3145418373018373,0.29490267952109267,0.14026263796375674,0.542925646835102,0.08552917097654589,Android Developer
0.5416038045869539,0.8720921935944624,0.33627262477524983,0.22666616842042386,0.31709753523445816,0.8321863759863221,0.4671491382105525,0.7455618868904288,0.4247587546800673,0.4760569538487685,0.48824502060306324,0.7691105011368888,0.4548087734846666,0.978153131335532,0.25438569083785856,0.38245753217850376,0.2506266358828433,0.09414387441516887,0.10717618686758307,0.1718189780992557,0.0,0.1162523420318564,0.027518563718284303,1.0,0.017565370398655904,0.11989622804861472,0.3178721091561134,0.2878154707764724,0.0743233636683317,0.5408345678997317,0.13732096391324017,Android Developer
0.5253877249374924,0.8318711160595532,0.37344220483757884,0.2827950946973516,0.277669815855182,0.9034604447437458,0.49018947568661264,0.7630026699631565,0.48844396059193534,0.5066831391218742,0.47886530872935723,0.6967873451104106,0.5111064561790903,0.6913777095857621,0.4015331311761332,0.31553515600862886,0.22078602793432572,0.12143488256035129,0.08660922027434907,0.1404913011394042,0.11560955131738498,0.13379135206567383,0.11528733564952881,0.8912178917150407,0.06497477120706252,0.11458186027001982,0.24103563669812944,0.29102102317111544,0.18675162403858225,0.4497541108369803,0.13427712374253026,Android Developer
0.5335150463939988,0.9598795563990682,0.42071100459669886,0.2867086425849378,0.2890644938883941,0.7499142048662227,0.5590570788615994,0.6735055057619707,0.4502766886501404,0.4898391814476206,0.5113688457484002,0.6383912784100968,0.4530828229513072,0.7118161160841046,0.339198596914546,0.2508033937626547,0.24699365186134986,0.05120562809148166,0.080641424734723,0.10275809872292065,0.0,0.18798113213032577,0.06460161011433133,0.908848646313434,0.14676723969764421,0.15409586445734008,0.2640688344483959,0.29596299288289524,0.11711913380661503,0.47759905179746254,0.03594447238334232,Android Developer
0.4839070900229282,0.9094358950178021,0.3815387296369769,0.2876174085747683,0.23440111479243744,0.7910045451005171,0.5020115954686616,0.770191358279205,0.42320550553785236,0.5321273008640223,0.4802389419193048,0.7642153970905632,0.4703773346389245,1.0,0.2754132365632902,0.37820461243335624,0.23258681813102455,0.07631831075606216,0.027944804397784427,0.12099920996337524,0.11881877260696778,0.11369687272881228,0.09544860039022232,0.9359469550759636,0.10493875451541984,0.08382262620619456,0.25378968488442605,0.3001852680532564,0.08057151024523193,0.4945158600097769,0.08705773244610829,Android Developer
0.5083392326017874,0.9189345006221017,0.36673160421997775,0.274084750486507,0.24212816628602973,0.7883102863798098,0.4704401485240749,0.7268006167394059,0.4533805942827541,0.523389323747074,0.5423775229764648,0.6978451387621416,0.4537938084366046,0.7593086875523236,0.3178011080552562,0.27400133943214,0.20170626559756694,0.019767827348053532,0.062440143611098876,0.1146963084579474,0.0,0.10475439083739166,0.1766452661374695,0.9357846192296627,0.08158739070586639,0.10118533204191754,0.320975123546685,0.18207902210758883,0.09989756561373364,0.57464975090507,0.05487833542117067,Android Developer
0.49620610222699035,0.8160680007195749,0.34581127893991753,0.23105069612363116,0.2106947211042106,0.7844521986187005,0.41529046189794366,0.759767095654043,0.44327412546422745,0.5788626895434651,0.5288615376706193,0.6956914557504317,0.4706771161373918,0.6928143449027244,0.3002993912033946,0.39448814681987976,0.19111261134058935,0.03264667364110016,0.039856128838614543,0.13964680902008522,0.06919131924851933,0.066609860361828,0.05604639826069591,0.9017657583082332,0.08325955703262165,0.0995852206790727,0.30771140859688395,0.3226083125667794,0.15937491778327761,0.4923377134180006,0.054620814328173305,Android Developer
0.5180486969166723,0.8203314741590443,0.3827640786873222,0.3165996366755136,0.24516642498042734,0.8078620577624112,0.4185192992030862,0.6818570154279101,0.3867263522338449,0.6133091650632643,0.4908620211576573,0.7857545652513543,0.49627253083041994,1.0,0.42780853328084034,0.376442134882766,0.2501622547358593,0.02755010630949941,0.06792258719109448,0.2130032434506836,0.0246209865844036,0.03265602680150967,0.07542411981959682,1.0,0.05941568255792476,0.18862030329122692,0.30723129744028377,0.3381329400179883,0.13771912041172435,0.5284049836831223,0.1570471542896574,Android Developer
0.4669526492451149,0.858734687295834,0.2944696182238135,0.2846897230167557,0.3156680104921383,0.8261182045442133,0.5472168432965994,0.6898568362365899,0.46846262151992407,0.48610373145086067,0.5146201944526329,0.7667703515160907,0.5825178908830921,0.7554145707826804,0.38093811892947094,0.3880293936116759,0.28721793440312415,0.11189569219544125,0.10225725028835649,0.1006695330225601,0.03864350114878768,0.10847626356900449,0.15779044189809116,0.8932561285802854,0.03868770146807147,0.08330757340133399,0.3231350937981891,0.30580048763987194,0.1220790994198258,0.5458951013507448,0.15836100529979624,Android Developer
0.5102170283015985,0.8644427370121288,0.29278065201235304,0.27952781627332035,0.2725564493439929,0.8406041241052544,0.38532782933857745,0.6787472920725159,0.48612751969933415,0.5015056784907471,0.4906065518173263,0.7250270300790588,0.5505916234696422,0.7537083929612138,0.3026832001814602,0.31840533788414144,0.17467682460863704,0.06002250335777316,0.09376290611417656,0.14032458007167162,0.09928830080548653,0.0864807463334937,0.13716331880280697,0.90628810618379,0.06624808354441825,0.13988114851586478,0.2516708382917625,0.3251970623782564,0.09759841938569017,0.49726840356495905,0.11443940200774758,Android Developer
0.42823944430676775,0.8091523281006937,0.3859061674817329,0.2625328079023771,0.2788103344771863,0.730323148111221,0.4952158092276513,0.7207321247605639,0.41805145633698526,0.45637229509297306,0.4179403187322238,0.8132213918570809,0.5058715842559832,1.0,0.24426161901241344,0.33603889295227096,0.2054867970245538,0.15035290051872657,0.13879239889401424,0.1640544440863736,0.07384781852379628,0.15318194572651997,0.06744645991419004,0.9300851754136885,0.09974730257629769,0.11021457787260995,0.3098580626159388,0.2746351455261761,0.14481504201905288,0.574006708537423,0.08842962220233834,Android Developer
0.4372548770119439,0.8638574653048074,0.36701079643338613,0.27601290393765604,0.22685980987183607,0.8014164530340818,0.4162130528370758,0.7494682877080009,0.48727463053780035,0.5539935646289277,0.5237943953601554,0.6937858619560434,0.5322924883630686,0.6869174009327238,0.36132047769819525,0.29838204104038124,0.255628494072506,0.1226560858908723,0.07586016996697238,0.05409830400449463,0.03209912480614782,0.056899878459338506,0.08907582151805053,0.8940333703808084,0.04175553765360024,0.08379806109595006,0.21419492695512618,0.24375437711630085,0.15793184723930698,0.46713009735171046,0.11310794236192002,Android Developer
0.48903924472294824,0.8084619199129747,0.305120854587351,0.26859387683820307,0.2906920975116103,0.8581911580402948,0.4271577733364745,0.76304858289529,0.4747925693970265,0.5591007642771243,0.47970639354628564,0.6756732814976141,0.4501796560848244,0.7622519733428784,0.33731298851551944,0.3236083266855403,0.22294701016100005,0.08720662067991548,0.07349256360152545,0.14987490367299722,0.03725809099872551,0.07903400154405853,0.07840820282596019,0.9108332542263682,0.05643782041315938,0.059804770712605856,0.24657105082978167,0.20125490025939266,0.10786972676056591,0.5787237037565756,0.04452437803381392,Android Developer
0.4727561176728021,0.8579474093579322,0.40797026552385013,0.3082144417883678,0.18592443192351107,0.8047921539464135,0.3783176828587597,0.7295372924109786,0.5145465811785749,0.45557749821455334,0.5091953316348461,0.8400051723281463,0.49282025766454157,1.0,0.3588435354155083,0.3905980809429616,0.2521011758597727,0.054316083350707325,0.07369784665177755,0.1531473288464044,0.032581551364137804,0.09348564306728772,0.033003113969509446,1.0,0.04651351562427149,0.12608918565689475,0.24574173156764412,0.27974507663771336,0.2232297727698228,0.6197272630914442,0.07897137848073393,Android Developer
0.5468038541730296,0.8319036255901847,0.34120137653137905,0.20080807826096797,0.2633807875803914,0.7668717277527042,0.4168231202528841,0.7750810375262939,0.4544017270651799,0.46423562463390033,0.4710406792454542,0.6272781226640666,0.4878550540270212,0.7851908501601113,0.3473335483062169,0.31387455136696557,0.22235310792778662,0.09654049781343027,0.08281262781775969,0.09758912578113182,0.0573117859785056,0.11122195991168998,0.0972492449393448,0.8677403412944925,0.07208610238269668,0.08456869881356074,0.3342903178545109,0.3329870694247172,0.12436402467431866,0.6107929324853764,0.146625478579309,Android Developer
0.4636747227056671,0.9013441448935515,0.3163389863682557,0.24419381040526938,0.3522456137754153,0.8356969269859396,0.5164751030052189,0.7342351581054286,0.43055413729243197,0.5189714456843241,0.4655219803778892,0.6082923091319377,0.4802102555430869,0.7167474144142764,0.3528175012712772,0.3409671714483886,0.25638206430899874,0.05418677627292476,0.06792836835097768,0.15891573662558714,0.018888781273579063,0.12877260317260744,0.03236143470958595,0.9425081195992233,0.007545369380627942,0.11546786410344428,0.23950883154991462,0.24221744257851333,0.13028891794068043,0.517986544891386,0.15834782722189816,Android Developer
0.5190901168922124,0.8640249477052728,0.3446507448864646,0.17549218281618223,0.3237371714580503,0.7175367437556962,0.4584658111809293,0.7174042378598616,0.44742417971207504,0.4581277062554555,0.5473859662020529,0.7784008107005935,0.47768986373195865,1.0,0.30177473870219573,0.3076309882388695,0.23523420199698292,0.1475858209469982,0.052519118100205,0.10168672967183315,0.04831792691427876,0.13342991840726776,0.09397043832367581,1.0,0.06669911054723397,0.10905123372415186,0.3596527976918487,0.2763490453394833,0.08611617625242793,0.5333213577850905,0.08840476059260326,Android Developer
0.525946388554613,0.7509277759509173,0.30041988730234415,0.21300094127489683,0.2668899895469257,0.8231496817231807,0.42693226395585315,0.6957775048869407,0.41582932446496157,0.436982075692784,0.4730519872337609,0.6902058688819206,0.4923256189154488,0.7186454790338064,0.2899070483998945,0.3799142997482506,0.2629574262014223,0.12020723908776626,0.11444453773475506,0.12549251703445607,0.06422542155817582,0.10547920574329578,0.08088332331092037,0.966609480228136,0.129946426298008,0.1990597539189919,0.3037333144185318,0.25894557496842646,0.09684506334588136,0.5306157380269043,0.13397921293970674,Android Developer
0.5151532985879863,0.8096800884090843,0.3330611336744221,0.24662586294436178,0.26746451708957814,0.8087897721787993,0.45695061103363344,0.7003236375841011,0.44403209738483823,0.5187701916394409,0.5015175439403191,0.6503791423398916,0.45028503535676,0.7622828427424382,0.35017316524634373,0.3193197711601695,0.2658074026950024,0.08845914756239809,0.046943325786939216,0.12562581677685317,0.034667621190355075,0.10656280306240644,0.08720872064406358,0.8896926398915437,0.08434384323086826,0.10539563201740962,0.33412748881117765,0.27291233874193166,0.11885802010521734,0.5527689624590012,0.10137945072789747,Android Developer
0.5564924053237483,0.9265453943545207,0.30056379408777967,0.3098609404158258,0.24985842047162926,0.8044577120246085,0.4704520994124385,0.7733797615937043,0.44578871342731985,0.48221370961165405,0.5121725095306972,0.7895000286020708,0.445307569812951,1.0,0.2900053094318739,0.3097442004003813,0.30281563442351633,0.07937072631050798,0.09633196278816228,0.07465770327495314,0.03905938836731275,0.10134779042453772,0.03891355519734969,1.0,0.08509080324843421,0.11600954575047978,0.3545187847426413,0.20826470720268705,0.10726747409084347,0.5314688002445619,0.035792397810698526,Android Developer
0.4645636453290183,0.8868635944349691,0.2663732302069052,0.21966094782410645,0.28334654825180033,0.8605196329513805,0.4675227033204212,0.698584525042631,0.3983755636215585,0.4768414234126769,0.4539307367763025,0.7122782370900681,0.4665089966010946,0.7938859911556516,0.3494489593342769,0.3003090262835377,0.19553058496957643,0.1669228057021656,0.03318208177826664,0.11348678838220427,0.04664230852304104,0.012873530165054825,0.020092391873748797,0.9392842614329076,0.07431187527932118,0.04922357264872691,0.31933819499375155,0.2434542876214703,0.040417988622039075,0.560868958612136,0.11481517041916868,Android Developer
0.4257635681540918,0.782256780823834,0.336116720994035,0.21515801585025895,0.21175550745232208,0.7408160768908154,0.3867030567020033,0.7608077393198139,0.4075569663263936,0.49816842676215034,0.5367818685157005,0.6578858389873097,0.5434089516028909,0.6688056615681333,0.2775201808434627,0.29313410227791675,0.29093006497947443,0.07980844522362238,0.0325385421216169,0.14681464296813457,0.09937270184257246,0.15602414860364383,0.1070023844066492,0.9397499200573843,0.009545859167627235,0.14622752178249265,0.30027779119096376,0.26675197696094877,0.09747735893730206,0.49589585194547314,0.09100730941932829,Android Developer
0.5351642202861334,0.8272498865686895,0.22834028285233748,0.25902377763577106,0.229199994762403,0.8264259522628365,0.4819769108883119,0.7188946876691118,0.4066741548142207,0.4590040981056682,0.5312448721403377,0.8805164078871943,0.47822923913173476,0.8880579097074268,0.2305842027676243,0.31780035187424144,0.16264911238140603,0.06809638682053307,0.09889768599028201,0.1049916056032138,0.05883302372065968,0.12447889076714483,0.05884275999287562,1.0,0.05892480087326157,0.0998569101805179,0.26120849658512874,0.23375985332983534,0.14000693952852117,0.49646257336116756,0.11572645711579514,Android Developer
0.5449841322923593,0.8150002453559028,0.34949868699036196,0.17313609260126045,0.2308163935019626,0.7778580714525553,0.4329384420799802,0.8172148012995377,0.42364601687022024,0.48916234246160223,0.4683675698394786,0.7816921048090995,0.5396249827911518,0.7594901009627733,0.26719877337170295,0.30675834104670724,0.3016826760052226,0.13837308713458918,0.004519496119961761,0.05882783887455681,0.056203513978231465,0.10128005259437518,0.10846985065841616,0.9437889618721702,0.101129938868084,0.1934966746004868,0.25525707214886323,0.23151525710117393,0.13582074943074157,0.5524786007676412,0.12114181308225141,Android Developer
0.4735695613742378,0.8523735155103941,0.39623985251029764,0.1966645542838206,0.2511137321512094,0.8271136867445599,0.4809048287656549,0.7265184578954936,0.45424372920360573,0.5581619168594547,0.5675674219993299,0.6394401616491358,0.4541540741812465,0.7420455661614853,0.3348736571973701,0.3120539259372005,0.2765714225975718,0.1213899934917232,0.05473665393559112,0.12116833267620736,0.0,0.09691206849605356,0.03564301578317107,0.8945989870884656,0.04008184137532192,0.15743339116480318,0.3402950901367148,0.24019385116235342,0.17020327122957807,0.537576339637437,0.049652549911232816,Android Developer
0.5333293400132885,0.8592180011036996,0.2897338860488943,0.27566740667282696,0.27782749224127407,0.7881355421461983,0.4270532280846473,0.7185511064893186,0.4031638160755307,0.5233720246460831,0.5062873238606854,0.829333048156094,0.5285384750877874,0.9562564905873348,0.2849500419814555,0.31535009668688463,0.2864231971491589,0.029478649310919647,0.123314271218806,0.1025956428604577,0.07667689920226678,0.08554437674703123,0.10025660931090574,1.0,0.09542992985326922,0.14794510524047708,0.30931466159496435,0.24422707084911346,0.1033978936681566,0.46990205935917206,0.07346153922910455,Android Developer
0.5140868218668352,0.8469001940644674,0.39624597140698875,0.3071429828155015,0.30865683399143795,0.7942960909326449,0.5251241662610785,0.7124180454007107,0.4771629646873694,0.48964931544143186,0.5309342221018264,0.6758183934777431,0.49276128447589707,0.7170352657989612,0.33343027969667893,0.28980829409651726,0.2762752815396229,0.056924144873533006,0.10539602639989352,0.10585917757631762,0.022068913165778935,0.08731901995788806,0.08224356523574915,1.0,0.10473410381385678,0.16669481763450036,0.2543249136337761,0.3374984517302387,0.07849407387766753,0.5951239649279937,0.05357218507868796,Android Developer
0.509727493296694,0.8796812513026618,0.3548773188950724,0.251648581267911,0.24710855544703422,0.7957341113750388,0.4145124390210132,0.7140368248421913,0.5191562221106978,0.5084728096489103,0.542353123678228,0.6155340600730287,0.4502151107231972,0.7736764305422542,0.32768207471054966,0.3510732157283623,0.16219250536909713,0.04616255335397049,0.10046425584812349,0.05555904145722848,0.10417953084394826,0.1408761915756276,0.01695011035672892,0.8860545022508609,0.021793472839824246,0.15279807882087515,0.2804357485624018,0.34536728168037434,0.14745184803885447,0.4841893749584757,0.033036018850222656,Android Developer
0.45183322595806175,0.812268549430255,0.30205374275893354,0.2575522508987188,0.25562350375291853,0.7416843960232833,0.42148489249288545,0.7577061155936606,0.42625495282934744,0.4458682855667039,0.5600209365943372,0.8360538836929707,0.45963124847953774,1.0,0.31350724458127704,0.3043065283283599,0.2854024665374926,0.0,0.03071602320547516,0.12348764637541151,0.07476068537974967,0.08564451769337089,0.1159383654572678,1.0,0.13943056145245525,0.06090254209217469,0.2889496469094939,0.24335596110606833,0.11729327000394991,0.5429841141986624,0.11826584418858602,Android Developer
0.49813982879916713,0.8280149931916032,0.33693156157295345,0.2504865904130592,0.3309702124185718,0.7784849406457016,0.5079665892942464,0.7380318852496426,0.4607247227917486,0.5189851670538741,0.4990449235531103,0.721015435157167,0.47825579331425777,0.7582334915532318,0.3027190768944612,0.38831876538047594,0.29583329970556976,0.07406138632923688,0.0,0.11840704850445452,0.0,0.11900987110915164,0.07280031648440452,0.9203848589037179,0.03931803358203054,0.14786532750472037,0.2528880722882193,0.2122668946262779,0.15028092127024056,0.4482498774219459,0.06294712756524384,Android Developer
0.48638464632384937,0.856650330282246,0.30985727473478397,0.21844723481090883,0.21608749159736085,0.7568094040054815,0.44024640412898886,0.666026143293047,0.42038982686915166,0.49398194527628153,0.5519360049969718,0.6509947088261847,0.5045485101246863,0.7435260820894041,0.43285624958444147,0.35698376420702904,0.20849909069400313,0.019321433359644258,0.10507633207543945,0.03558523133440586,0.13052832926048702,0.11429605275771164,0.09618504151345353,0.9473815337270562,0.09370996055492158,0.1295547180095759,0.27152238957834945,0.269326530636765,0.09831132072042781,0.5273820871933247,0.028210986072995548,Android Developer
0.49072605089544363,0.897454247330758,0.27585378964039164,0.222678841594053,0.2219144996770877,0.8118926114807672,0.3911444466404457,0.7032465175081906,0.39744976067398946,0.470980175623339,0.48333400205616867,0.869107297767029,0.45094164753333815,0.9859301490806254,0.3536657650566876,0.3673738994197837,0.2716567611815663,0.05861512749873237,0.013473964885125568,0.07761752532560197,0.07764316956746614,0.11007209750061794,0.0471990891106011,1.0,0.07620946484127399,0.1484045195877404,0.33268350343744524,0.27446082438478286,0.08176737894146921,0.4961344929486281,0.07599421341976842,Android Developer
0.4847217107684361,0.835486652591666,0.3749937352503292,0.3355792287117491,0.28071034972944764,0.7569419993262607,0.4374975450691385,0.6625554696781881,0.4276277556791338,0.45925017834018295,0.4854549764977669,0.7112184780925142,0.47492697702493064,0.7318853649063309,0.3503113473379879,0.2673258380090052,0.23459613027836876,0.04072674689416856,0.052723874754451075,0.14016825697780613,0.06278439599755747,0.06082348890504287,0.11722221683922351,0.9407460933424402,0.0,0.09738677845518567,0.3471339234687405,0.3050417071451303,0.11251165044473273,0.5117378631694435,0.0816769680482526,Android Developer
0.47677094707622947,0.8619636761776105,0.3625599995531238,0.31912636008350914,0.28825354083260346,0.839395388288243,0.4377939105452533,0.7318175854977309,0.45613593817369297,0.4431554022145699,0.536476683152286,0.6890621834560087,0.4420647652235532,0.7117646873327815,0.2626303669269594,0.31178097259010834,0.24162965932107172,0.008749981717396799,0.01702978648614671,0.1307574573945848,0.04402460736470806,0.1180437843042767,0.05269535731415393,0.9310408099070925,0.020600024944241062,0.1890658828062357,0.31608405189549377,0.27537238873611003,0.09249230990132154,0.5536621457672055,0.1070086308541183,Android Developer
0.5648870870439626,0.8042978958593507,0.3605941447170365,0.27787371985217224,0.2255686452319016,0.7530120167965366,0.47694406155750135,0.7860639089001638,0.43952338636656924,0.4796762403997129,0.45407791158297717,0.887932357704416,0.4885882128568353,1.0,0.31222570805336247,0.3430514357206852,0.25563790820922533,0.04948062440246338,0.07144660841281869,0.1121681289075401,0.07109208917389062,0.1184735837579433,0.06637617497272133,0.9389738890408469,0.023029536297669566,0.1851265383753505,0.3017020452980506,0.3106206900034993,0.1677446076502968,0.5128021113426317,0.05664799692096715,Android Developer
0.5985176532956449,0.8668767795062237,0.3507625050335213,0.25512098411972667,0.3047960960820714,0.8320469318482939,0.43194208547720847,0.7343262744296547,0.3840151842372993,0.5642250837010017,0.5254856861326928,0.686769160300233,0.47754895014157367,0.7072752022499948,0.35553324192869296,0.319700983174467,0.24032556899012122,0.07233078651931914,0.09600052648136873,0.13130720386884595,0.04214923230436986,0.0896435496793309,0.07407131845646585,0.9342025194589016,0.08404021603990451,0.14702246650102488,0.22821717006398262,0.2760014963751537,0.16344484588849112,0.5216214229320586,0.08415407669442218,Android Developer
0.4494841848196126,0.889100013574505,0.3170747078395091,0.19622846821599496,0.2063599947546105,0.7895673173684004,0.4378206721702706,0.7891330664450358,0.4917366962557797,0.4712078844266167,0.49978105649818144,0.7272955864858174,0.4326067593011996,0.7145123480009575,0.3571894055620813,0.3564713447727567,0.20389206644907815,0.10786259098815812,0.006281814236002534,0.16200116858681432,0.09408380569288675,0.11889639201559857,0.11469786299070464,0.926292722803425,0.05323250542757631,0.16264484470797128,0.3622909045433767,0.24475630521375985,0.14948281985272227,0.45397121082532677,0.11682028934224188,Android Developer
0.4540048086262517,0.8877997473448836,0.39606029070794213,0.28642818668337866,0.29616052196777415,0.7926648103586216,0.4562549334044247,0.7644930150242045,0.4246232505430598,0.5192545492533966,0.502865325665941,0.851874019551865,0.4750539433384843,1.0,0.31859033007635146,0.3513165614966384,0.2142650462161263,0.04877140836168674,0.04768569901755838,0.13450346729039006,0.07637086198186951,0.11928261480817935,0.1083773492730962,0.9324285975061637,0.08637030131058673,0.06602033514092279,0.28024502071201435,0.27575315508458803,0.15610821301212235,0.537575471753046,0.14375768987634047,Android Developer
0.5221357719853527,0.8993705805158383,0.3357662709485076,0.22356344143782544,0.24330009783569834,0.86149678807039,0.3670896545198764,0.687074483561595,0.41703932891207474,0.5088903086560231,0.4787237057292863,0.7102758974248568,0.42590551612705263,0.6977089426594075,0.2628128485009275,0.31440149435898845,0.22035298638989823,0.06391245515282504,0.11090524229715315,0.11977075123100395,0.009372318435913143,0.17710966706232925,0.06758845121935127,0.9543001680148646,0.07674035530181735,0.16494919221845844,0.3072007001731892,0.2929982248250485,0.15540030715014666,0.5455816747219131,0.09056602453755272,Android Developer
0.5038911109338717,0.8616311864623687,0.3544468483609559,0.24455071466127337,0.2553841899194398,0.7978583930048629,0.44632807451643774,0.7067990379219085,0.4561517299236443,0.5065125249528195,0.4947575821345255,0.675317287856242,0.41364451342339786,0.7327264252203046,0.29552540582306314,0.4182715550563767,0.23666009926885073,0.02496658071052544,0.027470155771759104,0.0836540501088155,0.1116347660784397,0.11755274368592164,0.12013018895945984,0.8608341114681055,0.09721566659406917,0.15910278222249932,0.2399926013942978,0.3748032057748068,0.10475129756014878,0.5092832485296538,0.17501238413561604,Android Developer
0.5424377006146293,0.7941759807473339,0.33448864304077314,0.25901253255948986,0.3300516387877577,0.8029808650042868,0.4437708647429135,0.7352809009461295,0.45588551447411235,0.43638953154555454,0.48706387145279634,0.7931995878990834,0.48655400093524137,0.9780821569113471,0.3659304800682932,0.313358932810162,0.1894023263109952,0.07332885988624184,0.0898150294404238,0.05906852976137847,0.04048083804253381,0.22237733780316676,0.035416391810160895,1.0,0.10818313336952586,0.12226029923935498,0.28345937593532766,0.28669146662539463,0.06453341769875509,0.46859584958431644,0.0998089761885207,Android Developer
0.5268915226166071,0.8510581434583211,0.38866364255680863,0.26456948533665003,0.3362085160936878,0.7831362476379574,0.4718534843367492,0.7256966577816272,0.4440000871040024,0.5107636303550167,0.5251794389703458,0.642087937134882,0.4832614563898727,0.6738958465077606,0.33334690731449845,0.3035135966362175,0.25402117741183844,0.09559212716437684,0.12624652866160468,0.095884773990828,0.0,0.13799013859503675,0.014355897613154214,0.8596104275091888,0.021237226120269924,0.04135640073862619,0.29281373894555784,0.356510091619791,0.11727891520817264,0.5511717142350812,0.11647173997484599,Android Developer
0.5159921173272235,0.943667726426089,0.38015183958781207,0.2552589954886433,0.32206785598083854,0.792238960914822,0.4076408592746059,0.7824004237805919,0.47048441429140536,0.49675583425510944,0.5216845133793138,0.7288529592340375,0.4553570498059774,0.6936900466713029,0.2970824593360751,0.3141993543325456,0.2581325529516622,0.05147494182298456,0.047639618298615294,0.09308639546053551,0.05428822602017919,0.07053126204015266,0.1223490856172971,0.9155239273520547,0.04108256927915683,0.164818695152947,0.31773712245642444,0.28403661320660023,0.09692850061192027,0.5585230313811532,0.061832901327430155,Android Developer
0.45806952049508015,0.8498021583946612,0.26926131633664585,0.2144704695977604,0.27190195584976096,0.8008175276358214,0.4512910731243691,0.7380477064222453,0.48284410727437455,0.5351338822298202,0.5520744773023833,0.7616605445297479,0.4785062586873919,1.0,0.3134646743591906,0.308494612107995,0.2710738864690933,0.09730849449268045,0.09101918908249543,0.10082482948997765,0.0,0.09174790007253997,0.06383510752842692,1.0,0.1302629027979702,0.11796585258983984,0.2961450717903562,0.25935023226674947,0.0796049603149625,0.5578351080813537,0.07056196989005195,Android Developer
0.5549863301358922,0.8690115486562947,0.3933598135443719,0.2681587792807447,0.28211678132577045,0.8284883184378127,0.4207558418783732,0.7615627534616872,0.3985633816942579,0.49425384174044934,0.4832099161509005,0.6549498910538224,0.5176774700121167,0.694588545183715,0.36631931526120154,0.32182010093129676,0.2780138118257023,0.0659859189134697,0.15263295373758923,0.09586807893582826,0.0693028522903564,0.1196381807086618,0.03448915743291112,0.9246921619807701,0.0,0.15793756210485707,0.24217147703387337,0.33408531015158965,0.1251012752385278,0.552901364900491,0.07968221459941341,Android Developer
0.5030651640797661,0.8590831807758664,0.35121080823613327,0.2697874646728933,0.25955483576063965,0.8748435270505999,0.4613312479496841,0.7187254288855025,0.42835495328099904,0.5029623491355035,0.4886756168923407,0.6642357208496957,0.5186898906122341,0.6996179165828498,0.3411933071447869,0.3392106091201932,0.21432523270315768,0.030158013822660902,0.0867829824497696,0.11633432318423745,0.06005387229588867,0.11716968295519423,0.10581239971938021,0.934949790516853,0.09836531458363332,0.13421632802260336,0.30215233441215317,0.24491821610170864,0.10770644978373582,0.4751807625796234,0.09064982031553542,Android Developer
0.5448564025682389,0.8139632124080038,0.3611006079218947,0.20958596637901275,0.2252396988236883,0.7851569784974405,0.45299973970763796,0.7740666432300294,0.4839408226667046,0.48887227895173013,0.5352217606303947,0.8529571705578378,0.4257092118972953,1.0,0.3200847564097041,0.33284559679173875,0.26297482779231424,0.05834630238647242,0.03410696414876061,0.18050421642770356,0.0,0.1172526101094499,0.1349526837831889,1.0,0.03623159790186115,0.17011192161044397,0.31895754406321297,0.23043557902543457,0.1730839483779858,0.5066228098427039,0.1274855222610509,Android Developer
0.49404289009713415,0.838859312286658,0.3716415162353102,0.23482876737062244,0.263702873012396,0.7969007489794991,0.4073843434401587,0.6924560781699757,0.397033037365204,0.46816122691029805,0.48254862777447893,0.6826732371254827,0.4534845026942667,0.7651376066138948,0.30905854337868305,0.3538938627090264,0.22970224335804545,0.10093935540275162,0.14817160560376033,0.16087189003853392,0.03842542838549162,0.03351296299805667,0.1014641401344773,0.9229639495775187,0.07143824159392283,0.12400272203115868,0.2855046295750411,0.23056457382244372,0.16922677136863246,0.5406871977153948,0.07496779489617487,Android Developer
0.46042958984624166,0.8855407183116619,0.329439033248131,0.3122029105545857,0.22052088838702325,0.8250910238601701,0.49033264228510076,0.6967369007883271,0.35407323746158276,0.5121841160837197,0.44587099889061993,0.6427240984642103,0.44721654585115894,0.7071064005406564,0.3706555992414095,0.31270889372227995,0.2893501592795993,0.13611011723021357,0.011525867239985499,0.12212922473148267,0.0,0.04199715493742709,0.10938194001042399,0.9708395713688799,0.06613254839643463,0.17198156014332555,0.2993733288515229,0.27966392626983444,0.10366608232345612,0.5598620661824145,0.06325880710118165,Android Developer
0.4554904504918154,0.8305272344049257,0.3475596264735255,0.2507445428249565,0.3261234599594252,0.771598350684513,0.5032192570497397,0.7458597071473146,0.48557477030136514,0.41591043158834917,0.4405356421942256,0.8247788319903739,0.47420005703334495,0.9980588984276552,0.34429454521959746,0.3947311776771336,0.23353690278112768,0.05604611656592342,0.07064459683678882,0.21426306624378028,0.04599007381630674,0.009829806696250304,0.08209128137474105,0.9005005056421096,0.0851048748348126,0.09161258710557274,0.3034630962401915,0.2778851765840786,0.13901010354078402,0.5830681696901069,0.1516848057580058,Android Developer
0.4903498615020913,0.9063206886699872,0.3049364051117834,0.21650497098401922,0.2779293563347572,0.8067052182747603,0.4463804271164607,0.7517805866583319,0.43660325259334803,0.5771185855680531,0.5771615973023324,0.7100927002612599,0.43833239966470033,0.7617160627836389,0.34045308938828994,0.33459200985237963,0.19340261960849905,0.017812596521108295,0.08159857515938318,0.11356272744606258,0.08716578262275937,0.028138964631939656,0.09673219958323326,0.8323973874702693,0.048478225775511266,0.14925197525972916,0.2936087951900521,0.2568877906247027,0.16998292452574312,0.45834608640590024,0.08648777825600851,Android Developer
0.5424794385089516,0.8650951004208657,0.35824838554925076,0.28698623816820473,0.2861505580337858,0.7755860287341774,0.3964664599823444,0.7275932323851607,0.5049060383645607,0.5511216718664109,0.48850399567822045,0.6932737365824481,0.5027299029162513,0.7518569900577043,0.24252147859269618,0.2991266075697943,0.17382132374678677,0.14165078845736756,0.0940083347031401,0.04176992814657028,0.07119642056145042,0.031230166441559584,0.08045248091032195,0.9311654693925295,0.11562139754570763,0.17272637645659977,0.32314131083863135,0.2455339268269109,0.15982933113809022,0.505741324766096,0.11603073208826667,Android Developer
0.5540271729490046,0.8757644261777503,0.3345612378299285,0.19035276587515865,0.2848192937668912,0.8205471974937706,0.4579475932933516,0.7673465110720588,0.43345125293345754,0.534771667246965,0.4683537458433707,0.8260575647704033,0.41406074931287973,0.9950114118479357,0.40724050373651377,0.3869804609951523,0.3117160381986404,0.04855579161963686,0.1384881261820605,0.1218587045615459,0.062378741784043984,0.08222673984738331,0.04263801452448851,1.0,0.048416768397553274,0.1051371305098272,0.308749930150771,0.2909778792001899,0.1544873702936003,0.5210481631517347,0.17890079216246701,Android Developer
0.5341117184656151,0.7627304204429279,0.38196354197702065,0.2830804740652551,0.23590654214881931,0.8170312347384676,0.43567686559216967,0.7525471160522903,0.39518788462638377,0.522027677753382,0.45814048567034044,0.5896917922890145,0.491653010482149,0.7604201097994504,0.4017911198581906,0.3058618205880353,0.21841080477334437,0.15046850925094812,0.07739504813780074,0.03994068274548296,0.0,0.14832169934621653,0.08947819516382013,0.9290313633562625,0.02057153461416062,0.20382302983102946,0.3409073223371887,0.29321972492435666,0.07964181754008415,0.5365756487617992,0.08996832372370542,Android Developer
0.4965482436447451,0.8525405646018148,0.3127151061111156,0.16848227707828797,0.2981802014451561,0.7788526927044545,0.3786864524689982,0.7088030621575299,0.43440632046900024,0.5088754338214138,0.5325301944796039,0.7761030715848632,0.4966686716852963,0.7177780224003019,0.38052203683646535,0.38512082352681143,0.29810069915445003,0.0,0.10564885955935426,0.12053398011019371,0.051829354988103975,0.0586889703171234,0.06748305450430511,0.8982869858999036,0.050035098289050554,0.1313864606673465,0.3382874950698814,0.25348176369270026,0.18404482323239146,0.605445238872848,0.03355966487007961,Android Developer
0.41183237016181673,0.8730685365641794,0.3738019037021667,0.2604134701946489,0.26964725680766566,0.8289447831647038,0.48430598464957164,0.7114867942221718,0.3977381049952896,0.473956311590723,0.4966165990850428,0.8540969579775297,0.3925901919950099,0.9882642629706925,0.3525352248117245,0.34262379608892135,0.25323389774581206,0.08677874386974106,0.00312875031478152,0.1499555509664394,0.12878107751233775,0.0843669545411441,0.006616704098688697,1.0,0.040470908786956875,0.07270618222802813,0.2814234390696481,0.3260188806364487,0.14512908115098114,0.4502068077891007,0.07747851769006203,Android Developer
0.5244191565506954,0.8424667260163733,0.3486158553514987,0.22978203050492643,0.28333037331732797,0.7807158274043127,0.4180328026043029,0.6789824722307899,0.3897230135568281,0.5172276400445679,0.49614266771252086,0.6665169510528004,0.5100960565194279,0.651052786009009,0.3400206172517478,0.2869917016013976,0.23692280180144623,0.08890687029688622,0.0,0.13580129217660028,0.0,0.0335269774405301,0.10970152404224946,0.9500238954213935,0.05904925174265663,0.14638197571343695,0.29125420890046927,0.31256964647791013,0.12251077390161377,0.5638585448997209,0.06020298887559574,Android Developer
0.512458509011961,0.7982914004420961,0.3599023559955665,0.3269845283909291,0.3406437959083064,0.75697258587435,0.4515321828638866,0.7738655997607564,0.47255569130763997,0.5290950468377116,0.5859845544781377,0.669878861939054,0.5313381181226564,0.8004112308486222,0.297801714749884,0.26827149918200494,0.18381240086798578,0.13699352262813086,0.13880850302908476,0.14932474045559874,0.10418103147835085,0.08228194241851279,0.007651347501527975,0.9761229091679758,0.06064951109081491,0.1027114054795735,0.24379591072010415,0.2732103249517897,0.05890905765207076,0.5178824230305337,0.0631983111989414,Android Developer
0.5213142988242591,0.8708574841096415,0.33041064399128744,0.2795293036737926,0.263012450669883,0.8347998574935063,0.40930429536001545,0.798975160654389,0.4330221580111895,0.4683487769772706,0.4917057245998212,0.8546566682645329,0.5365041988017095,0.9685725275722433,0.334130317296637,0.3557602260147597,0.2239236906069333,0.1297917690508754,0.08257104687516975,0.1276345330139757,0.07208568786423085,0.14712160887207598,0.0,1.0,0.048654290118815335,0.21923992655739089,0.3162651745198719,0.30556586384114837,0.10678007497717053,0.554774376916533,0.07955862054577753,Android Developer
0.5877709717312475,0.8558380427176815,0.3564821303307115,0.2622712875155905,0.2870657111968968,0.8014178639424113,0.48171437051978033,0.7238509210330396,0.4387608957508736,0.4901589278149312,0.4504961501898205,0.6091945749452078,0.40853827458159186,0.7573171449666922,0.3717902171076957,0.2570755478389623,0.3140454877056782,0.0487373034262771,0.03457619423198595,0.14257289651219482,0.034672929585107065,0.09085070777095985,0.06409142092347932,0.979688026747409,0.0724059883334722,0.13021983973630413,0.3272128784040671,0.22602754082899024,0.13601961937475301,0.48952859399999704,0.1302733472526385,Android Developer
0.4627603252174962,0.8467873537329934,0.34505020443402784,0.19648827369011218,0.2568450984075447,0.7925116618781058,0.48989642466167954,0.7958529830582022,0.454032071956125,0.46662716814613425,0.47215414771015585,0.659363351151756,0.49110858929351964,0.7360328601994255,0.3562742470771058,0.2905306614255223,0.20325308571290449,0.0,0.07203969987968598,0.12675929492078192,0.09389709383648434,0.07146824553071945,0.01252454809145219,0.9563303786275271,0.10367058442915085,0.11172470716831734,0.29744371251046914,0.2578403718148446,0.1679448986681788,0.5719340139626721,0.0477766428430506,Android Developer
0.5122067194812364,0.8999202800714343,0.2831719065884586,0.24219079398679116,0.3485112907198673,0.8299317635604613,0.4507450069779687,0.7570928543625408,0.46929246669326424,0.5877180437183297,0.513676785766131,0.8088755095502073,0.5009892929938903,1.0,0.32568523267088356,0.34203586911913775,0.25395717940177026,0.040634934393643095,0.09142341632917969,0.09446723132341557,0.026993906298579663,0.01910977149441799,0.08479378455817393,1.0,0.012684919864542815,0.05149687898329247,0.2812209462237999,0.2433237578415749,0.08919613007950014,0.48785311925368374,0.08520229117449445,Android Developer
0.5971759664357748,0.9156033862169449,0.30258607408191707,0.22470584116693446,0.16760407744455658,0.7711380404612229,0.5049965603272168,0.6703844342401007,0.43253001457250173,0.4540301594222979,0.5123535781669967,0.6634258346980362,0.438179654765179,0.8179686083780416,0.3118637548768656,0.38774359494521377,0.3026260521881522,0.12285067221898902,0.04612742007833527,0.07567789709192049,0.07449995736222374,0.09664972825522289,0.10876880475667208,0.9452581201405209,0.06464600524958997,0.12632023876603235,0.28578614036316613,0.23793066633491047,0.07842996725987901,0.5333864426313918,0.11352295861422054,Android Developer
0.5402059585482146,0.8652202107114143,0.27064687420421485,0.25676763561914534,0.23672134200234343,0.8255652704398515,0.45278736714764817,0.7057229731101738,0.502613240970508,0.48120411681049335,0.5387406249895758,0.7438597216854904,0.41021910698673225,0.6836517997897317,0.2985792600646527,0.34584071962108887,0.24898949328680955,0.053263274348478204,0.03265761905166423,0.13093232544420275,0.03443982794660118,0.07480614236612763,0.11489138019628686,0.9391949635857992,0.03991292680214263,0.207860449615542,0.19162063249882444,0.2867461692061763,0.11865001394168427,0.5210284796440914,0.0,Android Developer
0.4855762094259538,0.8233221526220303,0.33236160489259886,0.19569902865414707,0.27367616729306865,0.7965657980785951,0.5014891478131752,0.7604504078409889,0.49146198575136335,0.5500498011568372,0.42987512993303834,0.7537984792643112,0.4366875956322667,1.0,0.3162325832557814,0.32062906801528407,0.20230372189661555,0.04404424462432248,0.02894199526678324,0.1295371190096941,0.037590882344096445,0.11014846825363266,0.034997206756300456,1.0,0.05160531741930753,0.10456928609205889,0.34528887545126896,0.2841354428243915,0.12894722347587512,0.486363956928735,0.06247257991772022,Android Developer
0.5814259650168425,0.8556273644270561,0.36713125039795064,0.18065914826035784,0.23243681300268534,0.8015052116054923,0.46297247441285416,0.771845785624147,0.4223536392687389,0.4411825900458362,0.4342823841142637,0.662856363344154,0.5213919546198612,0.7551003814624383,0.3593971291163103,0.33952754523765066,0.2494611375747846,0.06922752081179354,0.10391780373240544,0.18831688152287482,0.044018410009344186,0.08314800754694296,0.05132210931878105,0.8720852104868418,0.08107667486208282,0.17385805656007197,0.30108930622178837,0.2627821292339747,0.14693567172414027,0.529162294712144,0.13915885422205804,Android Developer
0.49582983647637835,0.8872435768384725,0.3897268365075679,0.257384361518633,0.35838843323865555,0.8608480517184277,0.4426340131760757,0.7371003100529052,0.5124586415233743,0.47147750354545565,0.5117940864434972,0.6395775166044447,0.4499978471565316,0.6934996381222415,0.37163000110322847,0.3364213088611315,0.23460073634041217,0.1451246875539739,0.055151719283929285,0.1476132252778601,0.015529050911546764,0.05992984744563957,0.15436095834626704,0.9271569583988009,0.08325275935345766,0.15066523986943464,0.25215132185146377,0.24355523150789785,0.1380382278306375,0.5870699165144929,0.09816043351431414,Android Developer
0.42173828926136236,0.9097940326710677,0.31954394786962226,0.22082595754688286,0.2848821941798536,0.8060723857909438,0.5169208302351554,0.6892071545129302,0.4565594703645866,0.393436040639962,0.48437140572513954,0.8654479437915108,0.5526951751554448,1.0,0.29165312881052213,0.3890505233101319,0.19204338215778738,0.044951077762660246,0.05342750776310354,0.12162833508604425,0.06415623673706944,0.10541111384141803,0.02016953309289992,0.9203701159443639,0.10008145058309595,0.09207668300676491,0.2464838171344622,0.27471016743529764,0.17761079142419683,0.5653442590099844,0.08763211151658615,Android Developer
0.5579011710440579,0.8161641819593808,0.34391282839591103,0.33571698636814495,0.2743192263815673,0.8350458801815349,0.5462221948538225,0.7643856257870583,0.44539052737237866,0.49195532680078446,0.5122371983378214,0.6781931908644608,0.48203728860371525,0.7528678293425076,0.4416404210545047,0.282315078405339,0.21839073225384248,0.1478446447205393,0.10770370746576183,0.1092684514547908,0.007941343874876418,0.08847026620758976,0.1098757362986538,0.9165298098065435,0.13255445788078454,0.09551183810440866,0.21898032421239882,0.23593430351918043,0.09648575349958115,0.5306121749942506,0.09849948362108987,Android Developer
0.4753940357925682,0.8561899591299982,0.3261603437144536,0.2471637779448167,0.22856337130930932,0.8620623488499031,0.4632840819406619,0.7199270294916,0.5239698781107751,0.5439168787157069,0.4826681682308757,0.6506183493600105,0.42859432117420804,0.651810290874197,0.30506033587903353,0.35642219906517025,0.19158357961766112,0.13143640409565688,0.10962514269957495,0.1686735323783611,0.04504657827227151,0.06953432364553351,0.0662782916733923,0.9266143152020153,0.1006417627570521,0.04706865711134037,0.33151832199316644,0.2056017411682722,0.10323593502662819,0.47250182202185503,0.07041511588415444,Android Developer
0.4985938849526802,0.8584843920635968,0.2582085812938123,0.23662914770651067,0.26819672568633957,0.8601439720059804,0.516012153618353,0.7478527942644385,0.4770182483314436,0.5449846222315076,0.48438972927407203,0.8583065484642608,0.44901982667401585,1.0,0.3380529709602208,0.3283474172769,0.20804479326884986,0.06124080234590805,0.008748812063149716,0.05122425561629437,0.0,0.11911040272599482,0.07337077779195099,1.0,0.05623460031055308,0.13828397699576556,0.24631841010400496,0.2370741803927746,0.1103169757524328,0.5299543420719753,0.09365071470182984,Android Developer
0.4655930214002386,0.9182730577743944,0.3210351417212684,0.23655485115715083,0.26496276762992893,0.7901106083255907,0.375221966665706,0.771172374770344,0.3808689597629955,0.5259393989547579,0.5029813986787434,0.619463887431223,0.45198275245466046,0.6827505131158833,0.4013581951452417,0.2828196069978999,0.25534989910691314,0.11318272008910243,0.05753014636723422,0.19478737191831572,0.06746465960025028,0.13294671399666594,0.11191411655283445,0.9908737712157373,0.10780535045238696,0.1168228782092165,0.32649788912775923,0.28875199196801193,0.1339213767329086,0.4946003458443854,0.05338817565991756,Android Developer
